Date,return_1d,momentum_5d,past_vol_5d,future_vol_5d,high_vol
2010-01-11,0.0017452316285846302,0.012272236912918217,0.04332712266814469,0.14827012802792586,1.0
2010-01-12,-0.00942544643894456,-0.00026404149278606154,0.07659629571408519,0.15240651985777504,1.0
2010-01-13,0.008291456333360418,0.007482042952750944,0.09652416135751767,0.19544978413597247,1.0
2010-01-14,0.002423486421414183,0.005912311019510883,0.0938576550077638,0.2513368993392762,1.0
2010-01-15,-0.010882126301208588,-0.007847398356793918,0.11983457307061988,0.2413763415113557,1.0
2010-01-19,0.012422151207737096,0.002829521222358548,0.14827012802792586,0.22667044450466212,1.0
2010-01-20,-0.010654386601861304,0.0016005810594418041,0.15240651985777504,0.2164550191448023,1.0
2010-01-21,-0.019126657272987804,-0.02581753254690642,0.19544978413597247,0.1885149867546641,1.0
2010-01-22,-0.02238977963010898,-0.05063079859842959,0.2513368993392762,0.12324707628717066,0.0
2010-01-25,0.004587559053796009,-0.03516111324342498,0.2413763415113557,0.15569905280409674,1.0
2010-01-26,-0.004212057847785588,-0.05179532229894767,0.22667044450466212,0.17810522077188257,1.0
2010-01-27,0.004868282868611808,-0.036272652828474555,0.2164550191448023,0.17901307845709832,1.0
2010-01-28,-0.011888125534279259,-0.029034121089766014,0.1885149867546641,0.2745259098275925,1.0
2010-01-29,-0.009877799049982582,-0.016522140509639613,0.12324707628717066,0.2662117597318074,1.0
2010-02-01,0.014165305546369656,-0.006944394017065966,0.15569905280409674,0.2544608883882461,1.0
2010-02-02,0.0128895204452028,0.01015718427592242,0.17810522077188257,0.25463058397722493,1.0
2010-02-03,-0.005489350382538535,-0.00020044897522792336,0.17901307845709832,0.2521305370437301,1.0
2010-02-04,-0.031635856049806906,-0.01994817949075557,0.2745259098275925,0.13343843701280522,0.0
2010-02-05,0.0028929303608266027,-0.0071774500799463865,0.2662117597318074,0.13328433431335973,0.0
2010-02-08,-0.008902803100374192,-0.030245558726690235,0.2544608883882461,0.17266087037143782,1.0
2010-02-09,0.01295584177358637,-0.030179237398306663,0.25463058397722493,0.14917546918239863,1.0
2010-02-10,-0.0022350694280074235,-0.02692495644377555,0.2521305370437301,0.15547516718742682,1.0
2010-02-11,0.009633882335101287,0.01434478194113264,0.13343843701280522,0.14048227982145262,0.0
2010-02-12,-0.0027483661199411307,0.008703485460364906,0.13328433431335973,0.1393189143317818,0.0
2010-02-16,0.017840653536261433,0.03544694209700053,0.17266087037143782,0.10411935829623778,0.0
2010-02-17,0.004229004596710374,0.026720104920124534,0.14917546918239863,0.12106090593601086,0.0
2010-02-18,0.006563157733795463,0.03551833208192742,0.15547516718742682,0.11270973673655998,0.0
2010-02-19,0.0021842348635910053,0.028068684610417144,0.14048227982145262,0.11208227850803179,0.0
2010-02-22,-0.0010464051249203224,0.029770645605437948,0.1393189143317818,0.1328756797845463,0.0
2010-02-23,-0.0121766449451987,-0.0002466528760221836,0.10411935829623778,0.1022555026051101,0.0
2010-02-24,0.009673519697189884,0.005197862224457327,0.12106090593601086,0.07582340177118962,0.0
2010-02-25,-0.0020832085528651543,-0.00344850406220329,0.11270973673655998,0.07893894700707221,0.0
2010-02-26,0.0014043925568579447,-0.004228346368936351,0.11208227850803179,0.12603233423448987,0.0
2010-03-01,0.010107257423603737,0.006925316179587708,0.1328756797845463,0.10361953621156257,0.0
2010-03-02,0.0023277310028862693,0.021429692127672678,0.1022555026051101,0.10301222426847313,0.0
2010-03-03,0.00042910952140039855,0.012185281951883191,0.07582340177118962,0.10783950906702927,0.0
2010-03-04,0.00372915607957138,0.017997646584319724,0.07893894700707221,0.10838994179113201,0.0
2010-03-05,0.013910282801603982,0.03050353682906576,0.12603233423448987,0.04470530270246343,0.0
2010-03-08,-0.00017561143217653642,0.02022066797328549,0.10361953621156257,0.04480302364034829,0.0
2010-03-09,0.0017112720239721047,0.019604208994371326,0.10301222426847313,0.06990062591483491,0.0
2010-03-10,0.00451435490421295,0.023689454377183877,0.10783950906702927,0.07454687408157668,0.0
2010-03-11,0.00403337431350597,0.02399367261111847,0.10838994179113201,0.06886709497638162,0.0
2010-03-12,-0.0002173695700926971,0.009866020239421788,0.04470530270246343,0.07778756045151682,0.0
2010-03-15,0.00045209262343589776,0.010493724295034222,0.04480302364034829,0.08568812210073334,0.0
2010-03-16,0.007749014983159959,0.016531467254222075,0.06990062591483491,0.08300191244336128,0.0
2010-03-17,0.005804795332563638,0.017821907682572764,0.07454687408157668,0.08197770350934416,0.0
2010-03-18,-0.00032589912668909416,0.013462634242377699,0.06886709497638162,0.08283484591545708,0.0
2010-03-19,-0.005099426451612706,0.00858057736085769,0.07778756045151682,0.07468876578795822,0.0
2010-03-22,0.005082359099180065,0.013210843836601857,0.08568812210073334,0.07678043285979602,0.0
2010-03-23,0.0071453777848001715,0.01260720663824207,0.08300191244336128,0.0576375123631096,0.0
2010-03-24,-0.0055084478872883084,0.0012939634183901242,0.08197770350934416,0.04831602332222309,0.0
2010-03-25,-0.0017056210833286789,-8.575853824946043e-05,0.08283484591545708,0.07026824537629692,0.0
2010-03-26,0.0007374506159884132,0.005751118529351659,0.07468876578795822,0.08973893933835782,0.0
2010-03-29,0.005667146312798056,0.00633590574296965,0.07678043285979602,0.08109956933354585,0.0
2010-03-30,4.26584629303888e-05,-0.0007668135789001323,0.0576375123631096,0.0912575008038373,0.0
2010-03-31,-0.00327824231803275,0.0014633919903554258,0.04831602332222309,0.09142331328943291,0.0
2010-04-01,0.007386454005524301,0.010555467079208406,0.07026824537629692,0.08857231817882279,0.0
2010-04-05,0.007896729443087884,0.017714745906307876,0.08973893933835782,0.06970804692839273,0.0
2010-04-06,0.001682878875349027,0.013730478468858847,0.08109956933354585,0.06884864061621485,0.0
2010-04-07,-0.005894042967262019,0.007793777038666439,0.0912575008038373,0.09584374169954504,0.0
2010-04-08,0.0033686614308549275,0.014440680787554117,0.09142331328943291,0.09300450033491961,0.0
2010-04-09,0.00666166829683167,0.013715895078861486,0.08857231817882279,0.1404813978465358,0.0
2010-04-12,0.0017650508571401095,0.007584216492913711,0.06970804692839273,0.1435397730512063,0.0
2010-04-13,0.0006851660398368415,0.006586503657401525,0.06884864061621485,0.15435881417732897,1.0
2010-04-14,0.011088363099908616,0.02356890972457216,0.09584374169954504,0.13297465712535095,0.0
2010-04-15,0.0008421839911768203,0.021042432284894056,0.09300450033491961,0.13380671139845177,0.0
2010-04-16,-0.016257982418547083,-0.0018772184304847,0.1404813978465358,0.08439094719827844,0.0
2010-04-19,0.004511140739529798,0.0008688714519049894,0.1435397730512063,0.08384832979727376,0.0
2010-04-20,0.008026045737071379,0.008209751149139527,0.15435881417732897,0.1788763400667645,1.0
2010-04-21,-0.0010195164357019706,-0.0038981283864710607,0.13297465712535095,0.18448820965159707,1.0
2010-04-22,0.0022613206430901964,-0.0024789917345576845,0.13380671139845177,0.20521584017224,1.0
2010-04-23,0.0070982676832182495,0.02087725836720765,0.08439094719827844,0.23190165455027062,1.0
2010-04-26,-0.004305704355093108,0.01206041327258474,0.08384832979727376,0.24780611628019333,1.0
2010-04-27,-0.023659640178701643,-0.01962527264318828,0.1788763400667645,0.2500679283067162,1.0
2010-04-28,0.006441958378180898,-0.012163797829305417,0.18448820965159707,0.2502866456476313,1.0
2010-04-29,0.012860180281289574,-0.0015649381911060373,0.20521584017224,0.32988357895203774,1.0
2010-04-30,-0.016787810139866296,-0.025451016014190583,0.23190165455027062,0.32651673487645355,1.0
2010-05-03,0.01303525745326214,-0.008110054205835335,0.24780611628019333,0.4374807384164275,1.0
2010-05-04,-0.024127199957418213,-0.008577613984551905,0.2500679283067162,0.40327923023710444,1.0
2010-05-05,-0.006608341800780098,-0.021627914163512903,0.2502866456476313,0.4120901613424871,1.0
2010-05-06,-0.032888440643963665,-0.06737653508876615,0.32988357895203774,0.35046925715768584,1.0
2010-05-07,-0.015426646180907493,-0.06601537112980733,0.32651673487645355,0.3591498356510487,1.0
2010-05-10,0.04303470414561544,-0.036015924437454036,0.4374807384164275,0.18897216875038572,1.0
2010-05-11,-0.003403075918466228,-0.015291800398502049,0.40327923023710444,0.21314240439066057,1.0
2010-05-12,0.013645992401824483,0.004962533804102533,0.4120901613424871,0.1933336224739767,1.0
2010-05-13,-0.01221949988922511,0.025631474558841086,0.35046925715768584,0.3309240527470612,1.0
2010-05-14,-0.018978981387949807,0.022079139351798775,0.3591498356510487,0.32025746898798135,1.0
2010-05-17,0.0011087536210084368,-0.019846811172808232,0.18897216875038572,0.33318173519876376,1.0
2010-05-18,-0.01429763178499772,-0.030741367039339725,0.21314240439066057,0.3173538994334544,1.0
2010-05-19,-0.005143468860015588,-0.04953082830117979,0.1933336224739767,0.3178120586051593,1.0
2010-05-20,-0.03975579583776626,-0.07706712424972095,0.3309240527470612,0.27218026839491427,1.0
2010-05-21,0.014912632585704338,-0.043175510276066795,0.32025746898798135,0.26587274084744744,1.0
2010-05-24,-0.012992046323687721,-0.057276310220762953,0.33318173519876376,0.2780114924237713,1.0
2010-05-25,0.00035387476465256084,-0.042624803671112675,0.3173538994334544,0.33180381999423664,1.0
2010-05-26,-0.005677078693651669,-0.043158413504748756,0.3178120586051593,0.330595419176354,1.0
2010-05-27,0.032347311768677056,0.028944694101694562,0.27218026839491427,0.34403330339062405,1.0
2010-05-28,-0.012451892345405802,0.0015801691705844226,0.26587274084744744,0.34626574648664077,1.0
2010-06-01,-0.017314353324598773,-0.002742137830326629,0.2780114924237713,0.33286126513614,1.0
2010-06-02,0.02551442810834267,0.02241841551336348,0.33180381999423664,0.2824479625820236,1.0
2010-06-03,0.004043191983442443,0.032138686190457594,0.330595419176354,0.34867329795016194,1.0
2010-06-04,-0.035017442089831104,-0.035226067668050566,0.34403330339062405,0.24644279746492495,1.0
2010-06-07,-0.013624466165715648,-0.03639864148836042,0.34626574648664077,0.22703069846054613,1.0
2010-06-08,0.01091626764351899,-0.008168020520242647,0.33286126513614,0.2696606211430213,1.0
2010-06-09,-0.005959396741888012,-0.03964184537047333,0.2824479625820236,0.2663503516380309,1.0
2010-06-10,0.02907984566617691,-0.014605191687738862,0.34867329795016194,0.16853854536200163,1.0
2010-06-11,0.00437011574261751,0.02478236614470975,0.24644279746492495,0.16592174996824938,1.0
2010-06-14,-0.0018062939317567235,0.036600538378668675,0.22703069846054613,0.16768482398306064,1.0
2010-06-15,0.02322245059850045,0.048906721333650136,0.2696606211430213,0.11902669159987984,0.0
2010-06-16,-0.0005560893540954269,0.05431002872144272,0.2663503516380309,0.12084010337853926,0.0
2010-06-17,0.001282185812389404,0.026512368867655213,0.16853854536200163,0.17027380682413862,1.0
2010-06-18,0.0013162641384549061,0.023458517263492608,0.16592174996824938,0.17122132316144506,1.0
2010-06-21,-0.003864297943398893,0.02140051325185044,0.16768482398306064,0.16962621656671398,1.0
2010-06-22,-0.01620122508698942,-0.01802316243363943,0.11902669159987984,0.25608516776582174,1.0
2010-06-23,-0.00298993926106872,-0.020457012340612722,0.12084010337853926,0.2652096964560762,1.0
2010-06-24,-0.016946283204951274,-0.0386854813579534,0.17027380682413862,0.23747301609164567,1.0
2010-06-25,0.002855281931545411,-0.0371464635648629,0.17122132316144506,0.23892101164255625,1.0
2010-06-28,-0.0020360096106544403,-0.03531817523211844,0.16962621656671398,0.24148303479135472,1.0
2010-06-29,-0.03150823034220891,-0.05062518048733793,0.25608516776582174,0.2371611377182261,1.0
2010-06-30,-0.01016445397333528,-0.0577996951996045,0.2652096964560762,0.23550364333396817,1.0
2010-07-01,-0.0032457133092441124,-0.044099125303897334,0.23747301609164567,0.23984965963910268,1.0
2010-07-02,-0.004673271754301508,-0.05162767898974425,0.23892101164255625,0.23760093075951697,1.0
2010-07-06,0.005344725887457727,-0.044246943491632086,0.24148303479135472,0.25836757163612556,1.0
2010-07-07,0.030850023008263838,0.018111309858840664,0.2371611377182261,0.13706979838915231,0.0
2010-07-08,0.00936865495165787,0.037644418783833816,0.23550364333396817,0.12015180166606304,0.0
2010-07-09,0.007178063766629461,0.04806819585970739,0.23984965963910268,0.2343908341368187,1.0
2010-07-12,0.0007326336059528174,0.05347410121996172,0.23760093075951697,0.2381275817275593,1.0
2010-07-13,0.015261822735573064,0.06339119806807705,0.25836757163612556,0.22684843530829035,1.0
2010-07-14,-0.00015514366479341991,0.03238603139501979,0.13706979838915231,0.24464172617176602,1.0
2010-07-15,0.0011953885564136067,0.024212764999775527,0.12015180166606304,0.2911346997587951,1.0
2010-07-16,-0.02924290970075012,-0.012208208467604051,0.2343908341368187,0.21222074985762407,1.0
2010-07-19,0.005964069587908596,-0.0069767724856482725,0.2381275817275593,0.2224796261471706,1.0
2010-07-20,0.011351874168992774,-0.010886721052228562,0.22684843530829035,0.20750407699605497,1.0
2010-07-21,-0.012902699582286207,-0.023634276969721348,0.24464172617176602,0.19261109703288498,1.0
2010-07-22,0.022263687822425646,-0.00256597770370931,0.2911346997587951,0.1139843803406759,0.0
2010-07-23,0.00818642018434479,0.0348633521813856,0.21222074985762407,0.09805590959853183,0.0
2010-07-26,0.01113790871672976,0.04003719131020676,0.2224796261471706,0.16516235900565335,1.0
2010-07-27,-0.0010499083075197902,0.027635408833694197,0.20750407699605497,0.1684876476810102,1.0
2010-07-28,-0.006946032638280118,0.033592075777700285,0.19261109703288498,0.16670560618691266,1.0
2010-07-29,-0.004167292220516642,0.007161095734757999,0.1139843803406759,0.1643067277187722,1.0
2010-07-30,6.349719619899018e-05,-0.0009618272533877997,0.09805590959853183,0.166404779501611,1.0
2010-08-02,0.021783528781166763,0.009683792811049202,0.16516235900565335,0.07267457811280481,0.0
2010-08-03,-0.004807894641330393,0.005925806477238598,0.1684876476810102,0.07695495209329728,0.0
2010-08-04,0.006032878060028029,0.018904717175546745,0.16670560618691266,0.21275592795934362,1.0
2010-08-05,-0.0012693298432147424,0.021802679552848647,0.1643067277187722,0.21598583643861718,1.0
2010-08-06,-0.0037109155663972966,0.018028266790252358,0.166404779501611,0.21627541880491943,1.0
2010-08-09,0.005468087107405527,0.0017128251164911235,0.07267457811280481,0.21276472730916116,1.0
2010-08-10,-0.005985281603927613,0.0005354381538939038,0.07695495209329728,0.22553259760322983,1.0
2010-08-11,-0.028583405997961563,-0.034080845904095686,0.21275592795934362,0.09898606075611377,0.0
2010-08-12,-0.005393266400071399,-0.038204782460952345,0.21598583643861718,0.1517761514224969,1.0
2010-08-13,-0.004031690712189038,-0.03852555760674409,0.21627541880491943,0.151312634498804,1.0
2010-08-16,0.00012045128871151444,-0.0438731934254381,0.21276472730916116,0.1540157528523637,1.0
2010-08-17,0.012118489601347648,-0.02576942222016284,0.22553259760322983,0.16459077214759366,1.0
2010-08-18,0.0014816804859392602,0.004295664263737986,0.09898606075611377,0.1659005835618955,1.0
2010-08-19,-0.01708043585689712,-0.007391505193087736,0.1517761514224969,0.12577240391560612,0.0
2010-08-20,-0.003669753922919338,-0.007029568403818036,0.151312634498804,0.16964521815887612,1.0
2010-08-23,-0.0040484907945532,-0.011198510487082751,0.1540157528523637,0.19757472132735474,1.0
2010-08-24,-0.014618768361991257,-0.03793576845042165,0.16459077214759366,0.1681444671305573,1.0
2010-08-25,0.003283944691638116,-0.0361335042447228,0.1659005835618955,0.26522250478203163,1.0
2010-08-26,-0.007714466580892417,-0.026767534968718098,0.12577240391560612,0.267324066988956,1.0
2010-08-27,0.016450710403283032,-0.006647070642515726,0.16964521815887612,0.2579042168081024,1.0
2010-08-30,-0.014828611113085734,-0.01742719096104826,0.19757472132735474,0.24928131794310607,1.0
2010-08-31,0.00039071808849260096,-0.0024177045105644025,0.1681444671305573,0.25339599909323435,1.0
2010-09-01,0.029077736386750194,0.023376087184547676,0.26522250478203163,0.15088677402093834,1.0
2010-09-02,0.00903985298673457,0.04013040675217466,0.267324066988956,0.1408349152602201,0.0
2010-09-03,0.013132393793160998,0.036812090142052625,0.2579042168081024,0.13159707263480377,0.0
2010-09-07,-0.011537491412768315,0.04010320984237005,0.24928131794310607,0.10312374758969106,0.0
2010-09-08,0.0064180594909031665,0.04613055124478061,0.25339599909323435,0.09585522769587226,0.0
2010-09-09,0.0048206520589967215,0.021873466917027143,0.15088677402093834,0.08957503971943365,0.0
2010-09-10,0.004851545040690317,0.017685158970982887,0.1408349152602201,0.08289648852801329,0.0
2010-09-13,0.01106912660314444,0.015621891780966329,0.13159707263480377,0.11036789527289649,0.0
2010-09-14,-0.0007133739296067345,0.026446009264127907,0.10312374758969106,0.11174799729527565,0.0
2010-09-15,0.003534883802268771,0.023562833575493512,0.09585522769587226,0.11418019921052915,0.0
2010-09-16,-0.0003644100558466401,0.018377771460650155,0.08957503971943365,0.12867836401272822,0.0
2010-09-17,0.0008265141149324639,0.0143527405348923,0.08289648852801329,0.1967048459978941,1.0
2010-09-20,0.015095287889557545,0.018378901821305405,0.11036789527289649,0.16981261283644028,1.0
2010-09-21,-0.0025673131207138568,0.016524962630198283,0.11174799729527565,0.1722908272300187,1.0
2010-09-22,-0.004837172794451643,0.00815290603347787,0.11418019921052915,0.1698329669534948,1.0
2010-09-23,-0.008366240177841381,0.00015107591148312907,0.12867836401272822,0.16061224531624943,1.0
2010-09-24,0.020972915547808245,0.02029747734435891,0.1967048459978941,0.06786687680442482,0.0
2010-09-27,-0.005683553181933576,-0.00048136372713220976,0.16981261283644028,0.07910766316178025,0.0
2010-09-28,0.004838660735848585,0.006924610129430232,0.1722908272300187,0.16298128053401031,1.0
2010-09-29,-0.002591112883144724,0.009170670040737152,0.1698329669534948,0.16201016760226283,1.0
2010-09-30,-0.00308848670645526,0.014448423512123273,0.16061224531624943,0.16094533945997988,1.0
2010-10-01,0.004406714359894576,-0.0021177776757903962,0.06786687680442482,0.16371403236605808,1.0
2010-10-04,-0.008067386519721716,-0.004501611013578537,0.07910766316178025,0.15337270556308336,1.0
2010-10-05,0.02064672250716406,0.011306450757736938,0.16298128053401031,0.052635499298726095,0.0
2010-10-06,-0.0006722304595956211,0.01322533318128604,0.16201016760226283,0.07270054363789422,0.0
2010-10-07,-0.0016478755817934904,0.01466594430594781,0.16094533945997988,0.07628393243316683,0.0
2010-10-08,0.006103613171284074,0.01636284311733731,0.16371403236605808,0.06440801107217413,0.0
2010-10-11,0.00014582627318711122,0.024576055910246135,0.15337270556308336,0.08229745042035409,0.0
2010-10-12,0.0038114836641496563,0.007740817067231731,0.052635499298726095,0.13766110552198305,0.0
2010-10-13,0.007095785561559261,0.015508833088386614,0.07270054363789422,0.14811096003526764,1.0
2010-10-14,-0.003648032184403023,0.013508676485777082,0.07628393243316683,0.1463709044555708,1.0
2010-10-15,0.002025432873275127,0.009430496187768134,0.06440801107217413,0.14664483327634245,1.0
2010-10-18,0.007217634690706231,0.016502304605287253,0.08229745042035409,0.13824245818840322,0.0
2010-10-19,-0.016004644029054833,-0.0033138230879172365,0.13766110552198305,0.0787470674906709,0.0
2010-10-20,0.010469082613678416,5.947396420191882e-05,0.14811096003526764,0.032295776948459906,0.0
2010-10-21,0.0017723369527991779,0.005479843101404119,0.1463709044555708,0.030796113215977212,0.0
2010-10-22,0.0023864087842906394,0.005840819012419632,0.14664483327634245,0.025905702001790203,0.0
2010-10-25,0.00214467014688162,0.0007678544685950218,0.13824245818840322,0.022009020667376117,0.0
2010-10-26,1.6885142218022246e-05,0.01678938363986788,0.0787470674906709,0.05912200500441054,0.0
2010-10-27,-0.0026942096392165637,0.003626091386972898,0.032295776948459906,0.06171616998065383,0.0
2010-10-28,0.0011242172367564925,0.0029779716709302127,0.030796113215977212,0.14876246734232573,1.0
2010-10-29,-0.00043938381356833266,0.00015217907307124042,0.025905702001790203,0.15130454354427272,1.0
2010-11-01,0.0009460857172530168,-0.0010464053565573629,0.022009020667376117,0.15190509261450985,1.0
2010-11-02,0.007729336064693736,0.006666045565918351,0.05912200500441054,0.15283504343686255,1.0
2010-11-03,0.003671306443685746,0.013031561648820661,0.06171616998065383,0.15375367305244586,1.0
2010-11-04,0.019099304409664532,0.031006648821728704,0.14876246734232573,0.07852356231589472,0.0
2010-11-05,0.003915079053611362,0.035361111688908396,0.15130454354427272,0.11182630688372086,0.0
2010-11-08,-0.0021232098228606586,0.03229181614879472,0.15190509261450985,0.11114274643863732,0.0
2010-11-09,-0.008084894540661062,0.01647758554343992,0.15283504343686255,0.15003943292277705,1.0
2010-11-10,0.004366533579725262,0.017172812679479437,0.15375367305244586,0.14680988450651342,1.0
2010-11-11,-0.004251149890857143,-0.0061776416210422395,0.07852356231589472,0.1798582191649213,1.0
2010-11-12,-0.011878766244753407,-0.021971486919407007,0.11182630688372086,0.15988031285445503,1.0
2010-11-15,-0.0012181773094550822,-0.021066454406001432,0.11114274643863732,0.1600381270674124,1.0
2010-11-16,-0.016338157414688127,-0.029319717280028496,0.15003943292277705,0.15030231916166525,1.0
2010-11-17,0.0002121403759877297,-0.03347411048376603,0.14680988450651342,0.18343149302993617,1.0
2010-11-18,0.015240583543647691,-0.013982377049261197,0.1798582191649213,0.157393954284253,1.0
2010-11-19,0.0025371519119104955,0.0004335411074027065,0.15988031285445503,0.15666646216420485,1.0
2010-11-22,-0.001576608885061296,7.510953179649276e-05,0.1600381270674124,0.16213436767749204,1.0
2010-11-23,-0.014387031590549965,0.0020262353559346545,0.15030231916166525,0.1972505012607859,1.0
2010-11-24,0.01481271551861717,0.016626810498564095,0.18343149302993617,0.1898044943954912,1.0
2010-11-26,-0.007496591424233891,-0.006110364469317487,0.157393954284253,0.18312287714024136,1.0
2010-11-29,-0.001379810265237083,-0.010027326646465065,0.15666646216420485,0.18309311435564757,1.0
2010-11-30,-0.006088715610163862,-0.014539433371567632,0.16213436767749204,0.17795505407660628,1.0
2010-12-01,0.021386622263129783,0.021234220482112116,0.1972505012607859,0.0964559507847046,0.0
2010-12-02,0.012737100160620848,0.019158605124115793,0.1898044943954912,0.04322688226836361,0.0
2010-12-03,0.0025998540163515035,0.029255050564701186,0.18312287714024136,0.057727419985455435,0.0
2010-12-06,-0.0012990821033003648,0.029335778726637902,0.18309311435564757,0.05698698910986717,0.0
2010-12-07,0.0005149475844580072,0.03593944192125978,0.17795505407660628,0.0572358126622317,0.0
2010-12-08,0.0036949257526148233,0.018247745410744812,0.0964559507847046,0.06258699046905626,0.0
2010-12-09,0.0038353835670092563,0.009346028817133221,0.04322688226836361,0.07135792165581692,0.0
2010-12-10,0.005983703744360294,0.012729878545142011,0.057727419985455435,0.05764250375741122,0.0
2010-12-13,4.8319150458452794e-05,0.014077279798900829,0.05698698910986717,0.06040704613519836,0.0
2010-12-14,0.0009105416846800492,0.014472873899122872,0.0572358126622317,0.07368097726586362,0.0
2010-12-15,-0.0051356170153353965,0.005642331131172651,0.06258699046905626,0.06836159308832619,0.0
2010-12-16,0.006166045704273937,0.007972993268437333,0.07135792165581692,0.05379210084599328,0.0
2010-12-17,0.0008364544598930705,0.00282574398397011,0.05764250375741122,0.053639872455728946,0.0
2010-12-20,0.0025451114605429463,0.005322536294054604,0.06040704613519836,0.050800857828621974,0.0
2010-12-21,0.0060119938497866,0.010423988459161156,0.07368097726586362,0.028466477569008896,0.0
2010-12-22,0.0033738576255426243,0.018933463100039176,0.06836159308832619,0.018747285463589877,0.0
2010-12-23,-0.0016456817776046477,0.011121735618160591,0.05379210084599328,0.014724093188761753,0.0
2010-12-27,0.0006125096248109704,0.01089779078307849,0.053639872455728946,0.08110553679597408,0.0
2010-12-28,0.0007710265951420123,0.009123705917677558,0.050800857828621974,0.08145647097975307,0.0
2010-12-29,0.0010086365106648648,0.0041203485785558215,0.028466477569008896,0.08855055344207162,0.0
2010-12-30,-0.0015093576964174303,-0.000762866743404233,0.018747285463589877,0.0891852826331496,0.0
2010-12-31,-0.00019080765268397786,0.0006920073815164368,0.014724093188761753,0.0901333400355483,0.0
2011-01-03,0.01125129414776139,0.011330791904466857,0.08110553679597408,0.042888278572893464,0.0
2011-01-04,-0.001313924652635054,0.00924584065668979,0.08145647097975307,0.04948915934044375,0.0
2011-01-05,0.004994676074308499,0.013231880220333427,0.08855055344207162,0.07241964797727794,0.0
2011-01-06,-0.002125214370637225,0.01261602354611363,0.0891852826331496,0.07186604223259267,0.0
2011-01-07,-0.001846485769081899,0.010960345429715709,0.0901333400355483,0.08786987927193199,0.0
2011-01-10,-0.0013772751808198854,-0.0016682238988655665,0.042888278572893464,0.08786844963048837,0.0
2011-01-11,0.003718206258407198,0.003363907012176685,0.04948915934044375,0.11060738242074214,0.0
2011-01-12,0.008967253798850817,0.007336484736719003,0.07241964797727794,0.09091684479573162,0.0
2011-01-13,-0.001712211240459357,0.007749487866896871,0.07186604223259267,0.09171150302169273,0.0
2011-01-14,0.007357410347301483,0.01695338398328025,0.08786987927193199,0.08596243425276616,0.0
2011-01-18,0.0013754642661832541,0.01970612343028339,0.08786844963048837,0.08542649303218071,0.0
2011-01-19,-0.010167165793385584,0.005820751378490611,0.11060738242074214,0.05460703273846268,0.0
2011-01-20,-0.0012957984038339024,-0.0044423008241941085,0.09091684479573162,0.05613014627459534,0.0
2011-01-21,0.0024106376042604427,-0.0003194519794743082,0.09171150302169273,0.13860868780761978,0.0
2011-01-24,0.005819315234595438,-0.001857547092180353,0.08596243425276616,0.14297660594034464,0.0
2011-01-25,0.00026342777361852736,-0.0029695835847450796,0.08542649303218071,0.18507609852486193,1.0
2011-01-26,0.004212024148480004,0.011409606357120508,0.05460703273846268,0.18366708447288163,1.0
2011-01-27,0.002241791060799816,0.014947195821754227,0.05613014627459534,0.18373616871527762,1.0
2011-01-28,-0.018013805424182846,-0.005477247206689063,0.13860868780761978,0.1335005300715764,0.0
2011-01-31,0.007633349932881147,-0.003663212508403353,0.14297660594034464,0.12975387724459725,0.0
2011-02-01,0.016555791837834375,0.012629151555812495,0.18507609852486193,0.062455198031972935,0.0
2011-02-02,-0.0027262302593629275,0.005690897147969563,0.18366708447288163,0.06259619267759635,0.0
2011-02-03,0.0023514322901266806,0.005800538377296428,0.18373616871527762,0.060563193670894036,0.0
2011-02-04,0.0028801110627525582,0.02669445486423183,0.1335005300715764,0.0690662234370207,0.0
2011-02-07,0.006220782345952654,0.025281887277303343,0.12975387724459725,0.055729197108377586,0.0
2011-02-08,0.004176020375839696,0.01290211581530866,0.062455198031972935,0.05249704758497775,0.0
2011-02-09,-0.002789653077800705,0.01283869299687088,0.06259619267759635,0.06576380187392417,0.0
2011-02-10,0.000749212207498601,0.0112364729142428,0.060563193670894036,0.06907895927859123,0.0
2011-02-11,0.00549226150188646,0.013848623353376704,0.0690662234370207,0.05863395578718319,0.0
2011-02-14,0.002382084644068833,0.010009925651492883,0.055729197108377586,0.1575944274137527,1.0
2011-02-15,-0.003240154691578971,0.0025937505840742158,0.05249704758497775,0.1618678213334886,1.0
2011-02-16,0.006237938698850808,0.01162134236072573,0.06576380187392417,0.15585222901866363,1.0
2011-02-17,0.0030709708803804935,0.013943101033607623,0.06907895927859123,0.1713656139195602,1.0
2011-02-18,0.0019228727220244875,0.010373712253745648,0.05863395578718319,0.17529932348841062,1.0
2011-02-22,-0.020742204920454525,-0.01275057731077771,0.1575944274137527,0.1474149702700935,1.0
2011-02-23,-0.006130715010508629,-0.01564113762970737,0.1618678213334886,0.14130863757237822,0.0
2011-02-24,-0.0009948719612429039,-0.02287394828980108,0.15585222901866363,0.18603288678514526,1.0
2011-02-25,0.010495248165324718,-0.015449671004856856,0.1713656139195602,0.17838326430807264,1.0
2011-02-28,0.005545679951233036,-0.011826863775648308,0.17529932348841062,0.18386590860313337,1.0
2011-03-01,-0.015864861791058633,-0.006949520646252415,0.1474149702700935,0.15842472973054114,1.0
2011-03-02,0.0016138978895201782,0.0007950922537763919,0.14130863757237822,0.15830571918009384,1.0
2011-03-03,0.017072434579238578,0.018862398794257874,0.18603288678514526,0.1693028567317419,1.0
2011-03-04,-0.007405389789368721,0.0009617608395644352,0.17838326430807264,0.1685481931557079,1.0
2011-03-07,-0.008376215256269803,-0.012960134367938404,0.18386590860313337,0.16348686191490586,1.0
2011-03-08,0.008883161530176173,0.011787888953296402,0.15842472973054114,0.17071901020794847,1.0
2011-03-09,-0.0013626313929708095,0.008811359670805414,0.15830571918009384,0.22042296971628556,1.0
2011-03-10,-0.019051280476330656,-0.02731235538476382,0.1693028567317419,0.19804348937200214,1.0
2011-03-11,0.007055564524569619,-0.012851401070825478,0.1685481931557079,0.19402207360367135,1.0
2011-03-14,-0.006067696956773771,-0.010542882771329445,0.16348686191490586,0.21665705746417682,1.0
2011-03-15,-0.011263544394845545,-0.03068958869635116,0.17071901020794847,0.20293790725038352,1.0
2011-03-16,-0.019687481949372254,-0.049014439252752603,0.22042296971628556,0.14857868213902645,1.0
2011-03-17,0.013309266231874258,-0.016653892544547695,0.19804348937200214,0.13230493045291514,0.0
2011-03-18,0.0043009395825458095,-0.019408517486571502,0.19402207360367135,0.1306688191501267,0.0
2011-03-21,0.01487466793018228,0.0015338474003845463,0.21665705746417682,0.07940182288884626,0.0
2011-03-22,-0.0035568853410381704,0.009240506454191921,0.20293790725038352,0.0903412690491755,0.0
2011-03-23,0.002909742258502921,0.0318377306620671,0.14857868213902645,0.09985992203312942,0.0
2011-03-24,0.009297393435475379,0.02782585786566822,0.13230493045291514,0.0760549337466626,0.0
2011-03-25,0.0031561510021889394,0.026681069285311353,0.1306688191501267,0.08073156588660028,0.0
2011-03-28,-0.002751618499391395,0.009054782855737676,0.07940182288884626,0.0783708557709586,0.0
2011-03-29,0.007035239607301627,0.019646907804077476,0.0903412690491755,0.060407761388045496,0.0
2011-03-30,0.006662462626235184,0.02339962817180974,0.09985992203312942,0.040641454943110916,0.0
2011-03-31,-0.001831177104975248,0.01227105763135911,0.0760549337466626,0.03999185503107413,0.0
2011-04-01,0.004950712944456072,0.014065619573626242,0.08073156588660028,0.03428567794329622,0.0
2011-04-04,0.0003451501808517552,0.01716238825386939,0.0783708557709586,0.03954585498102502,0.0
2011-04-05,-0.00018007145753026058,0.009947077189037503,0.060407761388045496,0.0680746476307415,0.0
2011-04-06,0.002181296758153027,0.005465911320955348,0.040641454943110916,0.06630365946335666,0.0
2011-04-07,-0.0015211626992252944,0.005775925726705301,0.03999185503107413,0.06542098857213341,0.0
2011-04-08,-0.004012483000974196,-0.0031872702187249677,0.03428567794329622,0.06513090006564644,0.0
2011-04-11,-0.00279728829140217,-0.006329708690978893,0.03954585498102502,0.10016970767226029,0.0
2011-04-12,-0.007807095445724583,-0.013956732679173215,0.0680746476307415,0.09277968251868146,0.0
2011-04-13,0.0001902174903101045,-0.01594781194701614,0.06630365946335666,0.13300039471779015,0.0
2011-04-14,8.36730908616908e-05,-0.014342976156929152,0.06542098857213341,0.13814753603102925,0.0
2011-04-15,0.003917728825568014,-0.006412764330386943,0.06513090006564644,0.13579109225583852,0.0
2011-04-18,-0.011078997728577972,-0.014694473767562746,0.10016970767226029,0.12759553057467315,0.0
2011-04-19,0.005714810218094469,-0.001172568103743693,0.09277968251868146,0.12880614499612278,0.0
2011-04-20,0.013424435132347328,0.01206164953829353,0.13300039471779015,0.09023865284436991,0.0
2011-04-21,0.0052629084996557015,0.017240884947087542,0.13814753603102925,0.08374474303297341,0.0
2011-04-25,-0.0015939395500958124,0.011729216571423715,0.13579109225583852,0.08390610238045262,0.0
2011-04-26,0.008939507790192994,0.03174772209019468,0.12759553057467315,0.05991687290212794,0.0
2011-04-27,0.006230397799828821,0.03226330967192903,0.12880614499612278,0.06339173864058831,0.0
2011-04-28,0.0035491184714345463,0.022387993011016252,0.09023865284436991,0.08699184773292105,0.0
2011-04-29,0.002298019742020782,0.01942310425338133,0.08374474303297341,0.08963286956638154,0.0
2011-05-02,-0.001754249109045456,0.019262794694431686,0.08390610238045262,0.09441913021310801,0.0
2011-05-03,-0.0033850263710526606,0.006938260533186034,0.05991687290212794,0.10768804506403258,0.0
2011-05-04,-0.006878914252832363,-0.00617105151947515,0.06339173864058831,0.12451635153206791,0.0
2011-05-05,-0.009111217180694528,-0.018831387171604222,0.08699184773292105,0.11190338282753688,0.0
2011-05-06,0.003812642995876722,-0.017316763917748286,0.08963286956638154,0.12286790740734806,0.0
2011-05-09,0.004533870101931407,-0.011028644706771423,0.09441913021310801,0.12654141190987356,0.0
2011-05-10,0.00804161600966336,0.00039799767394459954,0.10768804506403258,0.11296163594241962,0.0
2011-05-11,-0.011173689687885626,-0.0038967777611086628,0.12451635153206791,0.10168606217583152,0.0
2011-05-12,0.004883493672167491,0.010097933091753357,0.11190338282753688,0.09683304893122378,0.0
2011-05-13,-0.008100047045425269,-0.001814756949548634,0.12286790740734806,0.09524725934352399,0.0
2011-05-16,-0.0062237186380957365,-0.012572345689575777,0.12654141190987356,0.11989205472997827,0.0
2011-05-17,-0.0003686285233300362,-0.020982590222569174,0.11296163594241962,0.12000744298567885,0.0
2011-05-18,0.008765271983703134,-0.0010436285509804136,0.10168606217583152,0.10506481356996518,0.0
2011-05-19,0.0021755725891674884,-0.003751549633980416,0.09683304893122378,0.1076316441167802,0.0
2011-05-20,-0.007717974612614023,-0.003369477201169171,0.09524725934352399,0.09704808916888222,0.0
2011-05-23,-0.011997264840988668,-0.009143023404062103,0.11989205472997827,0.08809021091825953,0.0
2011-05-24,-0.0008277226453314669,-0.009602117526063533,0.12000744298567885,0.18573873761656395,1.0
2011-05-25,0.0031781131566695725,-0.015189276353097095,0.10506481356996518,0.18456847569112886,1.0
2011-05-26,0.003945322767699228,-0.013419526174565356,0.1076316441167802,0.19520032884359456,1.0
2011-05-27,0.004072615318765918,-0.0016289362431854146,0.09704808916888222,0.20776442110754964,1.0
2011-05-31,0.01053701485636789,0.020905343454171145,0.08809021091825953,0.19394936162033105,1.0
2011-06-01,-0.023048225700640405,-0.001315159601137792,0.18573873761656395,0.10830536749988229,0.0
2011-06-02,-0.001225586114047521,-0.005718858871854887,0.18456847569112886,0.11990573802248146,0.0
2011-06-03,-0.00978149266519151,-0.019445674304745628,0.19520032884359456,0.1398023623479815,0.0
2011-06-06,-0.010818516013722313,-0.03433680563723386,0.20776442110754964,0.11691191354644419,0.0
2011-06-07,-0.0009568650426676839,-0.045830685536269435,0.19394936162033105,0.1467609462586782,1.0
2011-06-08,-0.0041956644216076975,-0.026978124257236724,0.10830536749988229,0.190362463622737,1.0
2011-06-09,0.007350409328991669,-0.018402128814197533,0.11990573802248146,0.183492981451295,1.0
2011-06-10,-0.014078482881846339,-0.022699119030852363,0.1398023623479815,0.15539017022526108,1.0
2011-06-13,0.0006685325595012269,-0.011212070457628821,0.11691191354644419,0.15994608754029696,1.0
2011-06-14,0.012532913485107313,0.0022777080701461734,0.1467609462586782,0.16317892641108722,1.0
2011-06-15,-0.01758556950725801,-0.011112197015504137,0.190362463622737,0.11473250658477278,0.0
2011-06-16,0.0017527979756827483,-0.01670980836881306,0.183492981451295,0.11581416735707357,0.0
2011-06-17,0.003040390291799793,0.0004090648048330741,0.15539017022526108,0.1412758540362921,0.0
2011-06-20,0.005380689090158733,0.00512122133549058,0.15994608754029696,0.15070643207597914,1.0
2011-06-21,0.0133341790614636,0.0059224869118468665,0.16317892641108722,0.1486206568980312,1.0
2011-06-22,-0.006489459844407726,0.017018596574697148,0.11473250658477278,0.15295363254694685,1.0
2011-06-23,-0.002831992858193941,0.01243380574082046,0.11581416735707357,0.1676298023323691,1.0
2011-06-24,-0.011795077176858442,-0.0024016617278377755,0.1412758540362921,0.17721204415535585,1.0
2011-06-27,0.009142536655730837,0.0013601858377343288,0.15070643207597914,0.16517105870214238,1.0
2011-06-28,0.012861292735996777,0.0008872995122675073,0.1486206568980312,0.13782299385448316,0.0
2011-06-29,0.008248633534913173,0.015625392891588406,0.15295363254694685,0.14497168909645042,1.0
2011-06-30,0.010068371595162745,0.028525757344945092,0.1676298023323691,0.13552485515987853,0.0
2011-07-01,0.014306869106082431,0.054627703627885965,0.17721204415535585,0.15763401662401114,1.0
2011-07-05,-0.0013370725450782008,0.04414809442707693,0.16517105870214238,0.16047882766488503,1.0
2011-07-06,0.0010010578196052824,0.032287859510685434,0.13782299385448316,0.16182587076333332,1.0
2011-07-07,0.010399582892092554,0.03443880886786481,0.14497168909645042,0.15174158813026642,1.0
2011-07-08,-0.006985458106936123,0.017384979165765944,0.13552485515987853,0.14870268638646145,1.0
2011-07-11,-0.018256166936573934,-0.015178056876890418,0.15763401662401114,0.09313039954023036,0.0
2011-07-12,-0.004443369829837216,-0.018284354161649433,0.16047882766488503,0.14445721074147444,1.0
2011-07-13,0.0031010271091221173,-0.0161843848721326,0.16182587076333332,0.14284928011033235,0.0
2011-07-14,-0.006738782369334765,-0.03332275013355992,0.15174158813026642,0.16505094799146272,1.0
2011-07-15,0.005539055540283086,-0.02079823648634071,0.14870268638646145,0.16042751592709417,1.0
2011-07-18,-0.008163117539368405,-0.01070518708913518,0.09313039954023036,0.15489522236300837,1.0
2011-07-19,0.01617714964684356,0.009915332387545595,0.14445721074147444,0.10796119964177288,0.0
2011-07-20,-0.0006710584073998067,0.006143246871023671,0.14284928011033235,0.1812461500471761,1.0
2011-07-21,0.013455262786265243,0.02633729202662368,0.16505094799146272,0.15573812818608107,1.0
2011-07-22,0.0009074395131127662,0.021705675999453358,0.16042751592709417,0.16224544114991346,1.0
2011-07-25,-0.005658995223243947,0.02420979831557782,0.15489522236300837,0.15991797042071262,1.0
2011-07-26,-0.00411342006232854,0.003919228606405717,0.10796119964177288,0.24186949610239963,1.0
2011-07-27,-0.02051772480729147,-0.015927437793485946,0.1812461500471761,0.19632930710394147,1.0
2011-07-28,-0.0032392071555055867,-0.03262190773525678,0.15573812818608107,0.39879186479039913,1.0
2011-07-29,-0.006471427287173138,-0.040000774535542676,0.16224544114991346,0.3961576699097187,1.0
2011-08-01,-0.004140860866230743,-0.038482640178529474,0.15991797042071262,0.6290799968599708,1.0
2011-08-02,-0.025888909190623945,-0.060258129306824885,0.24186949610239963,0.6856275641478946,1.0
2011-08-03,0.0050031459527175165,-0.03473725854681589,0.19632930710394147,0.7560397086638599,1.0
2011-08-04,-0.0490016550437416,-0.08049970643505192,0.39879186479039913,0.7441621647035483,1.0
2011-08-05,-0.0005750829892724604,-0.07460336213715124,0.3961576699097187,0.7450830052947398,1.0
2011-08-08,-0.06895836939262512,-0.1394208706635456,0.6290799968599708,0.5821436369112071,1.0
2011-08-09,0.04631744106338802,-0.06721452040953364,0.6856275641478946,0.48538097623399706,1.0
2011-08-10,-0.04515679702747437,-0.11737446338972553,0.7560397086638599,0.364509828320853,1.0
2011-08-11,0.04525059436377155,-0.02312221398221239,0.7441621647035483,0.3668144012544634,1.0
2011-08-12,0.005247875067275939,-0.017299255925663982,0.7450830052947398,0.3803828939388874,1.0
2011-08-15,0.021550727976033655,0.07320984144299479,0.5821436369112071,0.3482628801154544,1.0
2011-08-16,-0.009786275177620173,0.0171061252019866,0.48538097623399706,0.41681382025235814,1.0
2011-08-17,0.0009469381398126654,0.06320986036927363,0.364509828320853,0.42690939923371923,1.0
2011-08-18,-0.04561859893236344,-0.02765933292686136,0.3668144012544634,0.2996170780091595,1.0
2011-08-19,-0.015122756128207963,-0.04802996412234527,0.3803828939388874,0.29932717666678027,1.0
2011-08-22,0.0002580078732242726,-0.06932268422515464,0.3482628801154544,0.358873425632833,1.0
2011-08-23,0.03371024838647402,-0.025826160661060457,0.41681382025235814,0.2679431292131838,1.0
2011-08-24,0.013034651368546804,-0.01373844743232632,0.42690939923371923,0.25386109564587245,1.0
2011-08-25,-0.01568793473796148,0.016192216762075638,0.2996170780091595,0.24337134996452384,1.0
2011-08-26,0.015008418274915636,0.046323391165199235,0.29932717666678027,0.2844734371483672,1.0
2011-08-29,0.027887505012164332,0.07395288830413929,0.358873425632833,0.21103627963387786,1.0
2011-08-30,0.0023442750237692416,0.04258691494143452,0.2679431292131838,0.2906270800831824,1.0
2011-08-31,0.004909908712070555,0.034462172284958265,0.25386109564587245,0.29830502478480164,1.0
2011-09-01,-0.011942460792303735,0.03820764623061601,0.24337134996452384,0.3445666220431434,1.0
2011-09-02,-0.025607017291752767,-0.0024077893360523878,0.2844734371483672,0.29682729852929307,1.0
2011-09-06,-0.007464076457609708,-0.03775937080582643,0.21103627963387786,0.2990863939892879,1.0
2011-09-07,0.028243824959147193,-0.011859820870448477,0.2906270800831824,0.2414205910967649,1.0
2011-09-08,-0.01066889038730246,-0.02743861996982149,0.29830502478480164,0.25919709331624585,1.0
2011-09-09,-0.027068562510962152,-0.04256472168847991,0.3445666220431434,0.17856854354401577,1.0
2011-09-12,0.0069415681820229275,-0.010016136214704215,0.29682729852929307,0.18533498896160652,1.0
2011-09-13,0.009078726180354301,0.0065266664232597965,0.2990863939892879,0.17416718181184554,1.0
2011-09-14,0.013389760518230381,-0.008327398017657016,0.2414205910967649,0.2571936572126822,1.0
2011-09-15,0.01704104671810514,0.019382539087750582,0.25919709331624585,0.3231539611733151,1.0
2011-09-16,0.00569047556193546,0.0521415771606482,0.17856854354401577,0.323495775443123,1.0
2011-09-19,-0.009850948688080358,0.03534906029054491,0.18533498896160652,0.3557782659484143,1.0
2011-09-20,-0.0016623864527241425,0.024607947657466465,0.17416718181184554,0.3635047743986948,1.0
2011-09-21,-0.02983099508714744,-0.018612807947911356,0.2571936572126822,0.33063249395859295,1.0
2011-09-22,-0.032402456759229786,-0.06805631142524628,0.3231539611733151,0.24432266267668243,1.0
2011-09-23,0.006063588829469748,-0.06768319815771198,0.323495775443123,0.30013128601189765,1.0
2011-09-26,0.02306802129696945,-0.034764228172662184,0.3557782659484143,0.3244192915519434,1.0
2011-09-27,0.010631665357294654,-0.02247017636264339,0.3635047743986948,0.35281471050527474,1.0
2011-09-28,-0.02090819585269548,-0.013547377128191429,0.33063249395859295,0.34387450330469777,1.0
2011-09-29,0.008081486435358656,0.026936566066397015,0.24432266267668243,0.36268344838392486,1.0
2011-09-30,-0.02529127447886567,-0.004418297241938405,0.30013128601189765,0.3204485244703396,1.0
2011-10-03,-0.02886360290378494,-0.056349921442692796,0.3244192915519434,0.34270700257545467,1.0
2011-10-04,0.02223930613115467,-0.044742280668832776,0.35281471050527474,0.30419701727483156,1.0
2011-10-05,0.017707918945510777,-0.006126165870626522,0.34387450330469777,0.28551729485679267,1.0
2011-10-06,0.018138168466480482,0.003930516160495305,0.36268344838392486,0.2557066150212742,1.0
2011-10-07,-0.00819681118762265,0.02102497945173832,0.3204485244703396,0.2774232403174574,1.0
2011-10-10,0.033555643919288364,0.08344422627481163,0.34270700257545467,0.1987380040130085,1.0
2011-10-11,0.0005438556372526529,0.061748775780909614,0.30419701727483156,0.2450993312688341,1.0
2011-10-12,0.009747046937638061,0.053787903773036896,0.28551729485679267,0.2518981295100638,1.0
2011-10-13,-0.0029781023951361333,0.03267163291142028,0.2557066150212742,0.25307360179883287,1.0
2011-10-14,0.017230948802478146,0.05809939290152108,0.2774232403174574,0.25803589054868903,1.0
2011-10-17,-0.01955993759944958,0.004983811382783133,0.1987380040130085,0.23568115129115702,1.0
2011-10-18,0.02021304938031121,0.02465300512584169,0.2450993312688341,0.235833806451292,1.0
2011-10-19,-0.012729818787026607,0.002176139401177021,0.2518981295100638,0.23018973500194337,1.0
2011-10-20,0.004543839821084399,0.009698081617397554,0.25307360179883287,0.3305175954470636,1.0
2011-10-21,0.01863406749243458,0.011101200307353988,0.25803589054868903,0.3029013016571234,1.0
2011-10-24,0.012790806680371788,0.043451944587175356,0.23568115129115702,0.3393024504236893,1.0
2011-10-25,-0.020248346199382077,0.002990549007482069,0.235833806451292,0.36734396826818017,1.0
2011-10-26,0.01048143054408723,0.026201798338595907,0.23018973500194337,0.3771855437996867,1.0
2011-10-27,0.03371659116813434,0.05537454968564584,0.3305175954470636,0.3200381767055511,1.0
2011-10-28,0.00038915352854135727,0.037129635721752624,0.3029013016571234,0.32313629222036555,1.0
2011-10-31,-0.025048616612977612,-0.0007097875715967768,0.3393024504236893,0.27345858850289784,1.0
2011-11-01,-0.02834005962159464,-0.00880150099380934,0.36734396826818017,0.2028820939011305,1.0
2011-11-02,0.015976363304397206,-0.003306568233499365,0.3771855437996867,0.3142278022182388,1.0
2011-11-03,0.018607607200930413,-0.018415552200703286,0.3200381767055511,0.29155609979322555,1.0
2011-11-04,-0.0062998195371895644,-0.025104525266434214,0.32313629222036555,0.31900628834359107,1.0
2011-11-07,0.006276008211166596,0.006220099557709995,0.27345858850289784,0.32314218590472615,1.0
2011-11-08,0.011667310321725162,0.046227469501029794,0.2028820939011305,0.31420382174969846,1.0
2011-11-09,-0.037385347098988095,-0.007134240902355503,0.3142278022182388,0.20599006932491734,1.0
2011-11-10,0.008587201099481741,-0.017154647003804174,0.29155609979322555,0.2306142664126222,1.0
2011-11-11,0.019293223004513554,0.008438395537898945,0.31900628834359107,0.18555451965336167,1.0
2011-11-14,-0.009596036687554769,-0.00743364936082242,0.32314218590472615,0.21828747065619475,1.0
2011-11-15,0.00480559827730043,-0.014295361405247151,0.31420382174969846,0.2176080717113936,1.0
2011-11-16,-0.016755798341954984,0.0063341873517859595,0.20599006932491734,0.24158483196624364,1.0
2011-11-17,-0.016942671987706433,-0.019195685735402215,0.2306142664126222,0.21038099570533395,1.0
2011-11-18,-0.0003947564904724282,-0.0388836652303882,0.18555451965336167,0.29345749449081115,1.0
2011-11-21,-0.01882457110494877,-0.0481121996477822,0.21828747065619475,0.26173222767788235,1.0
2011-11-22,-0.004149438857005794,-0.05706723678208842,0.2176080717113936,0.39781626348919025,1.0
2011-11-23,-0.02234297045859626,-0.0626544088987297,0.24158483196624364,0.36507757309542893,1.0
2011-11-25,-0.0026891193002505226,-0.04840085621127378,0.21038099570533395,0.36458209138344677,1.0
2011-11-28,0.028821079038609924,-0.01918502068219144,0.29345749449081115,0.31037754319226857,1.0
2011-11-29,0.0022112069693969918,0.0018507573921543261,0.26173222767788235,0.3100795813207111,1.0
2011-11-30,0.04240343833622763,0.04840363458538775,0.39781626348919025,0.07571294920255782,0.0
2011-12-01,-0.0019104695778526483,0.06883613546613136,0.36507757309542893,0.16900230320534623,1.0
2011-12-02,-0.00024101537332728125,0.0712842393930546,0.36458209138344677,0.20660685779128005,1.0
2011-12-05,0.010234463299265799,0.05269762365371048,0.31037754319226857,0.2208782835218216,1.0
2011-12-06,0.0011051379065262915,0.05159155459083978,0.3100795813207111,0.22926288811657236,1.0
2011-12-07,0.0020163207826575202,0.011204437037269666,0.07571294920255782,0.24273810698685971,1.0
2011-12-08,-0.021368498950929855,-0.008253592335807542,0.16900230320534623,0.19088447853815907,1.0
2011-12-09,0.016742412907085384,0.008729835944605125,0.20660685779128005,0.1510926471548784,1.0
2011-12-12,-0.01502638690477899,-0.016531014259439664,0.2208782835218216,0.13590204969182496,0.0
2011-12-13,-0.008723953020305214,-0.026360105186271167,0.22926288811657236,0.24117542247262957,1.0
2011-12-14,-0.01141325149713759,-0.03978967746606628,0.24273810698685971,0.22757754753781578,1.0
2011-12-15,0.003237852858081692,-0.015183325657054733,0.19088447853815907,0.23383372038816283,1.0
2011-12-16,0.003210989101900451,-0.028714749462239668,0.1510926471548784,0.2413212725004659,1.0
2011-12-19,-0.011802198458557732,-0.02549056101601841,0.13590204969182496,0.22630943587210772,1.0
2011-12-20,0.029389295930944068,0.012622687935230872,0.24117542247262957,0.12502116429237783,0.0
2011-12-21,0.001947608164854339,0.025983547597222798,0.22757754753781578,0.1454503163148363,1.0
2011-12-22,0.008231577169829831,0.030977271908970937,0.23383372038816283,0.13664878789748822,0.0
2011-12-23,0.008994480783105519,0.03676076359017601,0.2413212725004659,0.16272478920219863,1.0
2011-12-27,7.910481903918606e-05,0.04864206686777293,0.22630943587210772,0.1627292880906291,1.0
2011-12-28,-0.012556506256502386,0.006696264680326471,0.12502116429237783,0.13773133219872613,0.0
2011-12-29,0.010650172463280615,0.015398828978752747,0.1454503163148363,0.11652660096840915,0.0
2011-12-30,-0.004300570740064627,0.002866681068858289,0.13664878789748822,0.11359362094521117,0.0
2012-01-03,0.015355483670177897,0.009227683955930668,0.16272478920219863,0.07045568695660849,0.0
2012-01-04,0.00018790634443729306,0.009336485481328774,0.1627292880906291,0.07047732705950707,0.0
2012-01-05,0.002939392669493865,0.024832384407325023,0.13773133219872613,0.06932622440171786,0.0
2012-01-06,-0.0025401850025391333,0.011642026941505276,0.11652660096840915,0.07563689735176403,0.0
2012-01-09,0.0022590443626086362,0.01820164204417854,0.11359362094521117,0.07808780593392298,0.0
2012-01-10,0.0088465236130604,0.011692681987061042,0.07045568695660849,0.09112426029890253,0.0
2012-01-11,0.00030954934463217333,0.011814324987255922,0.07047732705950707,0.09758089245868652,0.0
2012-01-12,0.0023338827385691882,0.011208815056331246,0.06932622440171786,0.09628122514633247,0.0
2012-01-13,-0.004960204447869401,0.008788795611000978,0.07563689735176403,0.08967297952118568,0.0
2012-01-17,0.003546657768174128,0.01007640901656647,0.07808780593392298,0.08637339354504622,0.0
2012-01-18,0.011046689130222281,0.012276574533728352,0.09112426029890253,0.07123131525879428,0.0
2012-01-19,0.004926501717244016,0.016893526906340196,0.09758089245868652,0.0743567680092239,0.0
2012-01-20,0.0006692357932856269,0.015228879961056633,0.09628122514633247,0.07506289238481505,0.0
2012-01-23,0.0004712319220408503,0.020660316330966884,0.08967297952118568,0.07710159652444705,0.0
2012-01-24,-0.0010263438252235968,0.016087314737569157,0.08637339354504622,0.07682508767686635,0.0
2012-01-25,0.008641694717196025,0.013682320324542903,0.07123131525879428,0.07806964897143402,0.0
2012-01-26,-0.005770508287989055,0.0029853103193098317,0.0743567680092239,0.06691033739817087,0.0
2012-01-27,-0.0015941475452909452,0.0007219269807332595,0.07506289238481505,0.12225019778270359,0.0
2012-01-30,-0.0025253090863453726,-0.002274614027652963,0.07710159652444705,0.1209659450294626,0.0
2012-01-31,-0.0004570511280779364,-0.0017053213305073028,0.07682508767686635,0.12177091649340605,0.0
2012-02-01,0.008860237474265962,-0.0014867785734373664,0.07806964897143402,0.10538619103826612,0.0
2012-02-02,0.0010945478306671234,0.005378277545218812,0.06691033739817087,0.10561830509989094,0.0
2012-02-03,0.014499725948107648,0.021472151038617403,0.12225019778270359,0.05445747504342289,0.0
2012-02-06,-0.0004239640135311185,0.02357349611143166,0.1209659450294626,0.07260393165755065,0.0
2012-02-07,0.0020213375254701533,0.026051884764979747,0.12177091649340605,0.07148381931946252,0.0
2012-02-08,0.0021578809333250354,0.01934952822403882,0.10538619103826612,0.07964728201860233,0.0
2012-02-09,0.0014730251258786603,0.019728005519250358,0.10561830509989094,0.11088006832921575,0.0
2012-02-10,-0.006910122643616179,-0.001681843072473468,0.05445747504342289,0.1008227591737837,0.0
2012-02-13,0.006777023326497382,0.005519144267555033,0.07260393165755065,0.08874997607622123,0.0
2012-02-14,-0.0009399650039259267,0.002557841738158953,0.07148381931946252,0.0916307271856305,0.0
2012-02-15,-0.005397747536216691,-0.0049977867313827735,0.07964728201860233,0.08856431608563864,0.0
2012-02-16,0.010965365833276902,0.004494553976015468,0.11088006832921575,0.04386664094133812,0.0
2012-02-17,0.0023461758829402962,0.013750852502571943,0.1008227591737837,0.041703760675249384,0.0
2012-02-21,0.0007196637576957368,0.007693492933770298,0.08874997607622123,0.04773840853677287,0.0
2012-02-22,-0.0033456974121455286,0.005287760525550697,0.0916307271856305,0.05339571520386357,0.0
2012-02-23,0.00426290318060624,0.014948411242373626,0.08856431608563864,0.06192539171862761,0.0
2012-02-24,0.001670841175508428,0.0056538865846051545,0.04386664094133812,0.06501339148854034,0.0
2012-02-27,0.0013536425518792066,0.004661353253544064,0.041703760675249384,0.06994310535081681,0.0
2012-02-28,0.0033507134923147753,0.007292402988163103,0.04773840853677287,0.12813427703844465,0.0
2012-02-29,-0.004748242756953383,0.005889857643355248,0.05339571520386357,0.13291201452339962,0.0
2012-03-01,0.006139156544532941,0.007766111007281949,0.06192539171862761,0.1434466463243325,0.0
2012-03-02,-0.0032510350278581205,0.0028442348039154006,0.06501339148854034,0.14389725237037362,0.0
2012-03-05,-0.0038772005028211405,-0.0023866082507849463,0.06994310535081681,0.14124471477299502,0.0
2012-03-06,-0.015489506127544145,-0.021226827870643866,0.12813427703844465,0.1553431769541516,1.0
2012-03-07,0.006876921722994126,-0.009601663390696359,0.13291201452339962,0.1477166006780976,1.0
2012-03-08,0.009770049174722241,-0.005970770760507059,0.1434466463243325,0.13708860306850132,0.0
2012-03-09,0.0036246730207315234,0.0009049372880825871,0.14389725237037362,0.13488587886647826,0.0
2012-03-12,0.00016044778678812074,0.0049425855776918486,0.14124471477299502,0.13778839181916752,0.0
2012-03-13,0.017969133090434228,0.03840122479567022,0.1553431769541516,0.056277169307101894,0.0
2012-03-14,-0.0011969780885961415,0.030327324984079956,0.1477166006780976,0.0571988557491549,0.0
2012-03-15,0.0059494657015602215,0.026506741510917933,0.13708860306850132,0.06422007340081202,0.0
2012-03-16,0.0011187724767004654,0.02400084096688688,0.13488587886647826,0.0674295229610699,0.0
2012-03-19,0.003965971514071157,0.027806364694169913,0.13778839181916752,0.11549324697328661,0.0
2012-03-20,-0.003005028734390367,0.006832202869345318,0.056277169307101894,0.11525876210988753,0.0
2012-03-21,-0.0018729499037742287,0.0061562310541672305,0.0571988557491549,0.11976887802811882,0.0
2012-03-22,-0.007232634226897842,-0.007025868874290833,0.06422007340081202,0.10880544920933057,0.0
2012-03-23,0.0031040360075561585,-0.00504060534343514,0.0674295229610699,0.10972634845851303,0.0
2012-03-26,0.013790299964088289,0.004783723106581992,0.11549324697328661,0.07261226359735345,0.0
2012-03-27,-0.002820749754246321,0.004968002086726039,0.11525876210988753,0.07534295706114853,0.0
2012-03-28,-0.004953758683289016,0.001887193307211251,0.11976887802811882,0.09869144178455266,0.0
2012-03-29,-0.0016092239433873861,0.007510603590721706,0.10880544920933057,0.09812971156369475,0.0
2012-03-30,0.003691613621621361,0.008098181204786909,0.10972634845851303,0.12457741886600411,0.0
2012-04-02,0.007476626120982405,0.001784507361681024,0.07261226359735345,0.16632160933956527,1.0
2012-04-03,-0.003996611820141247,0.0006086452957860984,0.07534295706114853,0.17214427263383464,1.0
2012-04-04,-0.010254926852538038,-0.004692522873462925,0.09869144178455266,0.18377354747033384,1.0
2012-04-05,-0.0006292401524213991,-0.003712539082496937,0.09812971156369475,0.204194206264109,1.0
2012-04-09,-0.011423437999542612,-0.01882759070366091,0.12457741886600411,0.18743296845578067,1.0
2012-04-10,-0.017229025277185804,-0.043533242101829114,0.16632160933956527,0.17909110927842198,1.0
2012-04-11,0.007421289800123757,-0.032115340481564114,0.17214427263383464,0.17358006321315042,1.0
2012-04-12,0.013685315235975748,-0.008175098393050327,0.18377354747033384,0.1499208509639229,1.0
2012-04-13,-0.012553467125056119,-0.020099325365685046,0.204194206264109,0.1208411121981726,0.0
2012-04-16,-0.0005037272401734527,-0.009179614606315889,0.18743296845578067,0.13484290211638297,0.0
2012-04-17,0.015367979157954645,0.02341738982882456,0.17909110927842198,0.08342271430220304,0.0
2012-04-18,-0.004063533761746023,0.01193256626695478,0.17358006321315042,0.12403183183651974,0.0
2012-04-19,-0.005952075477202332,-0.007704824446223301,0.1499208509639229,0.12582731009070092,0.0
2012-04-20,0.0011685826213373295,0.006017225300170147,0.1208411121981726,0.1267152646175228,0.0
2012-04-23,-0.008443113102887432,-0.0019221605625438318,0.13484290211638297,0.11500874013711587,0.0
2012-04-24,0.003673019641628904,-0.013617120078869572,0.08342271430220304,0.1189607039702633,0.0
2012-04-25,0.0135523428987414,0.00399875658161785,0.12403183183651974,0.07217917840244804,0.0
2012-04-26,0.006657952133507798,0.016608784192327978,0.12582731009070092,0.07716778839139812,0.0
2012-04-27,0.002411413929023093,0.017851615500013743,0.1267152646175228,0.13790606624572105,0.0
2012-04-30,-0.0038910622753696145,0.022403666327531564,0.11500874013711587,0.13513401135194497,0.0
2012-05-01,0.005642435719684134,0.02437308240558679,0.1189607039702633,0.1326018500939751,0.0
2012-05-02,-0.0024998055766587628,0.008320933930186628,0.07217917840244804,0.13981256821139296,0.0
2012-05-03,-0.0076883511035068415,-0.006025369306828011,0.07716778839139812,0.12994988793871004,0.0
2012-05-04,-0.016278995721590046,-0.024715778957441148,0.13790606624572105,0.06411664898514685,0.0
2012-05-07,0.000350519582897646,-0.02047419709917389,0.13513401135194497,0.10197459574943703,0.0
2012-05-08,-0.004287853134969311,-0.03040448595382734,0.1326018500939751,0.10557333600875847,0.0
2012-05-09,-0.006724827531781949,-0.03462950790895052,0.13981256821139296,0.09923827354361553,0.0
2012-05-10,0.0025142474063852525,-0.02442690939905843,0.12994988793871004,0.14533308457008196,1.0
2012-05-11,-0.0033930913342817433,-0.011541005011750127,0.06411664898514685,0.15268497567482736,1.0
2012-05-14,-0.011175073102338487,-0.02306659769698626,0.10197459574943703,0.17255197016307508,1.0
2012-05-15,-0.005762408276502476,-0.024541152838519424,0.10557333600875847,0.16766796894329478,1.0
2012-05-16,-0.0044135439289479245,-0.0222298692356854,0.09923827354361553,0.16515181515031926,1.0
2012-05-17,-0.015165797405604461,-0.03990991404767511,0.14533308457008196,0.12561411061142067,0.0
2012-05-18,-0.007415201826754865,-0.04393202454014823,0.15268497567482736,0.11508491153656222,0.0
2012-05-21,0.01590868439583931,-0.01684826704197044,0.17255197016307508,0.081286078331973,0.0
2012-05-22,0.00048621879514186843,-0.010599639970326095,0.16766796894329478,0.13077691672392178,0.0
2012-05-23,0.001692270514548765,-0.004493825526829405,0.16515181515031926,0.1312253672987074,0.0
2012-05-24,0.0013790801585880884,0.012051052037363145,0.12561411061142067,0.22023084973167448,1.0
2012-05-25,-0.002167980702760717,0.01729827316135729,0.11508491153656222,0.2196937526232853,1.0
2012-05-29,0.01101805527882847,0.012407644044346453,0.081286078331973,0.2092616822446878,1.0
2012-05-30,-0.014438629304797283,-0.002517204055592699,0.13077691672392178,0.24383439296993173,1.0
2012-05-31,-0.0022792610600432576,-0.006488735630184721,0.1312253672987074,0.2432980743095596,1.0
2012-06-01,-0.024951295414361523,-0.032819111203134334,0.22023084973167448,0.17637505723612115,1.0
2012-06-04,0.00010954819498779878,-0.03054158230538582,0.2196937526232853,0.19808360491203608,1.0
2012-06-05,0.005710514594359025,-0.03584912298985526,0.2092616822446878,0.2106086127070879,1.0
2012-06-06,0.022787776048048256,0.0013772823629902772,0.24383439296993173,0.14383234711298556,0.0
2012-06-07,-0.00010647016016737382,0.003550073262866161,0.2432980743095596,0.16284553642288688,1.0
2012-06-08,0.008081420799989608,0.03658278947721729,0.17637505723612115,0.16899167711574822,1.0
2012-06-11,-0.012700423815401067,0.023772817466828425,0.19808360491203608,0.1432957645651725,0.0
2012-06-12,0.011583389901239803,0.029645692773709202,0.2106086127070879,0.13630830418447532,0.0
2012-06-13,-0.007048030071104175,-0.00019011334544322828,0.14383234711298556,0.12735743833213298,0.0
2012-06-14,0.010756592649869777,0.010672949464593922,0.16284553642288688,0.189561035197299,1.0
2012-06-15,0.010284745652146795,0.012876274316751108,0.16899167711574822,0.18214862498502493,1.0
2012-06-18,0.0014437039589353582,0.027020402091087532,0.1432957645651725,0.2147335509242107,1.0
2012-06-19,0.009767834417612748,0.025204846607460477,0.13630830418447532,0.20602039652734966,1.0
2012-06-20,-0.001687780512771723,0.030565096165792924,0.12735743833213298,0.21525169817957912,1.0
2012-06-21,-0.022513208183375856,-0.0027047046674527064,0.189561035197299,0.14495911861234453,1.0
2012-06-22,0.00714898923450435,-0.00584046108509515,0.18214862498502493,0.22130083428483344,1.0
2012-06-25,-0.016083502390603004,-0.02336766743463351,0.2147335509242107,0.19036994795658024,1.0
2012-06-26,0.004761368161020215,-0.028374133691226044,0.20602039652734966,0.1924668372378523,1.0
2012-06-27,0.00894478141961743,-0.017741571758836894,0.21525169817957912,0.18472528907546742,1.0
2012-06-28,-0.0021120283457667526,0.0026596080787722113,0.14495911861234453,0.1960245310573743,1.0
2012-06-29,0.024614793734920246,0.02012541257918811,0.22130083428483344,0.08957925531086922,0.0
2012-07-02,0.002456292158706836,0.038665207128497955,0.19036994795658024,0.10524045325517994,0.0
2012-07-03,0.0062127715684242545,0.040116610535901986,0.1924668372378523,0.09555207107107286,0.0
2012-07-05,-0.004698041566321199,0.026473787549963358,0.18472528907546742,0.09632017131927434,0.0
2012-07-06,-0.009477418655581979,0.019108397240148133,0.1960245310573743,0.1350728102333933,0.0
2012-07-09,-0.00164017617051813,-0.0071465726652902425,0.08957925531086922,0.13557156776313908,0.0
2012-07-10,-0.00815912178959069,-0.017761986613587768,0.10524045325517994,0.13330872662982093,0.0
2012-07-11,-1.4923688990578574e-05,-0.023989681871002602,0.09555207107107286,0.1414410475833041,0.0
2012-07-12,-0.004999574352459078,-0.02429121465714048,0.09632017131927434,0.1382637357486008,0.0
2012-07-13,0.016362759247573275,0.001548963246014775,0.1350728102333933,0.10381199785386633,0.0
2012-07-16,-0.0023169958916205513,0.0008721435249123537,0.13557156776313908,0.1205927235071017,0.0
2012-07-17,0.00738235580991176,0.016413621124414805,0.13330872662982093,0.1263052717264658,0.0
2012-07-18,0.006658275330085007,0.02308682014349039,0.1414410475833041,0.11714787026760905,0.0
2012-07-19,0.002713415248511383,0.030799809744460848,0.1382637357486008,0.16406551848364329,1.0
2012-07-20,-0.010112620534169033,0.0043244299627185415,0.10381199785386633,0.19941983188679183,1.0
2012-07-23,-0.008948979003707246,-0.0023075531493681528,0.1205927235071017,0.18906032204734766,1.0
2012-07-24,-0.00908205019242412,-0.018771959151704033,0.1263052717264658,0.1803604861990639,1.0
2012-07-25,-0.0003139107221179555,-0.025744145203906995,0.11714787026760905,0.18152142882867783,1.0
2012-07-26,0.01640566286495112,-0.012051897587467261,0.16406551848364329,0.14914522488047388,1.0
2012-07-27,0.018900814490450273,0.016961537437152046,0.19941983188679183,0.148892817981327,1.0
2012-07-30,-0.00048347644461061725,0.025427039996248676,0.18906032204734766,0.14976681764351005,1.0
2012-07-31,-0.004326172766220222,0.03018291742245257,0.1803604861990639,0.15097855586150755,1.0
2012-08-01,-0.0029041929017454256,0.0275926352428251,0.18152142882867783,0.14962903182742174,1.0
2012-08-02,-0.007531963624136046,0.003655008753737937,0.14914522488047388,0.13977930049622794,0.0
2012-08-03,0.018861288185302486,0.003615482448590151,0.148892817981327,0.04300460874051461,0.0
2012-08-06,0.002326560724057678,0.006425519617258447,0.14976681764351005,0.04068999461889626,0.0
2012-08-07,0.005093762742592908,0.015845455126071578,0.15097855586150755,0.01867629246703496,0.0
2012-08-08,0.000620633807453193,0.019370281835270193,0.14962903182742174,0.019868933715926657,0.0
2012-08-09,0.00041359999517301903,0.02731584545457926,0.13977930049622794,0.053937520944936826,0.0
2012-08-10,0.0021860506671047943,0.01064060793638157,0.04300460874051461,0.053335915324464765,0.0
2012-08-13,-0.0012526850781939547,0.007061362134129936,0.04068999461889626,0.052589483537851485,0.0
2012-08-14,-0.00012815461201997174,0.0018394447795170572,0.01867629246703496,0.0581680355427077,0.0
2012-08-15,0.0011389916294490677,0.002357802601512932,0.019868933715926657,0.05762568161573996,0.0
2012-08-16,0.007075420387505465,0.009019622993845379,0.053937520944936826,0.06409713878609591,0.0
2012-08-17,0.0018703837394767023,0.008703956066217286,0.053335915324464765,0.07757896546260569,0.0
2012-08-20,-2.1175053652821643e-05,0.009935466090758419,0.052589483537851485,0.07765649753117686,0.0
2012-08-21,-0.003503666814444632,0.006559953888333758,0.0581680355427077,0.07378877351861916,0.0
2012-08-22,0.00022637762345679676,0.0056473398823414876,0.05762568161573996,0.07401419723991796,0.0
2012-08-23,-0.008104999597722566,-0.009533080102886542,0.06409713878609591,0.072541846264707,0.0
2012-08-24,0.006433988343262266,-0.00496947549910098,0.07757896546260569,0.06683271453562536,0.0
2012-08-27,-0.0004891344205224454,-0.005437434865970605,0.07765649753117686,0.06725436931179017,0.0
2012-08-28,-0.0008085090427962799,-0.0027422770943222523,0.07378877351861916,0.06743676122089513,0.0
2012-08-29,0.0008439929642994782,-0.002124661753479571,0.07401419723991796,0.1585472070569713,1.0
2012-08-30,-0.007836429729673381,-0.0018560918854303868,0.072541846264707,0.15121346251945544,1.0
2012-08-31,0.005060469767645165,-0.0032296104610474883,0.06683271453562536,0.1532694900750255,1.0
2012-09-04,-0.0011666393226880797,-0.003907115363213122,0.06725436931179017,0.15465031523351686,1.0
2012-09-05,-0.0010682316532888013,-0.0041668379737056435,0.06743676122089513,0.1551755985334677,1.0
2012-09-06,0.020229536612006892,0.01521870567400177,0.1585472070569713,0.12901713512726076,0.0
2012-09-07,0.0040417949889430295,0.027096930392618183,0.15121346251945544,0.1288755192822325,0.0
2012-09-10,-0.006166805654652836,0.01586965497032018,0.1532694900750255,0.12323086153181907,0.0
2012-09-11,0.003130052101452872,0.020166346394461132,0.15465031523351686,0.12155129452086412,0.0
2012-09-12,0.002090505602596938,0.02332508365034687,0.1551755985334677,0.12093474960809815,0.0
2012-09-13,0.01617817215384428,0.019273719192184256,0.12901713512726076,0.03806050745726963,0.0
2012-09-14,0.003951135292808127,0.019183059496049353,0.1288755192822325,0.025730722360838655,0.0
2012-09-17,-0.0031295828602655195,0.022220282290436672,0.12323086153181907,0.020499538132869935,0.0
2012-09-18,-0.001280595132117327,0.01780963505686647,0.12155129452086412,0.07716920276109043,0.0
2012-09-19,0.0011848517443742584,0.016903981198643794,0.12093474960809815,0.08690550452900114,0.0
2012-09-20,-0.00054087999282134,0.00018492905197817482,0.03806050745726963,0.11038716439125605,0.0
2012-09-21,-7.532185571705149e-05,-0.003841528096547004,0.025730722360838655,0.11489176398462851,0.0
2012-09-24,-0.002235150069379947,-0.0029470953056614318,0.020499538132869935,0.11533309854798493,0.0
2012-09-25,-0.010557389418567714,-0.012223889592111818,0.07716920276109043,0.08787793705458614,0.0
2012-09-26,-0.005753253211740956,-0.019161994548227035,0.08690550452900114,0.08193885435028365,0.0
2012-09-27,0.009602727708234702,-0.009018386847170991,0.11038716439125605,0.06813366860060256,0.0
2012-09-28,-0.004487808236766832,-0.013430873228220772,0.11489176398462851,0.06026884369151414,0.0
2012-10-01,0.002647997667994667,-0.008547725490846158,0.11533309854798493,0.0623157539112068,0.0
2012-10-02,0.0008719067272658147,0.002881570654987371,0.08787793705458614,0.09394052353630347,0.0
2012-10-03,0.003617857293033645,0.012252681159761972,0.08193885435028365,0.10053384966332211,0.0
2012-10-04,0.007148821731697362,0.009798775183224633,0.06813366860060256,0.08679431898409497,0.0
2012-10-05,-0.0003216410840751239,0.01396494233591634,0.06026884369151414,0.08929040429458164,0.0
2012-10-08,-0.0034627238474289053,0.00785422082049277,0.0623157539112068,0.10310591212820212,0.0
2012-10-09,-0.009940182135141966,-0.002957868041915011,0.09394052353630347,0.10446351949866228,0.0
2012-10-10,-0.0062072555664811424,-0.012782980901429798,0.10053384966332211,0.09910347262649656,0.0
2012-10-11,0.00019537043698457742,-0.019736432196142583,0.08679431898409497,0.10060462723685903,0.0
2012-10-12,-0.002970544956016541,-0.022385336068084002,0.08929040429458164,0.15410935305968468,1.0
2012-10-15,0.008045470752666933,-0.010877141467988164,0.10310591212820212,0.1431679276974002,0.0
2012-10-16,0.010217555817170515,0.009280596484324317,0.10446351949866228,0.16094737588897884,1.0
2012-10-17,0.004108606125954804,0.019596458176760263,0.09910347262649656,0.15979532242358419,1.0
2012-10-18,-0.0024467198768949572,0.01695436786288073,0.10060462723685903,0.1602614446755088,1.0
2012-10-19,-0.01671014460003599,0.0032147682188612796,0.15410935305968468,0.10787675963978134,0.0
2012-10-22,0.0004394856785508615,-0.0043912168552547905,0.1431679276974002,0.10783730838993738,0.0
2012-10-23,-0.014549234970738009,-0.029158007643163314,0.16094737588897884,0.08313997283763747,0.0
2012-10-24,-0.0030901524835878326,-0.03635676625270595,0.15979532242358419,0.10443576595296743,0.0
2012-10-25,0.002991064948394708,-0.03091898142741628,0.1602614446755088,0.10339919655501424,0.0
2012-10-26,-0.0007292475686444066,-0.014938084396024703,0.10787675963978134,0.11725463801037779,0.0
2012-10-31,0.00015586755128053293,-0.01522170252329503,0.10783730838993738,0.20677236172294627,1.0
2012-11-01,0.010867212600985972,0.01019474504842895,0.08313997283763747,0.21071998570836306,1.0
2012-11-02,-0.009423718242892513,0.003861179289124269,0.10443576595296743,0.20018054819277134,1.0
2012-11-05,0.002161471345057592,0.003031585685787154,0.10339919655501424,0.19959369535625443,1.0
2012-11-06,0.00782250912272711,0.01158334237715867,0.11725463801037779,0.19379710663750063,1.0
2012-11-07,-0.023990484179204748,-0.01256300935332661,0.20677236172294627,0.13548546925509364,0.0
2012-11-08,-0.0122799333135091,-0.03571015526782168,0.21071998570836306,0.10432806351696634,0.0
2012-11-09,0.0016972512798215903,-0.02458918574510758,0.20018054819277134,0.10915171193242346,0.0
2012-11-12,0.00013047937654856286,-0.02662017771361661,0.19959369535625443,0.17722371691829902,1.0
2012-11-13,-0.003993383474745327,-0.038436070311089046,0.19379710663750063,0.17500479083972945,1.0
2012-11-14,-0.013948870444327605,-0.0283944565762119,0.13548546925509364,0.14522736051700527,1.0
2012-11-15,-0.001594815957016726,-0.017709339219719525,0.10432806351696634,0.17147835702554926,1.0
2012-11-16,0.004828274735175702,-0.014578315764365413,0.10915171193242346,0.16863546525190592,1.0
2012-11-19,0.01966737673954756,0.004958581598633584,0.17722371691829902,0.10162150674621342,0.0
2012-11-20,0.0006631664358276915,0.009615131509206601,0.17500479083972945,0.11571970284818361,0.0
2012-11-21,0.002317493660971613,0.02588149561450582,0.14522736051700527,0.11847041501819874,0.0
2012-11-23,0.012942202068968308,0.04041851364049086,0.17147835702554926,0.07479665807587879,0.0
2012-11-26,-0.0020316442693263446,0.03355859463598881,0.16863546525190592,0.0807885117134381,0.0
2012-11-27,-0.005240293685227754,0.008650924211213495,0.10162150674621342,0.07273486155842387,0.0
2012-11-28,0.007825330760125263,0.01581308853551107,0.11571970284818361,0.048274936307752904,0.0
2012-11-29,0.004260553566881813,0.017756148441421267,0.11847041501819874,0.04432636474031604,0.0
2012-11-30,0.0001624943340681183,0.004976440706521077,0.07479665807587879,0.04891057612324783,0.0
2012-12-03,-0.004756519166260062,0.0022515658095873595,0.0807885117134381,0.035464714777067724,0.0
2012-12-04,-0.0017112757910542108,0.0057805837037609034,0.07273486155842387,0.057075634786382445,0.0
2012-12-05,0.0015836076545869759,-0.0004611394017773839,0.048274936307752904,0.05604780170069771,0.0
2012-12-06,0.0033011358587093772,-0.0014205571099498195,0.04432636474031604,0.06796273046965588,0.0
2012-12-07,0.002916661999350491,0.0013336105553325532,0.04891057612324783,0.07110330400526196,0.0
2012-12-10,0.0003385032499758963,0.0064286329715685115,0.035464714777067724,0.10985635706560408,0.0
2012-12-11,0.006527531315292975,0.014667440077915699,0.057075634786382445,0.1284340062547769,0.0
2012-12-12,0.000448139333956705,0.013531971757285426,0.05604780170069771,0.139320471344014,0.0
2012-12-13,-0.006341489977008348,0.003889345921567702,0.06796273046965588,0.13745220580396234,0.0
2012-12-14,-0.004143975679491531,-0.0031712917572743198,0.07110330400526196,0.15000907973639796,1.0
2012-12-17,0.011800688037811027,0.008290893030560811,0.10985635706560408,0.12563868055353053,0.0
2012-12-18,0.011421185666775555,0.013184547382043391,0.1284340062547769,0.10184025660198169,0.0
2012-12-19,-0.0076181455628212226,0.005118262485265464,0.139320471344014,0.08672561025995093,0.0
2012-12-20,0.005473104693568626,0.01693285715584244,0.13745220580396234,0.11060833022428337,0.0
2012-12-21,-0.009422944450144789,0.011653888385189179,0.15000907973639796,0.14827013872181763,1.0
2012-12-24,-0.0024432789712663986,-0.0025900786238882453,0.12563868055353053,0.2310855935911637,1.0
2012-12-26,-0.0047989567899257195,-0.01881022108058952,0.10184025660198169,0.2290404512301481,1.0
2012-12-27,-0.0012191849162664064,-0.012411260434034704,0.08672561025995093,0.23145574303640973,1.0
2012-12-28,-0.011111445674961485,-0.028995810802564814,0.11060833022428337,0.21872882303521454,1.0
2012-12-31,0.01680002726988578,-0.002772839082534246,0.14827013872181763,0.18479429840481626,1.0
2013-01-02,0.025086115958697298,0.02475655584742945,0.2310855935911637,0.05278359131545825,0.0
2013-01-03,-0.002087795423524574,0.027467717213830595,0.2290404512301481,0.07384845716354743,0.0
2013-01-04,0.0048532999789810665,0.03354020210907807,0.23145574303640973,0.06531891433761781,0.0
2013-01-07,-0.003128003259122683,0.04152364452491687,0.21872882303521454,0.0617828551361232,0.0
2013-01-08,-0.0032476391807331087,0.02147597807429798,0.18479429840481626,0.05787638768679444,0.0
2013-01-09,0.00265234535868163,-0.0009577925257176862,0.05278359131545825,0.05474551040932251,0.0
2013-01-10,0.00756870010921085,0.008698703007017737,0.07384845716354743,0.04130074811936788,0.0
2013-01-11,-4.751511497752233e-05,0.0037978879130591485,0.06531891433761781,0.047826801195574656,0.0
2013-01-14,-0.0009311049049197806,0.005994786267262051,0.0617828551361232,0.05681196786977126,0.0
2013-01-15,0.001128033295304306,0.010370458743299466,0.05787638768679444,0.05725232466778401,0.0
2013-01-16,0.0001969725099562613,0.007915085894574098,0.05474551040932251,0.05723526410616466,0.0
2013-01-17,0.0056270605413545815,0.005973446326717829,0.04130074811936788,0.05627118519719528,0.0
2013-01-18,0.003397492378151099,0.009418453819846451,0.047826801195574656,0.05251118246643549,0.0
2013-01-22,0.00441833162771152,0.01476789035247775,0.05681196786977126,0.05550533987308888,0.0
2013-01-23,0.001506341924293118,0.015146198981466562,0.05725232466778401,0.06112214409690144,0.0
2013-01-24,6.61466154430249e-06,0.014955841133054605,0.05723526410616466,0.06378023961674963,0.0
2013-01-25,0.005430708661868184,0.014759489253568207,0.05627118519719528,0.08731566724580693,0.0
2013-01-28,-0.0018513342747921247,0.009510662600624983,0.05251118246643549,0.11933117206608368,0.0
2013-01-29,0.005093003781205059,0.010185334754118522,0.05550533987308888,0.13544290222452401,0.0
2013-01-30,-0.003907244671751714,0.0047717481580736906,0.06112214409690144,0.13262932104852931,0.0
2013-01-31,-0.002566591958392015,0.0021985415381373724,0.06378023961674963,0.1319966148671005,0.0
2013-02-01,0.010002513224009682,0.00677034610027887,0.08731566724580693,0.11825781443216553,0.0
2013-02-04,-0.0116058327096515,-0.002984152334580506,0.11933117206608368,0.08493993165480791,0.0
2013-02-05,0.010362632222059643,0.0022854761062740796,0.13544290222452401,0.043939609916304224,0.0
2013-02-06,0.0005490198591339299,0.006741740637159723,0.13262932104852931,0.043967786321516905,0.0
2013-02-07,-0.001807031055856767,0.007501301539694971,0.1319966148671005,0.04233931519982724,0.0
2013-02-08,0.0056419945850431485,0.0031407829007284362,0.11825781443216553,0.015600763921468152,0.0
2013-02-11,-0.0006063012476382776,0.014140314362741659,0.08493993165480791,0.05401676618182212,0.0
2013-02-12,0.0015940011376042063,0.0053716832782862226,0.043939609916304224,0.10315874161089061,0.0
2013-02-13,0.0005920877747906565,0.005414751193942948,0.043967786321516905,0.11242361590033323,0.0
2013-02-14,0.000690433265053607,0.007912215514853322,0.04233931519982724,0.12829607396905562,0.0
2013-02-15,-0.001045627796013619,0.001224593133796555,0.015600763921468152,0.18334544756782378,1.0
2013-02-19,0.007309694441361245,0.009140588822796078,0.05401676618182212,0.18108665718252612,1.0
2013-02-20,-0.012481711430005843,-0.004935123744813971,0.10315874161089061,0.18165917247218255,1.0
2013-02-21,-0.00632300546566533,-0.011850216985269958,0.11242361590033323,0.17613263689434458,1.0
2013-02-22,0.008734213386774423,-0.0038064368635491418,0.12829607396905562,0.16567863828405183,1.0
2013-02-25,-0.01847927558477439,-0.02124008465230991,0.18334544756782378,0.10632572174712199,0.0
2013-02-26,0.006090876862567387,-0.022458902231103767,0.18108665718252612,0.1183371552216269,0.0
2013-02-27,0.012645699119019574,0.0026685083179216473,0.18165917247218255,0.07748061787778524,0.0
2013-02-28,-0.0008644534614572404,0.008127060322129736,0.17613263689434458,0.0783044288411901,0.0
2013-03-01,0.002321159449526721,0.0017140063848820344,0.16567863828405183,0.08287089597283376,0.0
2013-03-04,0.004600126548349631,0.02479340851800605,0.10632572174712199,0.0795700302039536,0.0
2013-03-05,0.009520551872499975,0.02822308352793864,0.1183371552216269,0.04533079023603004,0.0
2013-03-06,0.0010839250554146814,0.01666130946433375,0.07748061787778524,0.04563528222938272,0.0
2013-03-07,0.0018148436172064244,0.019340606542997414,0.0783044288411901,0.05907614800023359,0.0
2013-03-08,0.00447112871295497,0.021490575806425664,0.08287089597283376,0.05113392302792691,0.0
2013-03-11,0.0032438188658736856,0.02013426812394972,0.0795700302039536,0.06019269262575001,0.0
2013-03-12,-0.002406145396801988,0.008207570854647754,0.04533079023603004,0.06023176885083385,0.0
2013-03-13,0.0013131891571707575,0.00843683495640383,0.04563528222938272,0.07607014281344023,0.0
2013-03-14,0.005587352158971998,0.012209343498169404,0.05907614800023359,0.0877467010493543,0.0
2013-03-15,-0.0016197737499887566,0.006118441035225678,0.05113392302792691,0.10071170429895494,0.0
2013-03-18,-0.005525570335024047,-0.002650948165672055,0.06019269262575001,0.09575059947885405,0.0
2013-03-19,-0.0024254697268762293,-0.002670272495746296,0.06023176885083385,0.10909953005659145,0.0
2013-03-20,0.006675163815817943,0.0026917021629008896,0.07607014281344023,0.09835878327991353,0.0
2013-03-21,-0.008316923756005078,-0.011212573752076186,0.0877467010493543,0.08375129573745546,0.0
2013-03-22,0.007148643803299891,-0.002444156198787539,0.10071170429895494,0.07383674573633793,0.0
2013-03-25,-0.003345629300947282,-0.0002642151647107736,0.09575059947885405,0.07892465865636082,0.0
2013-03-26,0.007754963194634991,0.009916217756800447,0.10909953005659145,0.09414508370528238,0.0
2013-03-27,-0.0005885230525645966,0.002652530888417908,0.09835878327991353,0.09832884897012559,0.0
2013-03-28,0.004048463396191122,0.01501791804061411,0.08375129573745546,0.09887465434545013,0.0
2013-04-01,-0.004483616865356026,0.0033856573719581937,0.07383674573633793,0.10369466671305742,0.0
2013-04-02,0.005158933898853431,0.011890220571758906,0.07892465865636082,0.10021033261570542,0.0
2013-04-03,-0.010602133218841155,-0.006466875841717241,0.09414508370528238,0.10851174670207679,0.0
2013-04-04,0.004040279012737101,-0.001838073776415543,0.09832884897012559,0.10763733873039609,0.0
2013-04-05,-0.004304145168907639,-0.010190682341514304,0.09887465434545013,0.10516100964390152,0.0
2013-04-08,0.006282958765270947,0.0005758932891126688,0.10369466671305742,0.19046371354466032,1.0
2013-04-09,0.003538065806577469,-0.0010449748031632934,0.10021033261570542,0.2140479889600606,1.0
2013-04-10,0.012115443329548888,0.021672601745226748,0.10851174670207679,0.22116752812853802,1.0
2013-04-11,0.0035459561795765683,0.021178278912066216,0.10763733873039609,0.22485494978041462,1.0
2013-04-12,-0.0028407983185492532,0.022641625762424605,0.10516100964390152,0.23251659586512366,1.0
2013-04-15,-0.02323412455036433,-0.006875457553210673,0.19046371354466032,0.16717343845782368,1.0
2013-04-16,0.014205840828064486,0.0037923174682763447,0.2140479889600606,0.1522855930165892,1.0
2013-04-17,-0.014431313685984552,-0.022754439547257095,0.22116752812853802,0.1126696853875771,0.0
2013-04-18,-0.0067235559695443025,-0.033023951696377965,0.22485494978041462,0.10598694246131297,0.0
2013-04-19,0.008808989051054724,-0.021374164326773987,0.23251659586512366,0.08656569878844333,0.0
2013-04-22,0.004650798215427389,0.006510758439017727,0.16717343845782368,0.0948023517167611,0.0
2013-04-23,0.01036531280555277,0.002670230416506011,0.1522855930165892,0.062313394879402885,0.0
2013-04-24,6.340170072840042e-06,0.017107884272563403,0.1126696853875771,0.09105184900644928,0.0
2013-04-25,0.004026614564991384,0.02785805480709909,0.10598694246131297,0.10905308207350271,0.0
2013-04-26,-0.0018438118015177635,0.0172052539545266,0.08656569878844333,0.1313629486818206,0.0
2013-04-29,0.00716031536940742,0.019714771108506633,0.0948023517167611,0.1218823116647046,0.0
2013-04-30,0.00248181741858196,0.011831275721535821,0.062313394879402885,0.12616027417749595,0.0
2013-05-01,-0.009351472649564404,0.0024734629018985776,0.09105184900644928,0.11121521854257828,0.0
2013-05-02,0.009364003810320709,0.007810852147227903,0.10905308207350271,0.09293671057698713,0.0
2013-05-03,0.01047956394817034,0.020134227896916004,0.1313629486818206,0.0635570185361274,0.0
2013-05-06,0.001905961128483939,0.014879873655992526,0.1218823116647046,0.062100723390534476,0.0
2013-05-07,0.005216639159837863,0.017614695397248428,0.12616027417749595,0.08727635299211664,0.0
2013-05-08,0.004130538866696586,0.031096706913509416,0.11121521854257828,0.08982617117648674,0.0
2013-05-09,-0.00369391802877331,0.018038785074415396,0.09293671057698713,0.09301780448878601,0.0
2013-05-10,0.004312343771584845,0.011871564897829904,0.0635570185361274,0.1140505782109947,0.0
2013-05-13,4.288844886953105e-05,0.010008492218215497,0.062100723390534476,0.11416083390783709,0.0
2013-05-14,0.010091066969150287,0.01488292002752792,0.08727635299211664,0.08972035871684186,0.0
2013-05-15,0.005101103490210887,0.01585348465104222,0.08982617117648674,0.10107960211707616,0.0
2013-05-16,-0.005022331985410747,0.014525070694404785,0.09301780448878601,0.09683970236763023,0.0
2013-05-17,0.010247411986562578,0.020460138909382516,0.1140505782109947,0.06403734690608423,0.0
2013-05-20,-0.0007078684047072334,0.019709382055805753,0.11416083390783709,0.07803356590497298,0.0
2013-05-21,0.001720904683002348,0.011339219769657814,0.08972035871684186,0.09198537428368717,0.0
2013-05-22,-0.008308074265778554,-0.0020699579863316265,0.10107960211707616,0.07522613143799063,0.0
2013-05-23,-0.0029281151046060853,2.4258894473034795e-05,0.09683970236763023,0.12527230602385628,0.0
2013-05-24,-0.0005515174989888943,-0.010774670591078438,0.06403734690608423,0.13207281363379744,0.0
2013-05-28,0.006320962109160131,-0.003745840077211073,0.07803356590497298,0.13026355356629366,0.0
2013-05-29,-0.007072936243165862,-0.012539681003379283,0.09198537428368717,0.15540535564295338,1.0
2013-05-30,0.003663625114313425,-0.0005679816232873037,0.07522613143799063,0.16455038473308356,1.0
2013-05-31,-0.014410576921857085,-0.012050443440538303,0.12527230602385628,0.1574914823546922,1.0
2013-06-03,0.005918439859741687,-0.005580486081807721,0.13207281363379744,0.15180323948066385,1.0
2013-06-04,-0.005526048005605536,-0.01742749619657339,0.13026355356629366,0.16356704474654796,1.0
2013-06-05,-0.013875554543922225,-0.024230114497329754,0.15540535564295338,0.1435649152131036,0.0
2013-06-06,0.008454454144230643,-0.019439285467412533,0.16455038473308356,0.16692486042388469,1.0
2013-06-07,0.01274991452694569,0.00772120598139024,0.1574914823546922,0.1463786908247258,1.0
2013-06-10,-0.0003468736036370341,0.001455892518011519,0.15180323948066385,0.1558368474706857,1.0
2013-06-11,-0.01020526418482108,-0.0032233236612040257,0.16356704474654796,0.14856585710435669,1.0
2013-06-12,-0.008404776908050976,0.0022474539746672236,0.1435649152131036,0.16827691934719932,1.0
2013-06-13,0.014676069097359318,0.008469068927795899,0.16692486042388469,0.22314722117583602,1.0
2013-06-14,-0.005902401062457968,-0.010183246661607758,0.1463786908247258,0.21999343117410816,1.0
2013-06-17,0.007538875562714677,-0.002297497495256048,0.1558368474706857,0.23034326068725236,1.0
2013-06-18,0.0077609634287832945,0.01566873011834833,0.14856585710435669,0.23350692362289788,1.0
2013-06-19,-0.013948301328481997,0.010125205697917309,0.16827691934719932,0.22206192273967706,1.0
2013-06-20,-0.02532842439229829,-0.029879287791740303,0.22314722117583602,0.13749094302390663,0.0
2013-06-21,0.002666219053525561,-0.021310667675756772,0.21999343117410816,0.1395594887190638,0.0
2013-06-24,-0.01221936895962692,-0.04106891219809837,0.23034326068725236,0.11582429720187172,0.0
2013-06-25,0.009452456559302368,-0.03937741906757929,0.23350692362289788,0.09448309199278462,0.0
2013-06-26,0.009544789666190033,-0.015884328072907263,0.22206192273967706,0.06610339713415195,0.0
2013-06-27,0.006180691300296602,0.015624787619687629,0.13749094302390663,0.0873882843818741,0.0
2013-06-28,-0.004298788980467904,0.008659779585694163,0.1395594887190638,0.08993355931956591,0.0
2013-07-01,0.005389199609389811,0.02626834815471089,0.11582429720187172,0.09612309006227383,0.0
2013-07-02,-0.0005450566900508968,0.016270834905357627,0.09448309199278462,0.09605382318321483,0.0
2013-07-03,0.0008237078945754475,0.007549753133743042,0.06610339713415195,0.13537927815179152,0.0
2013-07-05,0.010150045703225963,0.011519107536672403,0.0873882843818741,0.11667827593433261,0.0
2013-07-08,0.00523780521383603,0.021055701730976338,0.08993355931956591,0.11102367328581317,0.0
2013-07-09,0.007203661934863007,0.022870164056449534,0.09612309006227383,0.10201317986126388,0.0
2013-07-10,0.00018157596462801376,0.023596796711128448,0.09605382318321483,0.10388358411038323,0.0
2013-07-11,0.013463212765353812,0.03623630158190681,0.13537927815179152,0.05409865051737945,0.0
2013-07-12,0.0030817302206288433,0.02916798609930969,0.11667827593433261,0.050778460682278245,0.0
2013-07-15,0.0013739351515561534,0.02530411603702981,0.11102367328581317,0.051876800846658425,0.0
2013-07-16,-0.0037156554177069927,0.014384798684459812,0.10201317986126388,0.04656770678377031,0.0
2013-07-17,0.0027702066483981415,0.01697342936822994,0.10388358411038323,0.05016632330049624,0.0
2013-07-18,0.0050203417120067255,0.008530558314882853,0.05409865051737945,0.03968549520639545,0.0
2013-07-19,0.0016087555796456545,0.007057583673899665,0.050778460682278245,0.03845839241087673,0.0
2013-07-22,0.0020309625424268186,0.00771461106477033,0.051876800846658425,0.04446658233647114,0.0
2013-07-23,-0.0018536538683364202,0.009576612614140903,0.04656770678377031,0.04255750365545544,0.0
2013-07-24,-0.0038185027297184216,0.002987903236024339,0.05016632330049624,0.032820702641503094,0.0
2013-07-25,0.002553209985188819,0.0005207715092064324,0.03968549520639545,0.09260981924274253,0.0
2013-07-26,0.0008279514379092263,-0.0002600326325299958,0.03845839241087673,0.09315277058266103,0.0
2013-07-29,-0.0037430341753677174,-0.006034029350324531,0.04446658233647114,0.08989913447360812,0.0
2013-07-30,0.00037374708533409457,-0.0038066283966540168,0.04255750365545544,0.09866644920206172,0.0
2013-07-31,-0.0001364185159984208,-0.00012454418293401598,0.032820702641503094,0.10230807685699357,0.0
2013-08-01,0.012462588230416578,0.009784834062293744,0.09260981924274253,0.05828327186714531,0.0
2013-08-02,0.0016391140879470276,0.010595996712331544,0.09315277058266103,0.06249927778521275,0.0
2013-08-05,-0.0014809308775636419,0.01285810001013562,0.08989913447360812,0.062150583013972256,0.0
2013-08-06,-0.00573947283055402,0.006744880094247506,0.09866644920206172,0.05088980650920086,0.0
2013-08-07,-0.0038131256619417632,0.0030681729483041636,0.10230807685699357,0.05669720088251597,0.0
2013-08-08,0.0038779210740465357,-0.005516494208065879,0.05828327186714531,0.11351297461940883,0.0
2013-08-09,-0.0035763480414268737,-0.01073195633743978,0.06249927778521275,0.11310515478004964,0.0
2013-08-12,-0.0011535858605248943,-0.010404611320401033,0.062150583013972256,0.1203774005064599,0.0
2013-08-13,0.002772210007268357,-0.0018929284825786557,0.05088980650920086,0.12180518095092699,0.0
2013-08-14,-0.005190063227858108,-0.0032698660484950007,0.05669720088251597,0.12317558077072947,0.0
2013-08-15,-0.014384564947961866,-0.021532352070503403,0.11351297461940883,0.0919567866667238,0.0
2013-08-16,-0.003310067623478068,-0.021266071652554598,0.11310515478004964,0.09319833154885626,0.0
2013-08-19,-0.005917777957153822,-0.026030263749183526,0.1203774005064599,0.08801545483717446,0.0
2013-08-20,0.0038139130983711445,-0.024988560658080736,0.12180518095092699,0.14113287302781555,0.0
2013-08-21,-0.005796369467346862,-0.02559486689756949,0.12317558077072947,0.1363987112064977,0.0
2013-08-22,0.008582441743413965,-0.0026278602061936586,0.0919567866667238,0.1228256417480998,0.0
2013-08-23,0.00393924191021318,0.0046214493274975895,0.09319833154885626,0.1217107719814527,0.0
2013-08-26,-0.004047839230058562,0.006491388054592849,0.08801545483717446,0.12189362448159848,0.0
2013-08-27,-0.01600153922918335,-0.013324064272961646,0.14113287302781555,0.07243631314489121,0.0
2013-08-28,0.0027438773089689754,-0.004783817496645809,0.1363987112064977,0.07029402205191387,0.0
2013-08-29,0.0019614766490956537,-0.01140478259096412,0.1228256417480998,0.06890203452843716,0.0
2013-08-30,-0.0031793671926351754,-0.018523391693812476,0.1217107719814527,0.09602613578196112,0.0
2013-09-03,0.004155575226959593,-0.010319977236794321,0.12189362448159848,0.1051210835399582,0.0
2013-09-04,0.008084187928560308,0.013765749920949338,0.07243631314489121,0.09069021397746348,0.0
2013-09-05,0.0012091315394673384,0.012231004151447702,0.07029402205191387,0.0934286592226931,0.0
2013-09-06,5.442965978223178e-05,0.01032395716213428,0.06890203452843716,0.09538962920497962,0.0
2013-09-09,0.009943282138970118,0.023446606493739572,0.09602613578196112,0.07576610957443021,0.0
2013-09-10,0.007318940484802409,0.02660997175158239,0.1051210835399582,0.06271799670321082,0.0
2013-09-11,0.0030476346138184848,0.02157341843684056,0.09069021397746348,0.10416102861112048,0.0
2013-09-12,-0.0033861418278017777,0.016978145069571446,0.0934286592226931,0.10219165435974964,0.0
2013-09-13,0.002711001653103429,0.019634717062892645,0.09538962920497962,0.11276876419629836,0.0
2013-09-16,0.005677008295820802,0.01536844321974333,0.07576610957443021,0.11054608853302925,0.0
2013-09-17,0.00420886959655227,0.01225837233149319,0.06271799670321082,0.10802066182186291,0.0
2013-09-18,0.012104121558415792,0.021314859276090496,0.10416102861112048,0.06829089154482601,0.0
2013-09-19,-0.0018446541484815583,0.022856346955410715,0.10219165435974964,0.07143030905668184,0.0
2013-09-20,-0.007243053962847499,0.012902291339459788,0.11276876419629836,0.057428774450456126,0.0
2013-09-23,-0.004730758941951058,0.0024945241016879303,0.11054608853302925,0.06335090848809159,0.0
2013-09-24,-0.002600521497731875,-0.004314866992596214,0.10802066182186291,0.08289342258808496,0.0
2013-09-25,-0.0027432251543777135,-0.01916221370538972,0.06829089154482601,0.08071220675046797,0.0
2013-09-26,0.0034793658479979504,-0.01383819370891021,0.07143030905668184,0.10002428577969838,0.0
2013-09-27,-0.004082121663443529,-0.010677261409506242,0.057428774450456126,0.1079570902878435,0.0
2013-09-30,-0.006047479981190951,-0.011993982448746134,0.06335090848809159,0.11614483208350757,0.0
2013-10-01,0.007966724683406784,-0.0014267362676074757,0.08289342258808496,0.13435491804293068,0.0
2013-10-02,-0.0006668918703408628,0.0006495970164293754,0.08071220675046797,0.13433324054969004,0.0
2013-10-03,-0.009019972500552986,-0.01184974133212156,0.10002428577969838,0.19351996050910003,1.0
2013-10-04,0.007028466704283861,-0.0007391529643941703,0.1079570902878435,0.19219642891298655,1.0
2013-10-07,-0.008542747536819599,-0.003234420520022818,0.11614483208350757,0.184647666261076,1.0
2013-10-08,-0.012408749931083476,-0.02360989513451308,0.13435491804293068,0.16990280565015572,1.0
2013-10-09,0.0005737417306057981,-0.022369261533566418,0.13433324054969004,0.1958451030530201,1.0
2013-10-10,0.021595622882836497,0.008246333849823066,0.19351996050910003,0.13087048343029545,0.0
2013-10-11,0.006266595617327234,0.007484462762866439,0.19219642891298655,0.13151143762666712,0.0
2013-10-14,0.004066441145288558,0.020093651444974596,0.184647666261076,0.12830538093013086,0.0
2013-10-15,-0.007088789613758755,0.02541361176229932,0.16990280565015572,0.12481696403422607,0.0
2013-10-16,0.013732804307132302,0.03857267433882582,0.1958451030530201,0.08488039655416701,0.0
2013-10-17,0.0067213144137370845,0.02369836586972641,0.13087048343029545,0.07389917613220294,0.0
2013-10-18,0.00652740546362272,0.023959175716021897,0.13151143762666712,0.0654438050963978,0.0
2013-10-21,9.173220960465485e-05,0.01998446678033799,0.12830538093013086,0.06611702873003758,0.0
2013-10-22,0.005721116239627231,0.03279437263372398,0.12481696403422607,0.06545772566524245,0.0
2013-10-23,-0.004735753240036749,0.014325815086554929,0.08488039655416701,0.06601882405745915,0.0
2013-10-24,0.003252838544355574,0.010857339217173417,0.07389917613220294,0.06760921582408723,0.0
2013-10-25,0.0043852143927746775,0.008715148146325374,0.0654438050963978,0.06344638009210014,0.0
2013-10-28,0.0013288165192369688,0.009952232455957688,0.06611702873003758,0.06765135952506181,0.0
2013-10-29,0.0055686612140941685,0.009799777430424626,0.06545772566524245,0.058409191309744105,0.0
2013-10-30,-0.0048878496945693045,0.00964768097589207,0.06601882405745915,0.055862749422689255,0.0
2013-10-31,-0.003846770567938354,0.002548071863598141,0.06760921582408723,0.1060684255329463,0.0
2013-11-01,0.0028992144122096126,0.0010620718830330763,0.06344638009210014,0.14068912652288673,0.0
2013-11-04,0.0035641993780981683,0.003297454741894276,0.06765135952506181,0.13849005219328153,0.0
2013-11-05,-0.0028095308483402836,-0.005080737320540176,0.058409191309744105,0.13807795637850673,0.0
2013-11-06,0.004256468712287575,0.004063581086316702,0.055862749422689255,0.14638579506407018,1.0
2013-11-07,-0.013270435999594777,-0.005360084345339721,0.1060684255329463,0.11716129657216905,0.0
2013-11-08,0.013338208792264144,0.00507891003471481,0.14068912652288673,0.07519870954026846,0.0
2013-11-11,0.0007226700649729084,0.0022373807215895504,0.13849005219328153,0.07950085567465555,0.0
2013-11-12,-0.002373205445619954,0.0026737061243098798,0.13807795637850673,0.07903994851889166,0.0
2013-11-13,0.008062752720499361,0.006479990132521667,0.14638579506407018,0.06032836566249442,0.0
2013-11-14,0.004825596820450657,0.0245760229525671,0.11716129657216905,0.0759546997061257,0.0
2013-11-15,0.004213146273881077,0.015450960434184034,0.07519870954026846,0.07816014467427096,0.0
2013-11-18,-0.0037050524235046974,0.011023237945706428,0.07950085567465555,0.07414639839090527,0.0
2013-11-19,-0.0020450552776006604,0.01135138811372572,0.07903994851889166,0.07271886835863746,0.0
2013-11-20,-0.003642235996161311,-0.000353600602934951,0.06032836566249442,0.07021334138376625,0.0
2013-11-21,0.0080957054207559,0.0029165079973702927,0.0759546997061257,0.040716232794131654,0.0
2013-11-22,0.0049491905000291735,0.0036525522235183894,0.07816014467427096,0.02822969978105108,0.0
2013-11-25,-0.0012641407872397545,0.006093463859783332,0.07414639839090527,0.03509716552334364,0.0
2013-11-26,0.00014979323550383503,0.008288312372887829,0.07271886835863746,0.03628258908913652,0.0
2013-11-27,0.002481998677460743,0.014412547046509882,0.07021334138376625,0.04426295036290874,0.0
2013-11-29,-0.0007859984571164318,0.00553084316863755,0.040716232794131654,0.09067676106749799,0.0
2013-12-02,-0.002722723534716429,-0.002141070866108053,0.02822969978105108,0.08952519222524126,0.0
2013-12-03,-0.0031979559918936147,-0.0040748860707619135,0.03509716552334364,0.08950141769696637,0.0
2013-12-04,-0.0013043434697867973,-0.005529022776052546,0.03628258908913652,0.12022222251830852,0.0
2013-12-05,-0.004349015813080098,-0.012360037266593387,0.04426295036290874,0.11924502140970218,0.0
2013-12-06,0.011175194876875877,-0.0003988439326010774,0.09067676106749799,0.08902634710589455,0.0
2013-12-09,0.0018154512479509814,0.004139330850066333,0.08952519222524126,0.0987929733405145,0.0
2013-12-10,-0.0031847248956570497,0.004152561946302898,0.08950141769696637,0.09866626017676998,0.0
2013-12-11,-0.011381397674606988,-0.005924492258517293,0.12022222251830852,0.13017661322130136,0.0
2013-12-12,-0.0037776883791563434,-0.005353164824593538,0.11924502140970218,0.12745060235245523,0.0
2013-12-13,-0.00010141528650587885,-0.016629774987975295,0.08902634710589455,0.1319386916028925,0.0
2013-12-16,0.006300152129396221,-0.012145074106530053,0.0987929733405145,0.12971212334520116,0.0
2013-12-17,-0.0031058059363714124,-0.012066155147244417,0.09866626017676998,0.1294847813969663,0.0
2013-12-18,0.01651090600917418,0.01582614853653675,0.13017661322130136,0.06447023509120565,0.0
2013-12-19,-0.0005800974283937316,0.019023739487299362,0.12745060235245523,0.06438293753435341,0.0
2013-12-20,0.004807155440690711,0.02393231021449595,0.1319386916028925,0.0546086231073784,0.0
2013-12-23,0.0053040288862060605,0.022936186971305794,0.12971212334520116,0.04849038879066935,0.0
2013-12-24,0.002911504304306033,0.028953497211983238,0.1294847813969663,0.07692552204927094,0.0
2013-12-26,0.004734304621132077,0.01717689582394113,0.06447023509120565,0.06923494759570571,0.0
2013-12-27,-0.0003366410106074713,0.01742035224172739,0.06438293753435341,0.07146005301868133,0.0
2013-12-30,-0.00017926996201467877,0.012433926839022004,0.0546086231073784,0.08341362572326719,0.0
2013-12-31,0.003951856349111548,0.011081754301927491,0.04849038879066935,0.07856842741264657,0.0
2014-01-02,-0.008901413016629188,-0.0007311630190077294,0.07692552204927094,0.04675102569153644,0.0
2014-01-03,-0.00033302052016060914,-0.005798488160300416,0.06923494759570571,0.04947342879212358,0.0
2014-01-06,-0.0025149272537594355,-0.007976774403452382,0.07146005301868133,0.10100292571671347,0.0
2014-01-07,0.006063345375391041,-0.001734159066046662,0.08341362572326719,0.11909548338572101,0.0
2014-01-08,-0.0002122315034510835,-0.005898246918609293,0.07856842741264657,0.12457808099232909,0.0
2014-01-09,0.0003482485435141758,0.0033514146415340703,0.04675102569153644,0.1249206620733334,0.0
2014-01-10,0.002304030490455301,0.00598846565214998,0.04947342879212358,0.12690665055148828,0.0
2014-01-13,-0.012655966458794009,-0.004152573552884594,0.10100292571671347,0.09175643773745738,0.0
2014-01-14,0.010759876119934082,0.0005439571916584472,0.11909548338572101,0.05099836572110947,0.0
2014-01-15,0.005152889134682223,0.005909077829791753,0.12457808099232909,0.07267141289250852,0.0
2014-01-16,-0.0013480284864258142,0.004212800799851763,0.1249206620733334,0.166194229112436,1.0
2014-01-17,-0.0039027803200150837,-0.001994010010618621,0.12690665055148828,0.1675026505187297,1.0
2014-01-21,0.0027699122428176707,0.013431868690993057,0.09175643773745738,0.17192820383782872,1.0
2014-01-22,0.0005747000497681626,0.0032466926208271395,0.05099836572110947,0.18668130741348274,1.0
2014-01-23,-0.00892932476457093,-0.010835521278426012,0.07267141289250852,0.1927644109336507,1.0
2014-01-24,-0.02109642142734084,-0.03058391421934104,0.166194229112436,0.12979819526193148,0.0
2014-01-27,-0.004888221853339347,-0.031569355752665305,0.1675026505187297,0.20622637238491587,1.0
2014-01-28,0.006121875622432071,-0.0282173923730509,0.17192820383782872,0.2087122310767417,1.0
2014-01-29,-0.01026170390849596,-0.03905379633131502,0.18668130741348274,0.1961155199634019,1.0
2014-01-30,0.011204044372218206,-0.018920427194525885,0.1927644109336507,0.19959445941380594,1.0
2014-01-31,-0.006486290214250376,-0.004310295981435422,0.12979819526193148,0.21568058065031206,1.0
2014-02-03,-0.023096604704486576,-0.022518678832582652,0.20622637238491587,0.14055600156207018,0.0
2014-02-04,0.007612043683081426,-0.021028510771933295,0.2087122310767417,0.1514449655229739,1.0
2014-02-05,-0.0020302824086565886,-0.012797089272093925,0.1961155199634019,0.15076963065363677,1.0
2014-02-06,0.012363054453375717,-0.011638079190936415,0.19959445941380594,0.1293042052060761,0.0
2014-02-07,0.013214193504296921,0.008062404527610884,0.21568058065031206,0.09528422914062701,0.0
2014-02-10,0.0015680048032540356,0.03272701403535149,0.14055600156207018,0.09498805478804306,0.0
2014-02-11,0.011001375944254965,0.036116346296525034,0.1514449655229739,0.07129066874590881,0.0
2014-02-12,-0.00026929864772088686,0.03787733005746073,0.15076963065363677,0.0830733559078947,0.0
2014-02-13,0.005793211978776681,0.0313074875828617,0.1293042052060761,0.0734547271186844,0.0
2014-02-14,0.004797689385548304,0.022890983464113078,0.09528422914062701,0.0784384410693466,0.0
2014-02-18,0.0011578033925587676,0.022480782053417813,0.09498805478804306,0.07859191891358532,0.0
2014-02-19,-0.0065458617731959995,0.004933544335966849,0.07129066874590881,0.06338106034597842,0.0
2014-02-20,0.006013341826934013,0.011216184810621747,0.0830733559078947,0.058502753236412866,0.0
2014-02-21,-0.0019205666731810659,0.0035024061586640017,0.0734547271186844,0.06021503012934397,0.0
2014-02-24,0.006167455552331448,0.004872172325447145,0.0784384410693466,0.0668807962079262,0.0
2014-02-25,-0.0013485906767746498,0.002365778256113728,0.07859191891358532,0.12630463118625299,0.0
2014-02-26,2.1699742124629578e-05,0.008933339771434356,0.06338106034597842,0.1263051051668326,0.0
2014-02-27,0.004935881408416543,0.007855879352916886,0.058502753236412866,0.12195761695392547,0.0
2014-02-28,0.0027788242813380905,0.012555270307436042,0.06021503012934397,0.12041205645676728,0.0
2014-03-03,-0.007405866200454787,-0.0010180514453501915,0.0668807962079262,0.10837713134238451,0.0
2014-03-04,0.015152322676141788,0.015482861907566247,0.12630463118625299,0.0385033243439198,0.0
2014-03-05,-5.335274966455346e-05,0.015407809415777064,0.1263051051668326,0.038562349566690746,0.0
2014-03-06,0.0017169334968570882,0.012188861504217609,0.12195761695392547,0.09121759467397911,0.0
2014-03-07,0.0005379445771157059,0.009947981799995224,0.12041205645676728,0.09331937837658982,0.0
2014-03-10,-0.0004633536412194934,0.01689049435923052,0.10837713134238451,0.11537488138874816,0.0
2014-03-11,-0.005095096975215844,-0.0033569252921271144,0.0385033243439198,0.12087651314044275,0.0
2014-03-12,0.0003051243232100062,-0.0029984482192525544,0.038562349566690746,0.1285029909297217,0.0
2014-03-13,-0.011770091695883623,-0.016485473411993266,0.09121759467397911,0.1065775986041528,0.0
2014-03-14,-0.002825766417445165,-0.019849184406554133,0.09331937837658982,0.10672902932539668,0.0
2014-03-17,0.009567717695038962,-0.009818113070295682,0.11537488138874816,0.08930830099598247,0.0
2014-03-18,0.0071936822454731885,0.002470666150393352,0.12087651314044275,0.07963054972688076,0.0
2014-03-19,-0.006150525096734505,-0.003984983269551159,0.1285029909297217,0.08319658511398231,0.0
2014-03-20,0.0060223340875217475,0.013807442513854212,0.1065775986041528,0.07263639162902817,0.0
2014-03-21,-0.002936980116608755,0.013696228814690622,0.10672902932539668,0.07695117828038682,0.0
2014-03-24,-0.004876580959363224,-0.0007480698397115647,0.08930830099598247,0.08867191907060136,0.0
2014-03-25,0.0043942708488222335,-0.0035474812363625197,0.07963054972688076,0.09679607082795415,0.0
2014-03-26,-0.007024936954876045,-0.00442189309450406,0.08319658511398231,0.08538978283124787,0.0
2014-03-27,-0.0019018913439770551,-0.012346118526002862,0.07263639162902817,0.08469434918446171,0.0
2014-03-28,0.004629489243409657,-0.0047796491659844505,0.07695117828038682,0.11880858560829835,0.0
2014-03-31,0.007892871384796676,0.00798980317817545,0.08867191907060136,0.1298591495874328,0.0
2014-04-01,0.007014688044213445,0.010610220373566662,0.09679607082795415,0.1228402761126893,0.0
2014-04-02,0.0028492638318384613,0.02048442116028117,0.08538978283124787,0.14360945358926475,0.0
2014-04-03,-0.0011270852130106552,0.02125922729124757,0.08469434918446171,0.20739076506474696,1.0
2014-04-04,-0.012616542925313997,0.004013195122523915,0.11880858560829835,0.19891644731412897,1.0
2014-04-07,-0.010808312332149784,-0.014687988594422545,0.1298591495874328,0.1924980196752304,1.0
2014-04-08,0.0037435379801772804,-0.017959138658458707,0.1228402761126893,0.19655800163390932,1.0
2014-04-09,0.010859039341965573,-0.0099493631483316,0.14360945358926475,0.1953938842425457,1.0
2014-04-10,-0.02110596773738724,-0.029928245672708187,0.20739076506474696,0.1257820043533081,0.0
2014-04-11,-0.009532059739897396,-0.026843762487291582,0.19891644731412897,0.10934960761501268,0.0
2014-04-14,0.008183708150740607,-0.007851742004401191,0.1924980196752304,0.09706920758079991,0.0
2014-04-15,0.006734579517703411,-0.00486070046687506,0.19655800163390932,0.08593024008116677,0.0
2014-04-16,0.010433867948766148,-0.005285871860074488,0.1953938842425457,0.04522722700755126,0.0
2014-04-17,0.0013629237070939353,0.01718301958440669,0.1257820043533081,0.07268168808668704,0.0
2014-04-21,0.003768015655572547,0.030483094979876633,0.10934960761501268,0.07136619509264037,0.0
2014-04-22,0.004083788996127826,0.026383175825263856,0.09706920758079991,0.07341313196573096,0.0
2014-04-23,-0.0022157668625220617,0.01743282944503838,0.08593024008116677,0.07477891299798449,0.0
2014-04-24,0.001715488275330875,0.008714449771603109,0.04522722700755126,0.07378752074954423,0.0
2014-04-25,-0.008129344743501644,-0.0007778186789924712,0.07268168808668704,0.04696400404007947,0.0
2014-04-28,0.003230811162502344,-0.0013150231720626742,0.07136619509264037,0.04307759042088529,0.0
2014-04-29,0.004749460504633521,-0.0006493516635569787,0.07341313196573096,0.06948069453394728,0.0
2014-04-30,0.00298754980270127,0.004553965001666353,0.07477891299798449,0.07719257851976147,0.0
2014-05-01,-0.00014327174433229932,0.002695204982003179,0.07378752074954423,0.07780030483997274,0.0
2014-05-02,-0.0013493550298709083,0.009475194695633914,0.04696400404007947,0.0779570944051735,0.0
2014-05-05,0.0018694675823397822,0.008113851115471353,0.04307759042088529,0.10281766127626,0.0
2014-05-06,-0.009029031461991046,-0.005664640851153214,0.06948069453394728,0.08044658476131406,0.0
2014-05-07,0.005600754871033284,-0.003051435782821201,0.07719257851976147,0.07752260173719416,0.0
2014-05-08,-0.0013745692327864058,-0.004282733271275306,0.07780030483997274,0.10185021386507848,0.0
2014-05-09,0.0015183231948788392,-0.0014150550465255591,0.0779570944051735,0.10470071489324978,0.0
2014-05-12,0.009626256172315509,0.006341733543450167,0.10281766127626,0.0838696075076063,0.0
2014-05-13,0.0004216687882830338,0.015792433793724248,0.08044658476131406,0.09574661364032763,0.0
2014-05-14,-0.004712089565017091,0.005479589357673872,0.07752260173719416,0.10649647404131436,0.0
2014-05-15,-0.009405904183934792,-0.0025517455934745154,0.10185021386507848,0.08463530309580594,0.0
2014-05-16,0.0037399628190006033,-0.0003301059693527511,0.10470071489324978,0.08581366501626674,0.0
2014-05-19,0.003837414189704193,-0.006118947951964068,0.0838696075076063,0.09175008893679333,0.0
2014-05-20,-0.006519604608543308,-0.01306022134879041,0.09574661364032763,0.07961431103730213,0.0
2014-05-21,0.008083340547746922,-0.0002647912360263967,0.10649647404131436,0.0670025724575764,0.0
2014-05-22,0.0023594441947138818,0.011500557142622277,0.08463530309580594,0.06617983706681847,0.0
2014-05-23,0.004239392917884754,0.01199998724150643,0.08581366501626674,0.05916619180574428,0.0
2014-05-27,0.0059699502115288725,0.014132523263331108,0.09175008893679333,0.041371697877045616,0.0
2014-05-28,-0.0011146927500584232,0.01953743512181599,0.07961431103730213,0.04276685288521815,0.0
2014-05-29,0.005352758657361124,0.016806853231430195,0.0670025724575764,0.05016988218108849,0.0
2014-05-30,0.0018419804431013698,0.01628938947981768,0.06617983706681847,0.05848431697737376,0.0
2014-06-02,0.0007275613640587,0.012777557925991629,0.05916619180574428,0.05863541372669976,0.0
2014-06-03,-0.0003792884695348666,0.006428319244927889,0.041371697877045616,0.05859958670915521,0.0
2014-06-04,0.0018898766063629325,0.009432888601349243,0.04276685288521815,0.062343210914485414,0.0
2014-06-05,0.006504082119662981,0.0105842120636511,0.05016988218108849,0.06561549848384078,0.0
2014-06-06,0.00461708354801898,0.013359315168568711,0.05848431697737376,0.06102990967071082,0.0
2014-06-09,0.0009383308564868176,0.01357008466099683,0.05863541372669976,0.06095513724656334,0.0
2014-06-10,-0.0002460138818795375,0.013703359248652158,0.05859958670915521,0.06284785945226329,0.0
2014-06-11,-0.0035433111516659397,0.008270171490623287,0.062343210914485414,0.0793533334125514,0.0
2014-06-12,-0.00711413908891029,-0.005348049717949986,0.06561549848384078,0.06187328818645173,0.0
2014-06-13,0.0031296591990707602,-0.006835474066898207,0.06102990967071082,0.0590359154230625,0.0
2014-06-16,0.0008363553307868065,-0.006937449592598216,0.06095513724656334,0.058744101612306074,0.0
2014-06-17,0.0021702124448891515,-0.004521223265829528,0.06284785945226329,0.07289878272742359,0.0
2014-06-18,0.007689243160729406,0.006711331046565818,0.0793533334125514,0.05947554753687104,0.0
2014-06-19,0.001276663295165036,0.015102133430641144,0.06187328818645173,0.059374424570161094,0.0
2014-06-20,0.0017285634956760601,0.013701037727246443,0.0590359154230625,0.059652418223790846,0.0
2014-06-23,-0.0001324728528989271,0.01273220954356071,0.058744101612306074,0.05970354520919978,0.0
2014-06-24,-0.006456106498617479,0.004105890600054079,0.07289878272742359,0.06079742115833298,0.0
2014-06-25,0.004885557422717193,0.001302204862041867,0.05947554753687104,0.050151832702928674,0.0
2014-06-26,-0.0011795794276391145,-0.0011540378607622834,0.059374424570161094,0.06284973637431308,0.0
2014-06-27,0.0019090452380837368,-0.0009735561183546067,0.059652418223790846,0.06741900901149903,0.0
2014-06-30,-0.00037232599700135415,-0.001213409262457034,0.05970354520919978,0.08402533432091303,0.0
2014-07-01,0.006655572896822518,0.011898270132982964,0.06079742115833298,0.07687501018528321,0.0
2014-07-02,0.0006585960751231936,0.007671308785388964,0.050151832702928674,0.08216804119770725,0.0
2014-07-03,0.005464550227672394,0.014315438440700472,0.06284973637431308,0.07318102869060367,0.0
2014-07-07,-0.003931239054323629,0.008475154148293106,0.06741900901149903,0.07585006087269078,0.0
2014-07-08,-0.007073762181680688,0.0017737179636137723,0.08402533432091303,0.05847920959421726,0.0
2014-07-09,0.004633516553259208,-0.00024833837994953697,0.07687501018528321,0.056776308117918686,0.0
2014-07-10,-0.004139628324473722,-0.005046562779546453,0.08216804119770725,0.09748096425732722,0.0
2014-07-11,0.0014698419980472353,-0.009041271009171611,0.07318102869060367,0.12103817754111573,0.0
2014-07-14,0.004831860726996926,-0.0002781712278510564,0.07585006087269078,0.11724129052274099,0.0
2014-07-15,-0.0019339645679456246,0.004861626385884007,0.05847920959421726,0.12173263265828194,0.0
2014-07-16,0.004192285009448555,0.004420394842073354,0.056776308117918686,0.11869247319695517,0.0
2014-07-17,-0.011904605927478003,-0.0033445827609309264,0.09748096425732722,0.0834100562927497,0.0
2014-07-18,0.010212608899671183,0.005398184140693021,0.12103817754111573,0.05377304950815896,0.0
2014-07-21,-0.002322946423904652,-0.0017566230102085568,0.11724129052274099,0.051222671611926444,0.0
2014-07-22,0.005003611167300126,0.005180952725037193,0.12173263265828194,0.048988593303439285,0.0
2014-07-23,0.001752900777012884,0.0027415684926015223,0.11869247319695517,0.04738361682854896,0.0
2014-07-24,0.00048803681255066896,0.015134211232630194,0.0834100562927497,0.15100448086268894,1.0
2014-07-25,-0.004860946046109087,6.06562868499241e-05,0.05377304950815896,0.14840701284339336,1.0
2014-07-28,0.0002881133935528325,0.002671716104307409,0.051222671611926444,0.15686502706396502,1.0
2014-07-29,-0.004538068413714011,-0.006869963476706728,0.048988593303439285,0.1683533132405977,1.0
2014-07-30,6.091091941020138e-05,-0.008561953334309412,0.04738361682854896,0.16835279449379123,1.0
2014-07-31,-0.02020193215523012,-0.0292519223020902,0.15100448086268894,0.09663516939669319,0.0
2014-08-01,-0.002863216231298331,-0.027254192487279442,0.14840701284339336,0.12470186241395935,0.0
2014-08-04,0.007163314449646609,-0.02037899143118567,0.15686502706396502,0.11552959108638772,0.0
2014-08-05,-0.009732679197336652,-0.02557360221480831,0.1683533132405977,0.09331755830676597,0.0
2014-08-06,1.5638426360123552e-05,-0.025618874707858386,0.16835279449379123,0.10469161555597478,0.0
2014-08-07,-0.005572115446733026,-0.010989057999361295,0.09663516939669319,0.10170167496808971,0.0
2014-08-08,0.011465422557972033,0.0033395807899090687,0.12470186241395935,0.06097575300064894,0.0
2014-08-11,0.0027556250258418476,-0.0010681086338956924,0.11552959108638772,0.08350366850001958,0.0
2014-08-12,-0.0016379823741559415,0.007026588189285017,0.09331755830676597,0.08995384941876292,0.0
2014-08-13,0.006684767102510805,0.013695716865435699,0.10469161555597478,0.07841035470363227,0.0
2014-08-14,0.004336398273697699,0.023604230585866425,0.10170167496808971,0.07508480155048265,0.0
2014-08-15,-6.137480757126603e-05,0.012077433220323125,0.06097575300064894,0.07640710281617065,0.0
2014-08-18,0.0084954832196601,0.01781729141414138,0.08350366850001958,0.05788192761078936,0.0
2014-08-19,0.004988190179197795,0.024443463967495114,0.08995384941876292,0.04638841080069284,0.0
2014-08-20,0.0024747482825436223,0.02023344514752793,0.07841035470363227,0.04293415751542583,0.0
2014-08-21,0.002945547280270624,0.018842594154100858,0.07508480155048265,0.039373000053972144,0.0
2014-08-22,-0.0019945749188226202,0.016909394042849503,0.07640710281617065,0.0436297336630437,0.0
2014-08-25,0.004776353863603847,0.01319026468679325,0.05788192761078936,0.02772503108891316,0.0
2014-08-26,0.0010505288952435787,0.009252603402839035,0.04638841080069284,0.027270406602996972,0.0
2014-08-27,4.998604328455613e-05,0.006827841163579968,0.04293415751542583,0.029366573148180683,0.0
2014-08-28,-0.0016913305449461642,0.002190963338363179,0.039373000053972144,0.04460902947296465,0.0
2014-08-29,0.0033149143290199016,0.0075004525862057015,0.0436297336630437,0.04374452201666963,0.0
2014-09-02,-0.0005442142177026967,0.002179884504899157,0.02772503108891316,0.06381116059953988,0.0
2014-09-03,-0.0007794447528015455,0.0003499108568540332,0.027270406602996972,0.06862084379529823,0.0
2014-09-04,-0.001535599204712169,-0.001235674391142692,0.029366573148180683,0.06803777002800049,0.0
2014-09-05,0.005023247704958486,0.0054789038587619585,0.04460902947296465,0.0718328800793413,0.0
2014-09-08,-0.003077845854315851,-0.0009138563245737943,0.04374452201666963,0.06861451883505354,0.0
2014-09-09,-0.006566521532685439,-0.006936163639556537,0.06381116059953988,0.07305449428775615,0.0
2014-09-10,0.0036394436003678032,-0.0025172752863871876,0.06862084379529823,0.06894838683723918,0.0
2014-09-11,0.0008815167647232053,-0.00010015931695181359,0.06803777002800049,0.07690641061830465,0.0
2014-09-12,-0.0059804054920065425,-0.011103812513916842,0.0718328800793413,0.06421458798915795,0.0
2014-09-15,-0.0007104037481093734,-0.008736370407710364,0.06861451883505354,0.08579368542439125,0.0
2014-09-16,0.007456507324556423,0.005286658449531497,0.07305449428775615,0.07905601562751108,0.0
2014-09-17,0.0012948050790884346,0.002942019928252128,0.06894838683723918,0.096089788181912,0.0
2014-09-18,0.004879257127339826,0.006939760290868749,0.07690641061830465,0.14637501016329954,1.0
2014-09-19,-0.00047738351040339826,0.012442782272471893,0.06421458798915795,0.15839594158598616,1.0
2014-09-22,-0.0080456025302185,0.005107583490362767,0.08579368542439125,0.14884399447596305,1.0
2014-09-23,-0.0057932500796262516,-0.008142173913819908,0.07905601562751108,0.14441360641157824,1.0
2014-09-24,0.0078019767586544365,-0.0016350022342539062,0.096089788181912,0.16356182514848458,1.0
2014-09-25,-0.016300913265170507,-0.02281517262676424,0.14637501016329954,0.11558631149895826,0.0
2014-09-26,0.00853926112400154,-0.013798527992359302,0.15839594158598616,0.1260909638619874,0.0
2014-09-29,-0.0025500508569158233,-0.008302976319056625,0.14884399447596305,0.12527909552899866,0.0
2014-09-30,-0.0027898165443120183,-0.005299542783742392,0.14441360641157824,0.1643497928513406,1.0
2014-10-01,-0.013337106112637435,-0.026438625655034263,0.16356182514848458,0.182068931459619,1.0
2014-10-02,5.143328250229687e-06,-0.010132569061613526,0.11558631149895826,0.23477154021745109,1.0
2014-10-03,0.011103635523902509,-0.007568194661712557,0.1260909638619874,0.23577327580620988,1.0
2014-10-06,-0.0015663860013981836,-0.006584529806194917,0.12527909552899866,0.2633667122796399,1.0
2014-10-07,-0.015241618619128634,-0.01903633188101153,0.1643497928513406,0.24037303343262473,1.0
2014-10-08,0.01731094749805919,0.011611721729685096,0.182068931459619,0.21449911828159632,1.0
2014-10-09,-0.02087784845431496,-0.009271270052880096,0.23477154021745109,0.1550559553765624,1.0
2014-10-10,-0.011517080026210946,-0.031891985602993556,0.23577327580620988,0.16005315143963988,1.0
2014-10-13,-0.016605033202522507,-0.04693063280411787,0.2633667122796399,0.12607542151572348,0.0
2014-10-14,0.001577619680866768,-0.03011139450412247,0.24037303343262473,0.18630490952005002,1.0
2014-10-15,-0.008133300726077349,-0.05555564272825901,0.21449911828159632,0.18460928007421118,1.0
2014-10-16,0.0001449672004417697,-0.034532827073502276,0.1550559553765624,0.2039997861132117,1.0
2014-10-17,0.012801813377146141,-0.010213933670145194,0.16005315143963988,0.18933019344605306,1.0
2014-10-20,0.009101116121281314,0.015492215653658627,0.12607542151572348,0.1782837132955606,1.0
2014-10-21,0.01938537082775091,0.03329996680054277,0.18630490952005002,0.14122458137584626,0.0
2014-10-22,-0.007326100661612184,0.034107166865007935,0.18460928007421118,0.131666960507652,0.0
2014-10-23,0.012228305721599457,0.04619050538616562,0.2039997861132117,0.10836942644326054,0.0
2014-10-24,0.007028690175716194,0.04041738218473567,0.18933019344605306,0.12692466382983306,0.0
2014-10-27,-0.001502696878837878,0.02981356918461648,0.1782837132955606,0.12647835789439024,0.0
2014-10-28,0.011868364566910393,0.022296562923775964,0.14122458137584626,0.09644830953725728,0.0
2014-10-29,-0.0013863159906425204,0.028236347594745626,0.131666960507652,0.10408606165660356,0.0
2014-10-30,0.006210797247873184,0.02221883912101935,0.10836942644326054,0.09800766375764247,0.0
2014-10-31,0.011663114233148569,0.026853263178451728,0.12692466382983306,0.052496061174620884,0.0
2014-11-03,-0.00011892891639947338,0.028237031140890136,0.12647835789439024,0.05695848315898228,0.0
2014-11-04,-0.0028338532526650333,0.013534813321314709,0.09644830953725728,0.05351604023844474,0.0
2014-11-05,0.005684311060804489,0.02060544037276172,0.10408606165660356,0.035500206073365216,0.0
2014-11-06,0.003768403644328259,0.018163046769216793,0.09800766375764247,0.023636466683862975,0.0
2014-11-07,0.00034952512678080786,0.006849457662849032,0.052496061174620884,0.02356765115786694,0.0
2014-11-10,0.003115327019558855,0.01008371359880736,0.05695848315898228,0.009670722410457196,0.0
2014-11-11,0.0006964516302874351,0.01361401848175983,0.05351604023844474,0.03729236858559796,0.0
2014-11-12,-0.0007013625789179808,0.00722834484203736,0.035500206073365216,0.03846653814365697,0.0
2014-11-13,0.0005297044284002311,0.003989645626109332,0.023636466683862975,0.0407451986220507,0.0
2014-11-14,0.0002402413485468054,0.0038803618478753295,0.02356765115786694,0.05506607489429957,0.0
2014-11-17,0.0007350887776586797,0.001500123605975154,0.009670722410457196,0.058457422906759565,0.0
2014-11-18,0.005120849353688389,0.005924521329376107,0.03729236858559796,0.04650118630332501,0.0
2014-11-19,-0.0015022868756188182,0.00512359703267527,0.03846653814365697,0.049440163737021356,0.0
2014-11-20,0.001965164013202754,0.0065590566174777935,0.0407451986220507,0.05075730635237641,0.0
2014-11-21,0.0052232126037382535,0.011542027872669242,0.05506607489429957,0.05973369444417976,0.0
2014-11-24,0.00285992981373923,0.013666868908749791,0.058457422906759565,0.07209170978478925,0.0
2014-11-25,-0.0011506914684172845,0.007395328086644119,0.04650118630332501,0.0764338545265211,0.0
2014-11-26,0.0028020524716035632,0.0116996674338665,0.049440163737021356,0.07425993466647379,0.0
2014-11-28,-0.0025456646370122207,0.007188838783651525,0.05075730635237641,0.07298937884924635,0.0
2014-12-01,-0.006852789344834434,-0.0048871631649211635,0.05973369444417976,0.07505975347787032,0.0
2014-12-02,0.006364166758848178,-0.001382926219812215,0.07209170978478925,0.05996237088351778,0.0
2014-12-03,0.0037576738340269794,0.0035254390826320488,0.0764338545265211,0.1287717309992452,0.0
2014-12-04,-0.0011625717317858438,-0.0004391851207573587,0.07425993466647379,0.1324621035480697,0.0
2014-12-05,0.0016638315989210529,0.003770311115175915,0.07298937884924635,0.17570974570042905,1.0
2014-12-08,-0.007283022149715385,0.003340078310294964,0.07505975347787032,0.1738994642442305,1.0
2014-12-09,-0.00023785182583414743,-0.0032619402743873623,0.05996237088351778,0.18412291321669855,1.0
2014-12-10,-0.016486121183048656,-0.023505735291463,0.1287717309992452,0.20164955101526483,1.0
2014-12-11,0.004525433971620777,-0.017817729588056375,0.1324621035480697,0.26079599485406185,1.0
2014-12-12,-0.01634646579165845,-0.03582802697863588,0.17570974570042905,0.23578624217610689,1.0
2014-12-15,-0.006362786271721939,-0.03490779110064243,0.1738994642442305,0.23298866149445369,1.0
2014-12-16,-0.008525259865380821,-0.04319519914018911,0.18412291321669855,0.2253310507918904,1.0
2014-12-17,0.02014807324329562,-0.006561004713844833,0.20164955101526483,0.17411329590781402,1.0
2014-12-18,0.02373137488570905,0.012644936200243442,0.26079599485406185,0.049814504391789485,0.0
2014-12-19,0.004559637967419008,0.033551039959320905,0.23578624217610689,0.03835428800523062,0.0
2014-12-22,0.003803222479927145,0.043717048710969986,0.23298866149445369,0.04418639468922326,0.0
2014-12-23,0.0017448386297044874,0.0539871472060553,0.2253310507918904,0.08492930652952907,0.0
2014-12-24,-0.0001393062410745646,0.033699767721685106,0.17411329590781402,0.08495784842853309,0.0
2014-12-26,0.0033041099821209488,0.013272502818097007,0.049814504391789485,0.1543331339812963,1.0
2014-12-29,0.000861403428089447,0.009574268278767447,0.03835428800523062,0.16674349111446468,1.0
2014-12-30,-0.004900593034504285,0.0008704527643360162,0.04418639468922326,0.18256866284967624,1.0
2014-12-31,-0.01036438356125046,-0.011238769426618932,0.08492930652952907,0.20919133055991634,1.0
2015-01-02,-0.0003400214731352804,-0.011439484658679647,0.08495784842853309,0.21758856262199824,1.0
2015-01-05,-0.01844721353258727,-0.03319080817338787,0.1543331339812963,0.18309066109382557,1.0
2015-01-06,-0.00893325469070017,-0.04298546629217749,0.16674349111446468,0.17273126546380133,1.0
2015-01-07,0.011562735844876304,-0.026522137412796895,0.18256866284967624,0.15751452598791713,1.0
2015-01-08,0.017730168127155693,0.0015724142756092553,0.20919133055991634,0.11540238968531448,0.0
2015-01-09,-0.008439322147078786,-0.00652688639833425,0.21758856262199824,0.1367121477105277,0.0
2015-01-12,-0.008126616843470486,0.003793710290782534,0.18309066109382557,0.124429058759223,0.0
2015-01-13,-0.0025818854358163217,0.010145079545666383,0.17273126546380133,0.127552617408882,0.0
2015-01-14,-0.00583002896797565,-0.007247685267185571,0.15751452598791713,0.16165127323460468,1.0
2015-01-15,-0.009290903004567546,-0.034268756398908806,0.11540238968531448,0.1526723757893638,1.0
2015-01-16,0.013334893186267299,-0.012494541065562723,0.1367121477105277,0.12115442270919234,0.0
2015-01-20,0.001548752433400387,-0.00281917178869185,0.124429058759223,0.15399149587783434,1.0
2015-01-21,0.004720465022189361,0.004483178669313833,0.127552617408882,0.17859223922228395,1.0
2015-01-22,0.015154313070630327,0.02546752070791981,0.16165127323460468,0.15766811177277404,1.0
2015-01-23,-0.005506656279301935,0.029251767433185423,0.1526723757893638,0.17874526881610903,1.0
2015-01-26,0.0025651679986232745,0.018482042245541397,0.12115442270919234,0.19994557996870277,1.0
2015-01-27,-0.013478287815857576,0.0034550019962834334,0.15399149587783434,0.20293091201635574,1.0
2015-01-28,-0.01358750281102202,-0.01485296583692795,0.17859223922228395,0.18097036299025054,1.0
2015-01-29,0.00948951705826357,-0.020517761849294706,0.15766811177277404,0.18301721433753346,1.0
2015-01-30,-0.013077099006318498,-0.028088204576311268,0.17874526881610903,0.15958464354639362,1.0
2015-02-02,0.012879170000215516,-0.017774202574719025,0.19994557996870277,0.1342396481512854,0.0
2015-02-03,0.014336238577453099,0.01004032381859165,0.20293091201635574,0.1155202434332004,0.0
2015-02-04,-0.0041647065724529616,0.01946312005716071,0.18097036299025054,0.11167270111659866,0.0
2015-02-05,0.010238810710909235,0.020212413709806372,0.18301721433753346,0.10876769260200618,0.0
2015-02-06,-0.00342402761187852,0.02986548510424635,0.15958464354639362,0.10987694063089179,0.0
2015-02-09,-0.004256239310481708,0.012730075793549128,0.1342396481512854,0.10624662397046991,0.0
2015-02-10,0.010618979554062366,0.009012816770158395,0.1155202434332004,0.07490049580391561,0.0
2015-02-11,-2.9034010158247172e-05,0.01314848933245311,0.11167270111659866,0.07527915845236148,0.0
2015-02-12,0.009598295065916026,0.0125079736874599,0.10876769260200618,0.0538882808572253,0.0
2015-02-13,0.004066459227779422,0.01999846052711784,0.10987694063089179,0.045553998631343205,0.0
2015-02-17,0.0015962996977983961,0.025850999535397948,0.10624662397046991,0.048262495796189964,0.0
2015-02-18,-0.00031435862322874816,0.014917661358106831,0.07490049580391561,0.048516612793573076,0.0
2015-02-19,-0.0010626217157189283,0.01388407365254615,0.07527915845236148,0.04906035598762632,0.0
2015-02-20,0.006107842721055837,0.010393621307685962,0.0538882808572253,0.031120693447633175,0.0
2015-02-23,-0.000303385211985694,0.006023776867920845,0.045553998631343205,0.053320543024339695,0.0
2015-02-24,0.002754972468831103,0.007182449638953552,0.048262495796189964,0.05918986136968385,0.0
2015-02-25,-0.0007660169636026022,0.006730791298579698,0.048516612793573076,0.06669928422363276,0.0
2015-02-26,-0.00147711863025381,0.006316294384044817,0.04906035598762632,0.06641418715286854,0.0
2015-02-27,-0.0029606830486323707,-0.0027522313856433913,0.031120693447633175,0.11933088483409955,0.0
2015-03-02,0.0061062381811330165,0.003657392007475319,0.053320543024339695,0.11463726632908879,0.0
2015-03-03,-0.004548872603817568,-0.0036464530651733515,0.05918986136968385,0.16385370698929336,1.0
2015-03-04,-0.004398161230154572,-0.007278597331725321,0.06669928422363276,0.16142741545398198,1.0
2015-03-05,0.001195365251036089,-0.004606113450435423,0.06641418715286854,0.18409352175462512,1.0
2015-03-06,-0.014275356362467066,-0.01592078676427012,0.11933088483409955,0.1596585368707276,1.0
2015-03-09,0.003936662357975969,-0.018090362587427168,0.11463726632908879,0.18389578249065622,1.0
2015-03-10,-0.017106820937141425,-0.030648310920751022,0.16385370698929336,0.1400923721275513,0.0
2015-03-11,-0.001919520676484767,-0.02816967036708122,0.16142741545398198,0.16371033782158043,1.0
2015-03-12,0.012522702206037068,-0.016842333412080242,0.18409352175462512,0.14177411240971505,0.0
2015-03-13,-0.006093237090196838,-0.008660214139810014,0.1596585368707276,0.14928514524354053,1.0
2015-03-16,0.013442909023855906,0.0008460325260699238,0.18389578249065622,0.11546448009122653,0.0
2015-03-17,-0.0033256977077820026,0.014627155755429347,0.1400923721275513,0.1211859726708904,0.0
2015-03-18,0.012085101501628708,0.028631777933542824,0.16371033782158043,0.13477997622463872,0.0
2015-03-19,-0.004884489126950175,0.01122458660055558,0.14177411240971505,0.13133450463108692,0.0
2015-03-20,0.008972382193259682,0.026290205884012097,0.14928514524354053,0.11607518451289564,0.0
2015-03-23,-0.0017472566067133015,0.01110004025344289,0.11546448009122653,0.1441351068213573,1.0
2015-03-24,-0.006158345701590925,0.008267392259633967,0.1211859726708904,0.15098775626193373,1.0
2015-03-25,-0.014665926527239062,-0.018483635769233803,0.13477997622463872,0.1129267412207551,0.0
2015-03-26,-0.0023803307374738966,-0.015979477379757526,0.13133450463108692,0.1144228362926972,0.0
2015-03-27,0.0023657607295033602,-0.022586098843513848,0.11607518451289564,0.12246361768968843,0.0
2015-03-30,0.012162382647149434,-0.00867645958965111,0.1441351068213573,0.08807216528344551,0.0
2015-03-31,-0.008834686217530795,-0.01135280010559098,0.15098775626193373,0.06468855139751846,0.0
2015-04-01,-0.0039732542018475255,-0.0006601277801994432,0.1129267412207551,0.06622624453150742,0.0
2015-04-02,0.0035234523037141535,0.005243655260988607,0.1144228362926972,0.07153647499518903,0.0
2015-04-06,0.006587072647165644,0.00946496717865089,0.12246361768968843,0.06319259063660451,0.0
2015-04-07,-0.002064032708587167,-0.00476144817708571,0.08807216528344551,0.06254788697891715,0.0
2015-04-08,0.0026789415573472003,0.006752179597792285,0.06468855139751846,0.06985330307583425,0.0
2015-04-09,0.004447575873625805,0.015173009673265615,0.06622624453150742,0.06255469546580518,0.0
2015-04-10,0.005189376899456221,0.01683893426900768,0.07153647499518903,0.09527817897980727,0.0
2015-04-13,-0.004591806820961145,0.005660054800880893,0.06319259063660451,0.11078987769240595,0.0
2015-04-14,0.00162843225851382,0.009352519767981881,0.06254788697891715,0.11068602890147633,0.0
2015-04-15,0.005134989044995592,0.011808567255630273,0.06985330307583425,0.11054553015666797,0.0
2015-04-16,-0.0007787467579851993,0.006582244624019267,0.06255469546580518,0.11166581818311622,0.0
2015-04-17,-0.01137570418905323,-0.009982836464490184,0.09527817897980727,0.07875513012995541,0.0
2015-04-20,0.009192748586536723,0.003801718943007683,0.11078987769240595,0.05302088503256001,0.0
2015-04-21,-0.001481702504767951,0.0006915841797259124,0.11068602890147633,0.0555517418886639,0.0
2015-04-22,0.005074582853386292,0.000631177988116613,0.11054553015666797,0.04995872156363984,0.0
2015-04-23,0.0023549408425523675,0.0037648655886541797,0.11166581818311622,0.08625548510264454,0.0
2015-04-24,0.0022502668247534868,0.017390836602460897,0.07875513012995541,0.11459968982668517,0.0
2015-04-27,-0.004149913240734652,0.004048174775189523,0.05302088503256001,0.11269291121692414,0.0
2015-04-28,0.0027654044373465075,0.008295281717303982,0.0555517418886639,0.13950271533447955,0.0
2015-04-29,-0.003747348127573222,-0.0005266492636555333,0.04995872156363984,0.14056440504224596,0.0
2015-04-30,-0.010180553033248205,-0.013062143139456105,0.08625548510264454,0.12349004870378678,0.0
2015-05-01,0.010863776563455257,-0.004448633400754335,0.11459968982668517,0.13530836409544528,0.0
2015-05-04,0.0029364331477630206,0.0026377129877433376,0.11269291121692414,0.13851350442862684,0.0
2015-05-05,-0.0119080033585301,-0.01203569480813327,0.13950271533447955,0.11170961766267735,0.0
2015-05-06,-0.004465681140931977,-0.012754027821492025,0.14056440504224596,0.10713839112184143,0.0
2015-05-07,0.003766710469475405,0.001193235681231585,0.12349004870378678,0.12867468763318374,0.0
2015-05-08,0.013368147987361164,0.003697607105137493,0.13530836409544528,0.08706353762599377,0.0
2015-05-11,-0.005102556456082039,-0.004341382498707566,0.13851350442862684,0.0820648114128708,0.0
2015-05-12,-0.002953996439367266,0.004612624420455267,0.11170961766267735,0.07947146424106002,0.0
2015-05-13,-0.0003050012906516677,0.008773304270735575,0.10713839112184143,0.07971640445784585,0.0
2015-05-14,0.010721604261760033,0.015728198063020202,0.12867468763318374,0.02891211867956817,0.0
2015-05-15,0.0007681188278664758,0.0031281689035255146,0.08706353762599377,0.03253068968678758,0.0
2015-05-18,0.003043312472570502,0.011274037832178056,0.0820648114128708,0.07729814447375608,0.0
2015-05-19,-0.0006435815978420154,0.013584452673703305,0.07947146424106002,0.10073213075745435,0.0
2015-05-20,-0.0009309494507940488,0.012958504513560926,0.07971640445784585,0.1009170984409874,0.0
2015-05-21,0.0023351459087448084,0.004572046160545701,0.02891211867956817,0.10924442192291994,0.0
2015-05-22,-0.0022363851494835974,0.0015675421831956274,0.03253068968678758,0.10906694460559685,0.0
2015-05-26,-0.010335204907502334,-0.011810975196877209,0.07729814447375608,0.08101463310066749,0.0
2015-05-27,0.009120918929110081,-0.0020464746699251114,0.10073213075745435,0.05095423701477782,0.0
2015-05-28,-0.0012675639174870542,-0.0023830891366181176,0.1009170984409874,0.07934497272942315,0.0
2015-05-29,-0.006338515184097658,-0.011056750229460585,0.10924442192291994,0.06614242864376435,0.0
2015-06-01,0.002057343499147661,-0.006763021580829327,0.10906694460559685,0.07929682727186275,0.0
2015-06-02,-0.0010091051653478204,0.0025630781613251875,0.08101463310066749,0.07902836273762888,0.0
2015-06-03,0.0021166294697559994,-0.004441211298028894,0.05095423701477782,0.11507230232433412,0.0
2015-06-04,-0.008660562215101069,-0.011834209595642908,0.07934497272942315,0.0980482100506141,0.0
2015-06-05,-0.0014372152327325357,-0.006932909644277786,0.06614242864376435,0.10950927717858479,0.0
2015-06-08,-0.006495560338305542,-0.01548581348173099,0.07929682727186275,0.10463147349699646,0.0
2015-06-09,0.00041826551900276467,-0.014058442797380404,0.07902836273762888,0.11207749707667253,0.0
2015-06-10,0.011970491752514406,-0.0042045805146219955,0.11507230232433412,0.07440793583048988,0.0
2015-06-11,0.0017371167565281324,0.006193098457007206,0.0980482100506141,0.10138225452937759,0.0
2015-06-12,-0.007018874653102703,0.000611439036637039,0.10950927717858479,0.09602389299947167,0.0
2015-06-15,-0.004633289621771348,0.002473709753171233,0.10463147349699646,0.09999756863654213,0.0
2015-06-16,0.005673730515753803,0.007729174749922271,0.11207749707667253,0.09163755543821296,0.0
2015-06-17,0.0019776843950728407,-0.0022636326075192947,0.07440793583048988,0.10462154421906039,0.0
2015-06-18,0.009854000054008836,0.005853250689961408,0.10138225452937759,0.08061472555354075,0.0
2015-06-19,-0.00531761523794962,0.00755451010511449,0.09602389299947167,0.0712828418083087,0.0
2015-06-22,0.006076367981542122,0.01826416770842796,0.09999756863654213,0.1600975968303474,1.0
2015-06-23,0.0006356664251933869,0.013226103617867545,0.09163755543821296,0.16114011318294735,1.0
2015-06-24,-0.007380465718305258,0.0038679535044894454,0.10462154421906039,0.16008981398860544,1.0
2015-06-25,-0.0029780041565964136,-0.008964050706115804,0.08061472555354075,0.15870273793022402,1.0
2015-06-26,-0.00039015574492238484,-0.004036591213088569,0.0712828418083087,0.161038577773354,1.0
2015-06-29,-0.02108696950861153,-0.03119992870324222,0.1600975968303474,0.07331424942863678,0.0
2015-06-30,0.0026549623524674106,-0.029180632775968194,0.16114011318294735,0.1386820225545949,0.0
2015-07-01,0.006912096434637041,-0.014888070623025898,0.16008981398860544,0.13069843713612989,0.0
2015-07-02,-0.00030807018954653404,-0.012218136655976018,0.15870273793022402,0.1570238588012078,1.0
2015-07-06,-0.003869232698897424,-0.015697213609951056,0.161038577773354,0.17322297446977494,1.0
2015-07-07,0.006062560593868743,0.011452316492529216,0.07331424942863678,0.17073018451225805,1.0
2015-07-08,-0.016792964912141516,-0.00799561077207971,0.1386820225545949,0.12232357597974522,0.0
2015-07-09,0.0022596476448199895,-0.012648059561896761,0.13069843713612989,0.13385591409840575,0.0
2015-07-10,0.012262986385007718,-7.700298734250946e-05,0.1570238588012078,0.10197948321809752,0.0
2015-07-13,0.011005268507355188,0.014797498218910101,0.17322297446977494,0.06576873709245211,0.0
2015-07-14,0.00444327323650017,0.013178210861541528,0.17073018451225805,0.06519031187811652,0.0
2015-07-15,-0.0007352563007372865,0.029235919472945758,0.12232357597974522,0.06716067604543947,0.0
2015-07-16,0.007982733444475738,0.034959005272601505,0.13385591409840575,0.05414691578167229,0.0
2015-07-17,0.00110557162445071,0.023801590512044498,0.10197948321809752,0.09330907399954937,0.0
2015-07-20,0.0007709366240016023,0.01356725862869091,0.06576873709245211,0.10181977949695747,0.0
2015-07-21,-0.004270796242723094,0.0048531891494676465,0.06519031187811652,0.1307115052566098,0.0
2015-07-22,-0.00239056502019028,0.0031978804300146543,0.06716067604543947,0.13956184719784095,0.0
2015-07-23,-0.0056922102113794535,-0.010477063225840537,0.05414691578167229,0.1335834061245833,0.0
2015-07-24,-0.010761020696661188,-0.022343655546952435,0.09330907399954937,0.11076495053811165,0.0
2015-07-27,-0.005791755065064178,-0.028906347236018218,0.10181977949695747,0.1047012668768942,0.0
2015-07-28,0.012310073801889353,-0.012325477191405768,0.1307115052566098,0.05983729910502859,0.0
2015-07-29,0.007292142927383681,-0.0026427692438318077,0.13956184719784095,0.03725436773773619,0.0
2015-07-30,2.836690402236809e-05,0.0030778078715700138,0.1335834061245833,0.06664071993579289,0.0
2015-07-31,-0.002274103801051709,0.011564724767179494,0.11076495053811165,0.06780924471510048,0.0
2015-08-03,-0.0027606939449045503,0.01459578588733912,0.1047012668768942,0.11125367293644187,0.0
2015-08-04,-0.0022522391669328678,3.347291851690153e-05,0.05983729910502859,0.12949730402281873,0.0
2015-08-05,0.003109838185490679,-0.0041488318233761,0.03725436773773619,0.12777940634968918,0.0
2015-08-06,-0.007783195922562142,-0.01196039464996061,0.06664071993579289,0.1155703330910126,0.0
2015-08-07,-0.0028790228563377145,-0.012565313705246616,0.06780924471510048,0.11707705070163192,0.0
2015-08-10,0.012726835632025084,0.002922215871683018,0.11125367293644187,0.08309837991865159,0.0
2015-08-11,-0.00960306468018227,-0.004428609641566383,0.12949730402281873,0.051047554557671855,0.0
2015-08-12,0.0009496036382146948,-0.006588844188842367,0.12777940634968918,0.07761042331940511,0.0
2015-08-13,-0.0012760258683812036,-8.16741346614299e-05,0.1155703330910126,0.16989132558926798,1.0
2015-08-14,0.0039043322743591373,0.006701680996035422,0.11707705070163192,0.28443325170842715,1.0
2015-08-17,0.005197891709402951,-0.0008272629265867106,0.08309837991865159,0.4012921136270192,1.0
2015-08-18,-0.0026289829356331003,0.006146818817962458,0.051047554557671855,0.4123451796688427,1.0
2015-08-19,-0.008289136409597112,-0.003091921229849349,0.07761042331940511,0.49037051728924336,1.0
2015-08-20,-0.021325960454146156,-0.0231418558156143,0.16989132558926798,0.49657773695575935,1.0
2015-08-21,-0.03236924252187817,-0.05941543061185161,0.28443325170842715,0.4402279108403396,1.0
2015-08-24,-0.04021144434651928,-0.10482476666777385,0.4012921136270192,0.34041886780992053,1.0
2015-08-25,-0.013614249742655897,-0.11581003347479664,0.4123451796688427,0.3898358572774857,1.0
2015-08-26,0.03829129943453164,-0.06922959763066788,0.49037051728924336,0.30763028801625325,1.0
2015-08-27,0.02400725448969004,-0.023896382686831686,0.49657773695575935,0.2562357151633999,1.0
2015-08-28,0.0006085511568762156,0.009081410991922702,0.4402279108403396,0.27868629161063413,1.0
2015-08-31,-0.008427078663984055,0.040865776674457926,0.34041886780992053,0.32406636414140194,1.0
2015-09-01,-0.030022649842427997,0.024457376574685823,0.3898358572774857,0.2635562276018543,1.0
2015-09-02,0.01812767142321464,0.00429374856336882,0.30763028801625325,0.2330159335076516,1.0
2015-09-03,0.0011641156994188924,-0.01854939022690233,0.2562357151633999,0.2350283423426243,1.0
2015-09-04,-0.015448308754276238,-0.03460625013805478,0.27868629161063413,0.20989703215776315,1.0
2015-09-08,0.024773637197038505,-0.0014055342770322235,0.32406636414140194,0.14600467259289676,1.0
2015-09-09,-0.013995035769084717,0.01462207979631106,0.2635562276018543,0.12342004313191036,0.0
2015-09-10,0.005264075444935658,0.0017584838180320795,0.2330159335076516,0.11902655922961218,0.0
2015-09-11,0.004477006444986281,0.0050713745635994675,0.2350283423426243,0.16291626393700667,1.0
2015-09-14,-0.00409804122304381,0.016421642094831896,0.20989703215776315,0.16352729085021986,1.0
2015-09-15,0.01274968763143236,0.004397692529225752,0.14600467259289676,0.16214683015500547,1.0
2015-09-16,0.0086677407153759,0.027060469013686368,0.12342004313191036,0.15072165072656973,1.0
2015-09-17,-0.002564344442560099,0.019232049126190615,0.11902655922961218,0.15151739975806222,1.0
2015-09-18,-0.01629623095438354,-0.0015411882731792073,0.16291626393700667,0.09789728523509199,0.0
2015-09-21,0.004555392033672697,0.0071122449835372996,0.16352729085021986,0.20642570643737418,1.0
2015-09-22,-0.012394930019378313,-0.018032372667273373,0.16214683015500547,0.1869355879588343,1.0
2015-09-23,-0.002050744229593947,-0.02875085761224322,0.15072165072656973,0.2296269266123238,1.0
2015-09-24,-0.00336865187130644,-0.02955516504098956,0.15151739975806222,0.2288068575287097,1.0
2015-09-25,-0.00046590180122054944,-0.013724835887826572,0.09789728523509199,0.25004808809981943,1.0
2015-09-28,-0.026001211162809106,-0.04428143908430837,0.20642570643737418,0.21214833711246317,1.0
2015-09-29,0.001232093912981713,-0.030654415151948344,0.1869355879588343,0.21349863052847917,1.0
2015-09-30,0.01889589860356512,-0.00970777231878928,0.2296269266123238,0.1755406878181438,1.0
2015-10-01,0.001971938678337173,-0.0043671817691456685,0.2288068575287097,0.18575147735709763,1.0
2015-10-02,0.014213793016405511,0.010312513048480392,0.25004808809981943,0.15603744234598468,1.0
2015-10-05,0.018124593518502156,0.05443831772979166,0.21214833711246317,0.08873064257372547,0.0
2015-10-06,-0.0035946893441432997,0.04961153447266664,0.21349863052847917,0.09790786736624726,0.0
2015-10-07,0.008003519857552759,0.038719155726654284,0.1755406878181438,0.08650942750486362,0.0
2015-10-08,0.008779780144558488,0.0455269971928756,0.18575147735709763,0.12064155381628508,0.0
2015-10-09,0.0007248485605153577,0.03203805273698544,0.15603744234598468,0.12480356454739668,0.0
2015-10-12,0.0012746644773328382,0.015188123695816123,0.08873064257372547,0.12448987655189815,0.0
2015-10-13,-0.006848823690127077,0.011933989349832346,0.09790786736624726,0.11504596921158579,0.0
2015-10-14,-0.0047274309119391435,-0.0007969614196595559,0.08650942750486362,0.11759919041786286,0.0
2015-10-15,0.014743551351355088,0.005166809787137044,0.12064155381628508,0.1287640723011309,0.0
2015-10-16,0.004560061373697022,0.00900202260031871,0.12480356454739668,0.14696016849902896,1.0
2015-10-19,0.0002705089438730595,0.00799786706685893,0.12448987655189815,0.14757512767430128,1.0
2015-10-20,-0.0014221010558937615,0.013424589701092246,0.11504596921158579,0.1483445920854382,1.0
2015-10-21,-0.005842448911134253,0.012309571701897134,0.11759919041786286,0.16513143727194526,1.0
2015-10-22,0.016490847012594123,0.014056867363136171,0.1287640723011309,0.11650069076976127,0.0
2015-10-23,0.010969953969042788,0.020466759958481937,0.14696016849902896,0.09316068616917926,0.0
2015-10-26,-0.0019149330011001104,0.01828131801350877,0.14757512767430128,0.12456486531108156,0.0
2015-10-27,-0.00255738586508774,0.01714603320431479,0.1483445920854382,0.12474314506374894,0.0
2015-10-28,0.011770488488143476,0.03475897060359252,0.16513143727194526,0.09598946377571349,0.0
2015-10-29,-0.00044987538066072313,0.017818248210337673,0.11650069076976127,0.0962727932729381,0.0
2015-10-30,-0.004821481688425431,0.0020268125528694544,0.09316068616917926,0.09001616660783852,0.0
2015-11-02,0.011803876338814608,0.015745621892784174,0.12456486531108156,0.07740606393537729,0.0
2015-11-03,0.0027243529250675206,0.021027360682939433,0.12474314506374894,0.07571300467135936,0.0
2015-11-04,-0.003551666939647187,0.00570520525514877,0.09598946377571349,0.07499061248526993,0.0
2015-11-05,-0.0011327897564983025,0.00502229087931119,0.0962727932729381,0.12475394194159885,0.0
2015-11-06,-0.00034768178002366065,0.009496090787712961,0.09001616660783852,0.14818782428984828,1.0
2015-11-09,-0.009871290656502512,-0.01217907620760416,0.07740606393537729,0.16756539754952712,1.0
2015-11-10,0.0015094551534496445,-0.013393973979222035,0.07571300467135936,0.16749287743736874,1.0
2015-11-11,-0.003233307321568946,-0.013075614361143795,0.07499061248526993,0.20120391961589543,1.0
2015-11-12,-0.014089163336632673,-0.026031987941278166,0.12475394194159885,0.1747627935698928,1.0
2015-11-13,-0.011270640432155438,-0.03695494659340994,0.14818782428984828,0.15769833456695634,1.0
2015-11-16,0.014793302794234362,-0.01229035314267307,0.16756539754952712,0.1179664640670813,0.0
2015-11-17,-0.0013402770182465746,-0.01514008531436929,0.16749287743736874,0.1179013152394336,0.0
2015-11-18,0.016033229877172244,0.0041264518843719,0.20120391961589543,0.030749176772707967,0.0
2015-11-19,-0.0011237403289792015,0.01709187489202537,0.1747627935698928,0.02999361019116404,0.0
2015-11-20,0.0038029552801494165,0.032165470604330226,0.15769833456695634,0.03551515375690841,0.0
2015-11-23,-0.0012356238416840882,0.016136543968411778,0.1179664640670813,0.08290312596433516,0.0
2015-11-24,0.0012212499449607925,0.018698070931619144,0.1179013152394336,0.11383791318685331,0.0
2015-11-25,-0.00012914061496715576,0.0025357004394797426,0.030749176772707967,0.1533702899966673,1.0
2015-11-27,0.0005934415594808398,0.004252882327939783,0.02999361019116404,0.21050080003713856,1.0
2015-11-30,-0.004651800139618441,-0.004201873091828074,0.03551515375690841,0.21377438632938012,1.0
2015-12-01,0.01062393894673922,0.007657689696595233,0.08290312596433516,0.2052987698915503,1.0
2015-12-02,-0.011056592639448921,-0.0046201528878144806,0.11383791318685331,0.1975559470428382,1.0
2015-12-03,-0.014477826444150087,-0.01896883871699741,0.1533702899966673,0.16946689068707846,1.0
2015-12-04,0.02031785636385123,0.0007555760873729778,0.21050080003713856,0.1652337995194098,1.0
2015-12-07,-0.007014043960397749,-0.0016066677334063304,0.21377438632938012,0.16111209114795327,1.0
2015-12-08,-0.006511052625594547,-0.018741659305740097,0.2052987698915503,0.17159105524757542,1.0
2015-12-09,-0.007769086365692726,-0.015454153031983903,0.1975559470428382,0.1920098934243281,1.0
2015-12-10,0.0022488565785946774,0.0012725299907608623,0.16946689068707846,0.21951796755851538,1.0
2015-12-11,-0.01961386775581532,-0.038659194128905686,0.1652337995194098,0.21225370700611904,1.0
2015-12-14,0.0047442880640680245,-0.02690086210443991,0.16111209114795327,0.21666344114354524,1.0
2015-12-15,0.010562580105914385,-0.00982722937293098,0.17159105524757542,0.2126113464980032,1.0
2015-12-16,0.014410635650771483,0.01235249264353323,0.1920098934243281,0.20594628751976093,1.0
2015-12-17,-0.015154776635876313,-0.0050511405709377614,0.21951796755851538,0.175976288328142,1.0
2015-12-18,-0.017957495007106937,-0.0033947678222293783,0.21225370700611904,0.12228986401708251,0.0
2015-12-21,0.0077483067271562,-0.00039074915914120295,0.21666344114354524,0.13252857478056418,0.0
2015-12-22,0.008778095591568889,-0.002175233673486699,0.2126113464980032,0.12776768396258975,0.0
2015-12-23,0.012341596527553888,-0.004244272796704295,0.20594628751976093,0.11469494466404868,0.0
2015-12-24,-0.0015999154038633197,0.009310588435308699,0.175976288328142,0.15815506436640714,1.0
2015-12-28,-0.002180936456306017,0.025087146986109622,0.12228986401708251,0.15804100734384519,1.0
2015-12-29,0.010573664173022947,0.02791250443197637,0.13252857478056418,0.1677101505306726,1.0
2015-12-30,-0.007243398783778549,0.011891010056628928,0.12776768396258975,0.2334062210529655,1.0
2015-12-31,-0.009456485041467845,-0.009907071512392803,0.11469494466404868,0.23655180651107077,1.0
2016-01-04,-0.015422041797805928,-0.02372919790633541,0.15815506436640714,0.2097768251327603,1.0
2016-01-05,0.0020102041393599396,-0.019538057310669456,0.15804100734384519,0.21644264260133175,1.0
2016-01-06,-0.01320216300262602,-0.04331388448631842,0.1677101505306726,0.26510082453758815,1.0
2016-01-07,-0.023985816519344776,-0.06005630222188465,0.2334062210529655,0.2347349282829186,1.0
2016-01-08,-0.010897537445847908,-0.06149735462626471,0.23655180651107077,0.270455054975631,1.0
2016-01-11,0.0008529082958226729,-0.04522240453263611,0.2097768251327603,0.2704136098967781,1.0
2016-01-12,0.00777251411777486,-0.03946009455422119,0.21644264260133175,0.2775828437357134,1.0
2016-01-13,-0.025282375077909022,-0.05154030662950419,0.26510082453758815,0.21491864222354853,1.0
2016-01-14,0.016558060934383972,-0.010996429175775445,0.2347349282829186,0.22955382760882484,1.0
2016-01-15,-0.021835772698162375,-0.02193466442808991,0.270455054975631,0.20294057443024946,1.0
2016-01-19,0.0005316801874288286,-0.022255892536483756,0.2704136098967781,0.22608178222344733,1.0
2016-01-20,-0.011762766025898373,-0.04179117268015699,0.2775828437357134,0.2239480511866518,1.0
2016-01-21,0.005181988635948063,-0.011326808966299905,0.21491864222354853,0.2243464925909644,1.0
2016-01-22,0.02008072688221347,-0.007804143018470409,0.22955382760882484,0.24527300210619007,1.0
2016-01-25,-0.015761545172821467,-0.001729915493129501,0.20294057443024946,0.2182843687384011,1.0
2016-01-26,0.014045237830367907,0.011783642149809577,0.22608178222344733,0.2361124243922095,1.0
2016-01-27,-0.010922922300528425,0.012623485875179525,0.2239480511866518,0.22579989084308963,1.0
2016-01-28,0.005513350717591524,0.012954847956822986,0.2243464925909644,0.22264518624426285,1.0
2016-01-29,0.024458650994556432,0.017332772069165947,0.24527300210619007,0.1922456251492768,1.0
2016-02-01,-0.00044333484554180534,0.032650982396445614,0.2182843687384011,0.21723280362666328,1.0
2016-02-02,-0.01892096871823143,-0.0003152241521537265,0.2361124243922095,0.17078918988263744,1.0
2016-02-03,0.0049796200215740235,0.015587318169948725,0.22579989084308963,0.16709577399768308,1.0
2016-02-04,0.0015255682925234377,0.011599535744880637,0.22264518624426285,0.18848087280692985,1.0
2016-02-05,-0.018654158276351848,-0.031513273526027646,0.1922456251492768,0.1918825200639608,1.0
2016-02-08,-0.014255057923057347,-0.04532499660354318,0.21723280362666328,0.20025657572348668,1.0
2016-02-09,-0.0006638406467602255,-0.02706786853207198,0.17078918988263744,0.23140252891625843,1.0
2016-02-10,-0.00018896813076091644,-0.032236456684406924,0.16709577399768308,0.23376831139800752,1.0
2016-02-11,-0.012377447329256216,-0.04613947230618657,0.18848087280692985,0.21662482999687638,1.0
2016-02-12,0.01933001520704595,-0.008155298822788776,0.1918825200639608,0.19614773597447674,1.0
2016-02-16,0.016381737741684915,0.022481496841953486,0.20025657572348668,0.18128602939026925,1.0
2016-02-17,0.016346110625641338,0.03949144811435505,0.23140252891625843,0.14278325113105964,0.0
2016-02-18,-0.004676632123934705,0.03500378412118126,0.23376831139800752,0.16032013424889435,1.0
2016-02-19,-2.60332818018429e-05,0.047355198168635634,0.21662482999687638,0.16086984437870527,1.0
2016-02-22,0.014350731099076084,0.042375914060665765,0.19614773597447674,0.1372976471676351,0.0
2016-02-23,-0.01253257757078849,0.013461598748192362,0.18128602939026925,0.1974277177912396,1.0
2016-02-24,0.0044299600346319485,0.0015454481571829728,0.14278325113105964,0.19705342916668817,1.0
2016-02-25,0.011284366730450844,0.017506447011568522,0.16032013424889435,0.18173353204775872,1.0
2016-02-26,-0.0018718653295646535,0.015660614963805716,0.16086984437870527,0.1827552556146771,1.0
2016-02-29,-0.008154131091571704,-0.006844247226842076,0.1372976471676351,0.17345845530935086,1.0
2016-03-01,0.023588385401618943,0.029276715745565358,0.1974277177912396,0.09211150668767053,0.0
2016-03-02,0.0040859498611017005,0.02893270557203511,0.19705342916668817,0.09446256806264067,0.0
2016-03-03,0.003492634320316937,0.0211409731619012,0.18173353204775872,0.0911569850354764,0.0
2016-03-04,0.0033004398659416986,0.026313278357407554,0.1827552556146771,0.14522362480356,1.0
2016-03-07,0.0008846228008639487,0.03535203224984321,0.17345845530935086,0.14536402625548348,1.0
2016-03-08,-0.011303756056006186,0.0004598907922180786,0.09211150668767053,0.12190662628113035,0.0
2016-03-09,0.00503967278281425,0.0014136137139306284,0.09446256806264067,0.12309787192528511,0.0
2016-03-10,0.00015579279712262694,-0.001923227809263682,0.0911569850354764,0.13164249811487394,0.0
2016-03-11,0.016262545588851488,0.011038877913646107,0.14522362480356,0.07052939754224982,0.0
2016-03-14,-0.0012617686166117468,0.008892486496170412,0.14536402625548348,0.0703069310735558,0.0
2016-03-15,-0.0018386309343179589,0.018357611617858642,0.12190662628113035,0.06936509643101384,0.0
2016-03-16,0.005584727881779697,0.018902666716824085,0.12309787192528511,0.07285716997712101,0.0
2016-03-17,0.006573583068596323,0.025320456988297782,0.13164249811487394,0.056013297154265375,0.0
2016-03-18,0.004395967251026178,0.013453878650472472,0.07052939754224982,0.04667450241660247,0.0
2016-03-21,0.0009850919042923014,0.01570073917137652,0.0703069310735558,0.07754416090128873,0.0
2016-03-22,-0.0008777728967722512,0.016661597208922227,0.06936509643101384,0.08321035803576876,0.0
2016-03-23,-0.00640650953066712,0.00467035979647541,0.07285716997712101,0.07117233858412601,0.0
2016-03-24,-0.0003781417793768198,-0.0022813650514977323,0.056013297154265375,0.08405734067609347,0.0
2016-03-28,0.000545106888072358,-0.006132225414451552,0.04667450241660247,0.08701214783474319,0.0
2016-03-29,0.00877801205423741,0.0016606947354935566,0.07754416090128873,0.09448507055078983,0.0
2016-03-30,0.0043408799935662195,0.006879347625832027,0.08321035803576876,0.11612270634820336,0.0
2016-03-31,-0.0020418423596207116,0.011244014796878435,0.07117233858412601,0.14349294764675893,0.0
2016-04-01,0.006310959066599757,0.017933115642855012,0.08405734067609347,0.13774307092701896,0.0
2016-04-04,-0.003213480045854618,0.014174528708928035,0.08701214783474319,0.1372299651190873,0.0
2016-04-05,-0.01019629841179453,-0.004799781757103905,0.09448507055078983,0.13510134597924292,0.0
2016-04-06,0.01045279793201316,0.0013121361813430345,0.11612270634820336,0.13332522401185062,0.0
2016-04-07,-0.012048073970004866,-0.00869409542904112,0.14349294764675893,0.10228027912959632,0.0
2016-04-08,0.002782702604616504,-0.012222351891024372,0.13774307092701896,0.10059752929560072,0.0
2016-04-11,-0.0027435458896039448,-0.011752417734773698,0.1372299651190873,0.10900845707161498,0.0
2016-04-12,0.009615753881389974,0.008059634558410807,0.13510134597924292,0.08775394965707015,0.0
2016-04-13,0.009990069768557895,0.007596906394955543,0.13332522401185062,0.05196121293801623,0.0
2016-04-14,0.00017291243013242585,0.019817892795092835,0.10228027912959632,0.06375926430785717,0.0
2016-04-15,-0.000984769576145959,0.01605042061433037,0.10059752929560072,0.0633757268919738,0.0
2016-04-18,0.006519725613797989,0.025313692117732305,0.10900845707161498,0.04516556449700417,0.0
2016-04-19,0.0030797379028665328,0.018777676139208863,0.08775394965707015,0.04169325321746666,0.0
2016-04-20,0.0007612550492345003,0.009548861419885469,0.05196121293801623,0.042965110044210324,0.0
2016-04-21,-0.005207562857292034,0.004168386132461009,0.06375926430785717,0.06938035796642618,0.0
2016-04-22,4.785857954074228e-05,0.005201014288147709,0.0633757268919738,0.07817984245946251,0.0
2016-04-25,-0.0018136896207629953,-0.0031324009464132746,0.04516556449700417,0.09485052138645739,0.0
2016-04-26,0.0018710001742369307,-0.004341138675042876,0.04169325321746666,0.11246195377715983,0.0
2016-04-27,0.0016479941117468401,-0.003454399612530537,0.042965110044210324,0.1195736009569656,0.0
2016-04-28,-0.00927363606156167,-0.007520472816800174,0.06938035796642618,0.09983140491759682,0.0
2016-04-29,-0.005075949230557177,-0.012644280626898093,0.07817984245946251,0.09578141990756389,0.0
2016-05-02,0.007779606697244105,-0.003050984308890993,0.09485052138645739,0.0784369231652162,0.0
2016-05-03,-0.008714499388395887,-0.013636483871523811,0.11246195377715983,0.10041071165029175,0.0
2016-05-04,-0.00595458270547255,-0.0212390606887432,0.1195736009569656,0.11378673922299526,0.0
2016-05-05,-0.00023903669279415213,-0.012204461319975681,0.09983140491759682,0.1137804459956236,0.0
2016-05-06,0.0031696105535526063,-0.003958901535865898,0.09578141990756389,0.1268598733085358,0.0
2016-05-09,0.0007532133076099479,-0.010985294925500055,0.0784369231652162,0.1444125273579978,1.0
2016-05-10,0.012406365236037333,0.010135569698933164,0.10041071165029175,0.1326798745030368,0.0
2016-05-11,-0.009607522877868724,0.0064826295265369895,0.11378673922299526,0.11381530576793498,0.0
2016-05-12,-0.00016947926796424465,0.006552186951366897,0.1137804459956236,0.11682265064753858,0.0
2016-05-13,-0.008514434161752484,-0.005131857763938194,0.1268598733085358,0.10866939154706164,0.0
2016-05-16,0.009748976389612767,0.003863905318064625,0.1444125273579978,0.08507965222830369,0.0
2016-05-17,-0.009455863552162807,-0.017998323470135514,0.1326798745030368,0.10972022618800285,0.0
2016-05-18,0.00020515768640127935,-0.008185642905865513,0.11381530576793498,0.12029639970470257,0.0
2016-05-19,-0.0037135945227206248,-0.011729758160621892,0.11682265064753858,0.11738143281854571,0.0
2016-05-20,0.006001459222804671,0.002786135223935263,0.10866939154706164,0.11351374936371124,0.0
2016-05-23,-0.0020876365681016884,-0.009050477733779191,0.08507965222830369,0.11276834589601344,0.0
2016-05-24,0.013588637533990108,0.013994023352373722,0.10972022618800285,0.05895034915949623,0.0
2016-05-25,0.006950529651583447,0.020739395317555892,0.12029639970470257,0.037964792548406956,0.0
2016-05-26,-0.0002104660499285901,0.024242523790347924,0.11738143281854571,0.04321649306633845,0.0
2016-05-27,0.004277694939439437,0.02251875950698269,0.11351374936371124,0.04634954600221938,0.0
2016-05-31,-0.0010057686205899895,0.02360062745449439,0.11276834589601344,0.04670104907368735,0.0
2016-06-01,0.001134398653926189,0.011146388574430472,0.05895034915949623,0.05163672678577961,0.0
2016-06-02,0.002820696166986195,0.007016555089833219,0.037964792548406956,0.049135766398315475,0.0
2016-06-03,-0.002916062236694851,0.004310958903066958,0.04321649306633845,0.07916995371771259,0.0
2016-06-06,0.004885328519363624,0.004918592482991145,0.04634954600221938,0.09171319331616434,0.0
2016-06-07,0.001288615629197613,0.007212976732778748,0.04670104907368735,0.09214665895884176,0.0
2016-06-08,0.0033041019719547236,0.009382680050807283,0.05163672678577961,0.0900659024030225,0.0
2016-06-09,-0.0017192355978938075,0.004842748285927279,0.049135766398315475,0.09195682806281526,0.0
2016-06-10,-0.009217532410166119,-0.0014587218875439885,0.07916995371771259,0.06863409254185725,0.0
2016-06-13,-0.008148298789709478,-0.01449234919661709,0.09171319331616434,0.055269918233736295,0.0
2016-06-14,-0.0018005050719719037,-0.017581469897786608,0.09214665895884176,0.057105860851255436,0.0
2016-06-15,-0.0018424090638101951,-0.022727980933551526,0.0900659024030225,0.0568128469650328,0.0
2016-06-16,0.0031280931110455722,-0.01788065222461215,0.09195682806281526,0.1077825013377908,0.0
2016-06-17,-0.003263284144608922,-0.011926403959054949,0.06863409254185725,0.28022016110552606,1.0
2016-06-20,0.0057913827784231015,0.0020132776090776303,0.055269918233736295,0.30600948214340246,1.0
2016-06-21,0.002708390604209703,0.006522173285259237,0.057105860851255436,0.3300137374908688,1.0
2016-06-22,-0.00165292899657585,0.006711653352493582,0.0568128469650328,0.3509241946175245,1.0
2016-06-23,0.013275567071955107,0.016859127313403117,0.1077825013377908,0.3513048924299544,1.0
2016-06-24,-0.03658079280558263,-0.01645838134757059,0.28022016110552606,0.2369876467366655,1.0
2016-06-27,-0.018262246511702756,-0.04051201063769645,0.30600948214340246,0.20428826409215528,1.0
2016-06-28,0.01761412160408792,-0.02560627963781823,0.3300137374908688,0.16593133383049008,1.0
2016-06-29,0.016889242971253916,-0.007064107669988464,0.3509241946175245,0.1148699359294699,0.0
2016-06-30,0.013473863149466128,-0.006865811592477443,0.3513048924299544,0.12488048397963389,0.0
2016-07-01,0.0019467062930320223,0.03166168750613721,0.2369876467366655,0.1264425829318509,0.0
2016-07-05,-0.006871028985598719,0.043052905032241254,0.20428826409215528,0.12675648586344784,0.0
2016-07-06,0.0053386870582759595,0.030777470486429287,0.16593133383049008,0.120961325886922,0.0
2016-07-07,-0.0008719578867330009,0.013016269628442372,0.1148699359294699,0.12641222848626402,0.0
2016-07-08,0.0151381865659924,0.014680593044968644,0.12488048397963389,0.06688560217671802,0.0
2016-07-11,0.0034028193119982385,0.01613670606393486,0.1264425829318509,0.06461772053268339,0.0
2016-07-12,0.006984842307345719,0.029992577356879296,0.12675648586344784,0.04266723258883472,0.0
2016-07-13,0.00013475867498170382,0.024788648973585042,0.120961325886922,0.05229469812367531,0.0
2016-07-14,0.005245422801696999,0.03090602966201504,0.12641222848626402,0.044812152896750154,0.0
2016-07-15,-0.0009293790598711438,0.014838464036151498,0.06688560217671802,0.0548186219737353,0.0
2016-07-18,0.0023794618218687365,0.013815106546021996,0.06461772053268339,0.05637536386742224,0.0
2016-07-19,-0.0014362045004153862,0.0053940597382608904,0.04266723258883472,0.055492989415636435,0.0
2016-07-20,0.004261208315763991,0.009520509379043179,0.05229469812367531,0.047294825635553706,0.0
2016-07-21,-0.003619069856524976,0.0006560167208212028,0.044812152896750154,0.04130976790082008,0.0
2016-07-22,0.004543626789510244,0.0061290225702025905,0.0548186219737353,0.028282792991720353,0.0
2016-07-25,-0.0030160187399297005,0.0007335420084041535,0.05637536386742224,0.020562723992537762,0.0
2016-07-26,0.0003227321607194127,0.0024924786695389523,0.055492989415636435,0.04970237667788486,0.0
2016-07-27,-0.001199260946808637,-0.002967990593033676,0.047294825635553706,0.05377082289730554,0.0
2016-07-28,0.001604920448092453,0.0022559997115837527,0.04130976790082008,0.05257147074295908,0.0
2016-07-29,0.0016299801176578648,-0.0006576469602686261,0.028282792991720353,0.07955265857392166,0.0
2016-08-01,-0.0012705941474910585,0.0010877776321700156,0.020562723992537762,0.07930178783371859,0.0
2016-08-02,-0.006381940812667669,-0.005616895341217066,0.04970237667788486,0.06514352014502885,0.0
2016-08-03,0.0031290427160710972,-0.0012885916783373316,0.05377082289730554,0.06453687524058506,0.0
2016-08-04,0.00021254929948908707,-0.002680962826940698,0.05257147074295908,0.07271305320431073,0.0
2016-08-05,0.00856669728938006,0.004255754344781497,0.07955265857392166,0.04025395723377591,0.0
2016-08-08,-0.0009075772915415996,0.004618771200730956,0.07930178783371859,0.04439491870325199,0.0
2016-08-09,0.00038971798655598234,0.011390429999954607,0.06514352014502885,0.05903057024453382,0.0
2016-08-10,-0.0028687970634882847,0.0053925902203952256,0.06453687524058506,0.0569689928059425,0.0
2016-08-11,0.004723415102443644,0.009903456023349782,0.07271305320431073,0.04862432737405239,0.0
2016-08-12,-0.0007963633869140575,0.0005403953470556647,0.04025395723377591,0.04936660222742596,0.0
2016-08-15,0.002789016294521772,0.004236988933119037,0.04439491870325199,0.045398479848381024,0.0
2016-08-16,-0.0054941422164782264,-0.001646871269915172,0.05903057024453382,0.02704233147843224,0.0
2016-08-17,0.0018668460061555662,0.003088771799728679,0.0569689928059425,0.04412408432934486,0.0
2016-08-18,0.002197201696382422,0.000562558393667457,0.04862432737405239,0.04239911843677744,0.0
2016-08-19,-0.0014413095687681864,-8.238778818667192e-05,0.04936660222742596,0.04264756056772706,0.0
2016-08-22,-0.0005634818833231075,-0.0034348859660315516,0.045398479848381024,0.05633117363792994,0.0
2016-08-23,0.001949867178361733,0.004009123428808408,0.02704233147843224,0.05634117368887485,0.0
2016-08-24,-0.005254055259671874,-0.0031117778370190322,0.04412408432934486,0.04547749792723221,0.0
2016-08-25,-0.001366160396645455,-0.006675139930046909,0.04239911843677744,0.04443222784403863,0.0
2016-08-26,-0.001580064238713279,-0.006813894599992001,0.04264756056772706,0.05228927726738854,0.0
2016-08-29,0.005214428428674345,-0.0010359842879945494,0.05633117363792994,0.042550245769701775,0.0
2016-08-30,-0.001955591407122778,-0.004941442873479061,0.05634117368887485,0.04023502148162092,0.0
2016-08-31,-0.0023786911055626065,-0.002066078719369793,0.04547749792723221,0.039790779335309015,0.0
2016-09-01,-4.138538941144249e-05,-0.0007413037121357807,0.04443222784403863,0.18069484269264033,1.0
2016-09-02,0.004192241599034617,0.005031002125612116,0.05228927726738854,0.20606935584627495,1.0
2016-09-06,0.002977242370005349,0.0027938160669431188,0.042550245769701775,0.23080279383203667,1.0
2016-09-07,-0.00014639593829345095,0.004603011535772445,0.04023502148162092,0.23083818152991425,1.0
2016-09-08,-0.0022254881924702883,0.004756214448864765,0.039790779335309015,0.24111367071915807,1.0
2016-09-09,-0.024827742410836417,-0.02003014257256021,0.18069484269264033,0.16669826988399944,1.0
2016-09-12,0.014570387233434434,-0.009651996938160391,0.20606935584627495,0.13072338331186936,0.0
2016-09-13,-0.014941748278210834,-0.027570987586376574,0.23080279383203667,0.07642654745419179,0.0
2016-09-14,-0.0005878493998128358,-0.02801244104789596,0.23083818152991425,0.10846920122282679,0.0
2016-09-15,0.01005851644943989,-0.01572843640598578,0.24111367071915807,0.09371185338873467,0.0
2016-09-16,-0.0037794277955721,0.005319878209278536,0.16669826988399944,0.09864204609921368,0.0
2016-09-19,-1.8603233824686035e-05,-0.009269112257980584,0.13072338331186936,0.11610078815339828,0.0
2016-09-20,0.0002990934842341777,0.005971729504464427,0.07642654745419179,0.12471749438008137,0.0
2016-09-21,0.010858000333635954,0.017417579237913216,0.10846920122282679,0.10497108839381673,0.0
2016-09-22,0.006478751917642122,0.01383781470611545,0.09371185338873467,0.11542872911237416,0.0
2016-09-23,-0.005753292959718776,0.011863949541968774,0.09864204609921368,0.12177866502395977,0.0
2016-09-26,-0.008624850117916047,0.0032577026578774135,0.11610078815339828,0.1077891376505625,0.0
2016-09-27,0.006423495165298114,0.00938210433894135,0.12471749438008137,0.10384023104946717,0.0
2016-09-28,0.005282576603642458,0.0038066806089478546,0.10497108839381673,0.10150285948641115,0.0
2016-09-29,-0.009365127730081198,-0.012037199038775464,0.11542872911237416,0.07677336446551537,0.0
2016-09-30,0.0079363925880277,0.001652486508971012,0.12177866502395977,0.057051478969280534,0.0
2016-10-03,-0.003266023181527122,0.0070113134453599355,0.1077891376505625,0.06149438168691416,0.0
2016-10-04,-0.004967881786362002,-0.004380063506300179,0.10384023104946717,0.10219438786486451,0.0
2016-10-05,0.004287486231196994,-0.005375153878745643,0.10150285948641115,0.09789482254949881,0.0
2016-10-06,0.0004814438526045025,0.004471417703940057,0.07677336446551537,0.10028625425432248,0.0
2016-10-07,-0.0032587874416142044,-0.006723762325701847,0.057051478969280534,0.09759174246715423,0.0
2016-10-10,0.004595330317324387,0.0011375911731496624,0.06149438168691416,0.09447977347524661,0.0
2016-10-11,-0.012524577697755964,-0.0064191047382443,0.10219438786486451,0.054050171541430596,0.0
2016-10-12,0.0011459322063988205,-0.009560658763042473,0.09789482254949881,0.05564949909918338,0.0
2016-10-13,-0.0031040764122339942,-0.013146179027880971,0.10028625425432248,0.05202660256783947,0.0
2016-10-14,0.0002015841591211507,-0.009685807427145615,0.09759174246715423,0.052010346701542344,0.0
2016-10-17,-0.0030426181118402627,-0.017323755856310265,0.09447977347524661,0.058053359753112745,0.0
2016-10-18,0.00614150560569863,0.001342327447144331,0.054050171541430596,0.04689218413419807,0.0
2016-10-19,0.0021895721553504997,0.0023859673960960103,0.05564949909918338,0.04593666618830169,0.0
2016-10-20,-0.0013766711313809553,0.0041133726769490495,0.05202660256783947,0.04965480429445314,0.0
2016-10-21,-8.414514015477906e-05,0.0038276433776731197,0.052010346701542344,0.05434796656901555,0.0
2016-10-24,0.004738594647427366,0.011608856136940748,0.058053359753112745,0.042693786967408796,0.0
2016-10-25,-0.0038049574647063588,0.0016623930665357585,0.04689218413419807,0.058570059389207924,0.0
2016-10-26,-0.001741927921187231,-0.002269107010001972,0.04593666618830169,0.0737411145042869,0.0
2016-10-27,-0.0029911959060088668,-0.003883631784629884,0.04965480429445314,0.07731326313138065,0.0
2016-10-28,-0.00311314013962507,-0.006912626784100174,0.05434796656901555,0.0750268309695354,0.0
2016-10-31,-0.0001222838841985538,-0.011773505315726093,0.042693786967408796,0.17314150974273176,1.0
2016-11-01,-0.006810019108735079,-0.014778566959754814,0.058570059389207924,0.16838942671625326,1.0
2016-11-02,-0.006546884453454001,-0.01958352349202158,0.0737411145042869,0.1797527645631483,1.0
2016-11-03,-0.004433213022609399,-0.021025540608622113,0.07731326313138065,0.17751604241005553,1.0
2016-11-04,-0.0016675202716929607,-0.019579920740690007,0.0750268309695354,0.17739908313427996,1.0
2016-11-07,0.0219801997294649,0.0025225628729734495,0.17314150974273176,0.08438836694814446,0.0
2016-11-08,0.0037648783971575305,0.013097460378866057,0.16838942671625326,0.09595080421057603,0.0
2016-11-09,0.011016119879656035,0.030660464711976095,0.1797527645631483,0.056715511531590775,0.0
2016-11-10,0.001948845716095396,0.03704252345068089,0.17751604241005553,0.06420488242291787,0.0
2016-11-11,-0.0013989283477976058,0.03731111537457624,0.17739908313427996,0.06566155615366677,0.0
2016-11-14,-0.00011550945718323702,0.015215406187928106,0.08438836694814446,0.08423697402168154,0.0
2016-11-15,0.007452955022089459,0.018903482812860035,0.09595080421057603,0.06732118530010933,0.0
2016-11-16,-0.0015835165223759536,0.006303846410828047,0.056715511531590775,0.06662313800555993,0.0
2016-11-17,0.004665469361197901,0.009020470055930551,0.06420488242291787,0.06411586220948313,0.0
2016-11-18,-0.00238965136554844,0.008029747038179717,0.06566155615366677,0.07226296816536629,0.0
2016-11-21,0.007433702070873876,0.01557895856623683,0.08423697402168154,0.05026509730844366,0.0
2016-11-22,0.002163091103593048,0.010289094647740419,0.06732118530010933,0.05144461076529121,0.0
2016-11-23,0.000807698156908801,0.012680309327025173,0.06662313800555993,0.05691006814639208,0.0
2016-11-25,0.003906745613423708,0.011921585579250979,0.06411586220948313,0.049774072858327426,0.0
2016-11-28,-0.0052683892547352165,0.009042847690064205,0.07226296816536629,0.05269349901054551,0.0
2016-11-29,0.001334402353261901,0.0029435479724522293,0.05026509730844366,0.05719465845866449,0.0
2016-11-30,-0.0026569305551563936,-0.0018764736862972118,0.05144461076529121,0.10739978471613443,0.0
2016-12-01,-0.003521722966763813,-0.006205894809969826,0.05691006814639208,0.10556572779999272,0.0
2016-12-02,0.0003969277200846238,-0.00971571270330891,0.049774072858327426,0.11359299025756163,0.0
2016-12-05,0.005804426926743671,0.0013571034781699777,0.05269349901054551,0.10616309126532093,0.0
2016-12-06,0.0034050844688746093,0.0034277855937826862,0.05719465845866449,0.1132597082216028,0.0
2016-12-07,0.013077358744723351,0.01916207489366243,0.10739978471613443,0.08692770402503223,0.0
2016-12-08,0.0021570150168711013,0.024840812877297346,0.10556572779999272,0.08988321812440779,0.0
2016-12-09,0.005921418532969715,0.030365303690182435,0.11359299025756163,0.0804147898996525,0.0
2016-12-12,-0.001138082290599516,0.02342279447283925,0.10616309126532093,0.08122491409355076,0.0
2016-12-13,0.00651848320123699,0.026536193205201633,0.1132597082216028,0.07155703257650163,0.0
2016-12-14,-0.008150295461858616,0.0053085389986196625,0.08692770402503223,0.045580351839407555,0.0
2016-12-15,0.0038757076875535726,0.007027231669302134,0.08988321812440779,0.03867496324662884,0.0
2016-12-16,-0.0017521567509802415,-0.0006463436146478224,0.0804147898996525,0.03768142301008182,0.0
2016-12-19,0.0019731727152112587,0.002464911391162952,0.08122491409355076,0.03844308972572748,0.0
2016-12-20,0.0036309124011527547,-0.00042265940892128326,0.07155703257650163,0.06604976183217953,0.0
2016-12-21,-0.0024603857246776667,0.005267250328259666,0.045580351839407555,0.06373234507656542,0.0
2016-12-22,-0.0018647112223965044,-0.00047316858169041084,0.03867496324662884,0.07053596861209523,0.0
2016-12-23,0.0012509325350792359,0.0025299207043690663,0.03768142301008182,0.09217263392188244,0.0
2016-12-27,0.0022458489045486347,0.0028025968937064423,0.03844308972572748,0.09941081118588098,0.0
2016-12-28,-0.008391640709771516,-0.009219956217217828,0.06604976183217953,0.07977040269198096,0.0
2016-12-29,-0.00029334773186837293,-0.007052918224408534,0.06373234507656542,0.08354754556350656,0.0
2016-12-30,-0.004647834696854234,-0.009836041698866264,0.07053596861209523,0.08079824033371834,0.0
2017-01-03,0.008450766753157112,-0.002636207480788388,0.09217263392188244,0.05412038914979753,0.0
2017-01-04,0.005705963770549438,0.0008239073852124154,0.09941081118588098,0.04111567380796502,0.0
2017-01-05,-0.0007709676024811847,0.008444580492502747,0.07977040269198096,0.043507355036585024,0.0
2017-01-06,0.0035107891805790594,0.01224871740495018,0.08354754556350656,0.03799767586360447,0.0
2017-01-09,-0.003554905471559629,0.013341646630244786,0.08079824033371834,0.03538428282801096,0.0
2017-01-10,0.0,0.004890879877087673,0.05412038914979753,0.03753074920969203,0.0
2017-01-11,0.0028256423891019514,0.0020105584956401864,0.04111567380796502,0.040805569321898084,0.0
2017-01-12,-0.002147112393729617,0.000634413704391754,0.043507355036585024,0.0447430390252241,0.0
2017-01-13,0.0018481313951466559,-0.0010282440810406494,0.03799767586360447,0.0468562770107938,0.0
2017-01-17,-0.0029719144562184454,-0.0004452530656994659,0.03538428282801096,0.06251498606433793,0.0
2017-01-18,0.0017622004698093201,0.0013169474041098547,0.03753074920969203,0.08350101661006809,0.0
2017-01-19,-0.003615837624319374,-0.00512453260931147,0.040805569321898084,0.0796288381204628,0.0
2017-01-20,0.0033605840612999428,0.00038316384571808904,0.0447430390252241,0.0762196122267599,0.0
2017-01-23,-0.002693749646069815,-0.0041587171954983815,0.0468562770107938,0.08529295365525703,0.0
2017-01-24,0.006543140528962317,0.0053563377896823795,0.06251498606433793,0.07181279392561074,0.0
2017-01-25,0.007994052795968681,0.01158819011584174,0.08350101661006809,0.04405402050601749,0.0
2017-01-26,-0.0007356549352631034,0.014468372804898011,0.0796288381204628,0.04393022007835594,0.0
2017-01-27,-0.0008668394897415927,0.010240949253856477,0.0762196122267599,0.06732565118257751,0.0
2017-01-30,-0.006027673496096654,0.006907025403829637,0.08529295365525703,0.05410704601496884,0.0
2017-01-31,-0.0008903016080325452,-0.0005264167331652251,0.07181279392561074,0.053760730022075494,0.0
2017-02-01,0.00029831898811628964,-0.008222150541017617,0.04405402050601749,0.05394386964491368,0.0
2017-02-02,0.0005701468386910137,-0.006916348767063499,0.04393022007835594,0.06746732545788381,0.0
2017-02-03,0.007238496854553608,0.0011889875772317007,0.06732565118257751,0.05049489154441175,0.0
2017-02-06,-0.002117597513709103,0.005099063559619251,0.05410704601496884,0.06085590031927719,0.0
2017-02-07,0.00022680346384577153,0.006216168631497568,0.053760730022075494,0.06713402107198874,0.0
2017-02-08,0.0006930821486096318,0.006610931791990911,0.05394386964491368,0.07571427058036707,0.0
2017-02-09,0.00573606373596025,0.011776848689260147,0.06746732545788381,0.0641251484539656,0.0
2017-02-10,0.0035597068220090916,0.00809805865671563,0.05049489154441175,0.060126176092328565,0.0
2017-02-13,0.005232133584011204,0.015447789754435937,0.06085590031927719,0.06378043642399009,0.0
2017-02-14,0.003999327195672579,0.019220313486262745,0.06713402107198874,0.05762729895324381,0.0
2017-02-15,0.00497988866573445,0.02350712000338756,0.07571427058036707,0.04560554045274674,0.0
2017-02-16,-0.0008644916015501692,0.016906564665877144,0.0641251484539656,0.04641584166305558,0.0
2017-02-17,0.001677149327237158,0.01502400717110521,0.060126176092328565,0.045440506212316094,0.0
2017-02-21,0.0060298500200691545,0.015821723607163163,0.06378043642399009,0.023838368462358338,0.0
2017-02-22,-0.001082786146804093,0.010739610264686488,0.05762729895324381,0.0990223307717062,0.0
2017-02-23,0.00041889897125923353,0.006178620570211272,0.04560554045274674,0.10741238001398049,0.0
2017-02-24,0.0014922502320316529,0.008535362403793094,0.04641584166305558,0.10694848220371946,0.0
2017-02-27,0.0010174652677336642,0.0078756783442896,0.045440506212316094,0.1092194709206002,0.0
2017-02-28,-0.0025817061151949088,-0.0007358777909744632,0.023838368462358338,0.10964487440786783,0.0
2017-03-01,0.013581211083725323,0.013928119439554952,0.0990223307717062,0.054674719759663815,0.0
2017-03-02,-0.0058771169721052695,0.007632103496190449,0.10741238001398049,0.03578694413520953,0.0
2017-03-03,0.0005037503685347897,0.0066436036326935856,0.10694848220371946,0.04248110991110191,0.0
2017-03-06,-0.0032826227635658124,0.00234351560139411,0.1092194709206002,0.03561356637295779,0.0
2017-03-07,-0.0029176259020898777,0.002007595814499141,0.10964487440786783,0.03763911451747443,0.0
2017-03-08,-0.002286827964063899,-0.013860443233290082,0.054674719759663815,0.06825417662083512,0.0
2017-03-09,0.0007995756127663866,-0.007183750648418425,0.03578694413520953,0.0689927235582709,0.0
2017-03-10,0.0032633397058585423,-0.004424161311094672,0.04248110991110191,0.06565396828245838,0.0
2017-03-13,0.0003665656191696328,-0.0007749729283592272,0.03561356637295779,0.06713926365164699,0.0
2017-03-14,-0.003384748980891005,-0.0012420960071603546,0.03763911451747443,0.10856855655559067,0.0
2017-03-15,0.008339879124686365,0.00938461108158991,0.06825417662083512,0.09198534361187459,0.0
2017-03-16,-0.0016280347991836145,0.006957000669639908,0.0689927235582709,0.09156657011712897,0.0
2017-03-17,-0.0013151792642314352,0.002378481699549931,0.06565396828245838,0.09128631751191779,0.0
2017-03-20,-0.0020119160803802947,3.469446951953614e-18,0.06713926365164699,0.09045236065888994,0.0
2017-03-21,-0.012485594590102116,-0.009100845609211107,0.10856855655559067,0.05436824740309966,0.0
2017-03-22,0.0018881028474626675,-0.015552621886434805,0.09198534361187459,0.05324976081878243,0.0
2017-03-23,-0.001060832144830083,-0.014985419232081274,0.09156657011712897,0.056672190097039846,0.0
2017-03-24,-0.0008443522139384829,-0.014514592181788322,0.09128631751191779,0.058589082914246075,0.0
2017-03-27,-0.0010201075858456302,-0.013522783687253657,0.09045236065888994,0.05929894074467457,0.0
2017-03-28,0.007225308829623951,0.00618811973247241,0.05436824740309966,0.030016622572022575,0.0
2017-03-29,0.0010847362038301697,0.005384753088839912,0.05324976081878243,0.03624192212392814,0.0
2017-03-30,0.0029308109117050134,0.00937639614537501,0.056672190097039846,0.0326777683631724,0.0
2017-03-31,-0.0022575939382668176,0.007963154421046673,0.058589082914246075,0.029076979754670752,0.0
2017-04-03,-0.0016434753080133316,0.007339786698878972,0.05929894074467457,0.027076894436972178,0.0
2017-04-04,0.0005593660746613713,0.0006738439439163926,0.030016622572022575,0.02865589312783154,0.0
2017-04-05,-0.003059536811522123,-0.0034704290714359,0.03624192212392814,0.032627939007377205,0.0
2017-04-06,0.001927650293734993,-0.00447358968940592,0.0326777683631724,0.05686768651565262,0.0
2017-04-07,-0.0008274724629448716,-0.003043468214083974,0.029076979754670752,0.083106166104342,0.0
2017-04-10,0.000687450135783276,-0.0007125427702873666,0.027076894436972178,0.08549213883279506,0.0
2017-04-11,-0.0014349082919582845,-0.0027068171369070224,0.02865589312783154,0.08575465410991305,0.0
2017-04-12,-0.0037670374189869064,-0.003414317744371806,0.032627939007377205,0.09744490110754808,0.0
2017-04-13,-0.006838020289804216,-0.012179988327911015,0.05686768651565262,0.08720413029220553,0.0
2017-04-17,0.008576465691107291,-0.002776050173858853,0.083106166104342,0.09877317640582525,0.0
2017-04-18,-0.0029076028458332546,-0.006371103155475384,0.08549213883279506,0.10577518133267727,0.0
2017-04-19,-0.0017178253968685745,-0.006654020260385673,0.08575465410991305,0.10512639034006266,0.0
2017-04-20,0.0075288503629738525,0.004641867521575086,0.09744490110754808,0.09060962923325017,0.0
2017-04-21,-0.0030396881071153782,0.008440199704263924,0.08720413029220553,0.08904632511342969,0.0
2017-04-24,0.010781736588111827,0.01064547060126846,0.09877317640582525,0.04713213086031995,0.0
2017-04-25,0.006072214211751177,0.01962528765885289,0.10577518133267727,0.020839209718208244,0.0
2017-04-26,-0.0004858214756873499,0.020857291580034115,0.10512639034006266,0.02244872472853815,0.0
2017-04-27,0.0005527670002992063,0.01388120821735947,0.09060962923325017,0.02248584509599736,0.0
2017-04-28,-0.0019149794714900413,0.015005916852984807,0.08904632511342969,0.03405753118161708,0.0
2017-05-01,0.0017307918268938255,0.005954972091766805,0.04713213086031995,0.03176485203687005,0.0
2017-05-02,0.0011883435858115294,0.001071101465827158,0.020839209718208244,0.03147800016330236,0.0
2017-05-03,-0.0012721693958273864,0.0002847535456871216,0.02244872472853815,0.03120333144307865,0.0
2017-05-04,0.0005819332878695465,0.0003139198332574617,0.02248584509599736,0.03453765036678643,0.0
2017-05-05,0.00408035940747836,0.006309258712225862,0.03405753118161708,0.021541814365407325,0.0
2017-05-08,3.7445271907879016e-05,0.004615912157239915,0.03176485203687005,0.040104747708237264,0.0
2017-05-09,-0.0010257745567932176,0.002401794014635169,0.03147800016330236,0.03973859185409934,0.0
2017-05-10,0.0011299627174494742,0.00480392612791203,0.03120333144307865,0.13593100003658098,0.0
2017-05-11,-0.0021651513741066187,0.0020568414659358648,0.03453765036678643,0.13756278160798172,0.0
2017-05-12,-0.0014795353407942593,-0.003503053282336754,0.021541814365407325,0.1452788336594315,1.0
2017-05-15,0.0047651423030152336,0.0012246437487706003,0.040104747708237264,0.14593366297288426,1.0
2017-05-16,-0.0006871330369860457,0.0015632852685777722,0.03973859185409934,0.14643348308085713,1.0
2017-05-17,-0.018345468171115042,-0.017912145619986743,0.13593100003658098,0.06922299267483861,0.0
2017-05-18,0.003680038627215951,-0.012066955618664174,0.13756278160798172,0.07140945127043775,0.0
2017-05-19,0.0067447032082007,-0.0038427170696692147,0.1452788336594315,0.053022838346697056,0.0
2017-05-22,0.00514686329600843,-0.003460996076676018,0.14593366297288426,0.03936419545026636,0.0
2017-05-23,0.0018361851723804105,-0.000937677867309561,0.14643348308085713,0.037286466096251546,0.0
2017-05-24,0.0024860338045762944,0.019893824108381773,0.06922299267483861,0.06281786299717286,0.0
2017-05-25,0.004432112041978175,0.020645897523144,0.07140945127043775,0.06038499683810859,0.0
2017-05-26,0.00031050178530242343,0.014211696100245723,0.053022838346697056,0.06096153143612313,0.0
2017-05-30,-0.0012053507295338199,0.007859482074703472,0.03936419545026636,0.06350913723477143,0.0
2017-05-31,-0.0004600746199513276,0.005563222282371733,0.037286466096251546,0.06439335063634324,0.0
2017-06-01,0.0075425955848472245,0.010619784062642664,0.06281786299717286,0.03581630097431798,0.0
2017-06-02,0.00370087461804602,0.00988854663871051,0.06038499683810859,0.02504503299221782,0.0
2017-06-05,-0.0012184071404286387,0.008359637712979448,0.06096153143612313,0.024510475948924845,0.0
2017-06-06,-0.0027829086662040834,0.0067820797763091835,0.06350913723477143,0.03509491460473839,0.0
2017-06-07,0.0015670287963475379,0.00880918319260805,0.06439335063634324,0.03402825700862451,0.0
2017-06-08,0.00026716903566476714,0.0015337566434255917,0.03581630097431798,0.03751917374140145,0.0
2017-06-09,-0.0008303338661872762,-0.0029974518408077046,0.02504503299221782,0.03710786298516464,0.0
2017-06-12,-0.0009792424797181137,-0.0027582871800971797,0.024510475948924845,0.06936321598436243,0.0
2017-06-13,0.00450135884323014,0.0045259803293370435,0.03509491460473839,0.07788102445248125,0.0
2017-06-14,-0.0009963269653176028,0.0019626245676719026,0.03402825700862451,0.07766944714529515,0.0
2017-06-15,-0.002242109796840374,-0.0005466542648332384,0.03751917374140145,0.07608977667246909,0.0
2017-06-16,0.00028359915005969524,0.0005672787514137332,0.03710786298516464,0.0768648590826789,0.0
2017-06-19,0.008312583206893995,0.009859104438025842,0.06936321598436243,0.049301519362813594,0.0
2017-06-20,-0.0067191604469316645,-0.0013614148521359625,0.07788102445248125,0.05887726224390386,0.0
2017-06-21,-0.0005828141932715965,-0.0009479020800899562,0.07766944714529515,0.08558844630722413,0.0
2017-06-22,-0.0004558859724380852,0.0008383217443123326,0.07608977667246909,0.10523698852610897,0.0
2017-06-23,0.0015596985554090976,0.0021144211496617353,0.0768648590826789,0.10521652254938205,0.0
2017-06-26,0.00031575193973236123,-0.005882410117499899,0.049301519362813594,0.10646128310359358,0.0
2017-06-27,-0.008105586575672907,-0.007268836246241141,0.05887726224390386,0.09016090735025979,0.0
2017-06-28,0.008769501646551084,0.00208347959358154,0.08558844630722413,0.09337386051837183,0.0
2017-06-29,-0.008637216844141348,-0.006097851278121723,0.10523698852610897,0.08373773388836381,0.0
2017-06-30,0.0015320576108735333,-0.006125492222657287,0.10521652254938205,0.08328895943485477,0.0
2017-07-03,0.0023081679791475806,-0.0041330761832420685,0.10646128310359358,0.08185008492210408,0.0
2017-07-05,0.0014522240362887008,0.005424734428719539,0.09016090735025979,0.0962474314225875,0.0
2017-07-06,-0.009412987306866183,-0.01275775452469773,0.09337386051837183,0.07053146340037866,0.0
2017-07-07,0.006382712569615801,0.0022621748890594203,0.08373773388836381,0.06338088203429293,0.0
2017-07-10,0.0009273361035125654,0.0016574533816984525,0.08328895943485477,0.0630391602885889,0.0
2017-07-11,-0.0007829870660821734,-0.0014337016635313014,0.08185008492210408,0.06293680119253596,0.0
2017-07-12,0.007279050947821435,0.004393125248001432,0.0962474314225875,0.05232254680497285,0.0
2017-07-13,0.001872829473473065,0.015678942028340682,0.07053146340037866,0.05061681126190679,0.0
2017-07-14,0.004662616170009233,0.013958845628734113,0.06338088203429293,0.038382147260169135,0.0
2017-07-17,-5.291423670686425e-05,0.012978595288514683,0.0630391602885889,0.03911697889149106,0.0
2017-07-18,0.0005976786981109875,0.014359261052707843,0.06293680119253596,0.044062946137178066,0.0
2017-07-19,0.00535825821605345,0.01243846832093986,0.05232254680497285,0.022327965902024398,0.0
2017-07-20,-0.00015367108860704477,0.010411967758859747,0.05061681126190679,0.02334692423598084,0.0
2017-07-21,-0.0003679393292088825,0.005381412259641633,0.038382147260169135,0.02508039988694938,0.0
2017-07-24,-0.0010643009954088047,0.004370025500939693,0.03911697889149106,0.024467894955167626,0.0
2017-07-25,0.002918907519898033,0.006691254322726738,0.044062946137178066,0.02169879177799719,0.0
2017-07-26,0.00028262400611947947,0.001615620112792768,0.022327965902024398,0.021886936590117145,0.0
2017-07-27,-0.0009731616373937137,0.0007961295640060992,0.02334692423598084,0.025925999575992335,0.0
2017-07-28,-0.0013420156781160386,-0.00017794678490105692,0.02508039988694938,0.027584608880228633,0.0
2017-07-31,-0.0007284108345598019,0.00015794337594794586,0.024467894955167626,0.02950750833999711,0.0
2017-08-01,0.0024461207749384662,-0.00031484336901162115,0.02169879177799719,0.02938777518675468,0.0
2017-08-02,0.0004925274073474498,-0.00010493996778365082,0.021886936590117145,0.029293019753239502,0.0
2017-08-03,-0.0021860418349456704,-0.0013178201653356075,0.025925999575992335,0.10644905865063728,0.0
2017-08-04,0.0018873214175395684,0.0019115169303199995,0.027584608880228633,0.10598952060067184,0.0
2017-08-07,0.0016458446442804673,0.004285772409160268,0.02950750833999711,0.1270073116522902,0.0
2017-08-08,-0.002417352230385335,-0.000577700596163533,0.02938777518675468,0.12589236050237287,0.0
2017-08-09,-0.0003636747927123762,-0.001433902796223359,0.029293019753239502,0.12626843508745006,0.0
2017-08-10,-0.01458021840074153,-0.013828079362019218,0.10644905865063728,0.13201478624236088,0.0
2017-08-11,0.0012747571279871366,-0.01444064365157165,0.10598952060067184,0.13234837253155252,0.0
2017-08-14,0.009993651246049404,-0.0060928370498027126,0.1270073116522902,0.11202918672097407,0.0
2017-08-15,-0.00049893232688349,-0.004174417146300869,0.12589236050237287,0.1321719048857999,0.0
2017-08-16,0.0014190955233323716,-0.0023916468302561215,0.12626843508745006,0.13405645836145144,0.0
2017-08-17,-0.015557342487191416,-0.003368770916706008,0.13201478624236088,0.0773958538533692,0.0
2017-08-18,-0.0018370536613519935,-0.006480581706045138,0.13234837253155252,0.07720646594369487,0.0
2017-08-21,0.0011619757145661966,-0.015312257237528343,0.11202918672097407,0.0768423058227703,0.0
2017-08-22,0.009891695260625078,-0.004921629650019778,0.1321719048857999,0.03176619848215232,0.0
2017-08-23,-0.0034595701326390073,-0.009800295305991157,0.13405645836145144,0.03839842412433329,0.0
2017-08-24,-0.0020766167471384417,0.003680430434061818,0.0773958538533692,0.05382638331107957,0.0
2017-08-25,0.0016714716689374216,0.007188955764351234,0.07720646594369487,0.05435231992448848,0.0
2017-08-28,0.0004869534732960745,0.006513933523081111,0.0768423058227703,0.07640427030869248,0.0
2017-08-29,0.0008424667620097917,-0.002535294975534175,0.03176619848215232,0.07933261663350444,0.0
2017-08-30,0.004604531788061044,0.005528806945165876,0.03839842412433329,0.07229593848916407,0.0
2017-08-31,0.0057046735847135445,0.013310097277017863,0.05382638331107957,0.0608145329693946,0.0
2017-09-01,0.001980578042335197,0.013619203650415638,0.05435231992448848,0.09674020341098845,0.0
2017-09-05,-0.007579458552144929,0.005552791624974635,0.07640427030869248,0.083855227484667,0.0
2017-09-06,0.003123842493144133,0.007834167356108975,0.07933261663350444,0.08104779606394598,0.0
2017-09-07,-0.00017845204485370908,0.003051183523194223,0.07229593848916407,0.0814141948867906,0.0
2017-09-08,-0.001489960143457705,-0.004143450204977027,0.0608145329693946,0.08178041182787187,0.0
2017-09-11,0.010780975197147024,0.004656946949834801,0.09674020341098845,0.030606379876022355,0.0
2017-09-12,0.003358302594883113,0.015594708096862843,0.083855227484667,0.020745606949703087,0.0
2017-09-13,0.0007568342480825294,0.013227699851801238,0.08104779606394598,0.020537262313777973,0.0
2017-09-14,-0.0011013238508279736,0.012304828045826973,0.0814141948867906,0.02880396287487967,0.0
2017-09-15,0.001845477546159349,0.01564026573544403,0.08178041182787187,0.02606055623411214,0.0
2017-09-18,0.0014548619291293301,0.006314152467426334,0.030606379876022355,0.02866843635257797,0.0
2017-09-19,0.0011095796167313857,0.004065429489274607,0.020745606949703087,0.0275697460263223,0.0
2017-09-20,0.000634146702309437,0.003942741943501514,0.020537262313777973,0.039717693467318405,0.0
2017-09-21,-0.0030505659469148337,0.001993499847414654,0.02880396287487967,0.034373282311735594,0.0
2017-09-22,0.0006475839951670207,0.000795606296422326,0.02606055623411214,0.04300831181772634,0.0
2017-09-25,-0.0022245226998538568,-0.002883778332560861,0.02866843635257797,0.04851586135457001,0.0
2017-09-26,7.216412589487934e-05,-0.0039211938233973676,0.0275697460263223,0.05087153995636788,0.0
2017-09-27,0.004076822401987925,-0.0004785181237188796,0.039717693467318405,0.04276074216944784,0.0
2017-09-28,0.0012038906289380277,0.0037759384521339817,0.034373282311735594,0.057909157652883105,0.0
2017-09-29,0.0036982630684988258,0.006826617525465787,0.04300831181772634,0.05217566719470981,0.0
2017-10-02,0.0038665188297123134,0.012917659055031956,0.04851586135457001,0.046186794091907464,0.0
2017-10-03,0.002156511184660919,0.015002006113797997,0.05087153995636788,0.04658368926653324,0.0
2017-10-04,0.0012459436611136387,0.012171127372923711,0.04276074216944784,0.04749145388964551,0.0
2017-10-05,0.00563090403129274,0.016598140775278422,0.057909157652883105,0.028302622250717325,0.0
2017-10-06,-0.001074211165239725,0.011825666541539874,0.05217566719470981,0.027959047324545808,0.0
2017-10-09,-0.0018060638680135568,0.006153083843814003,0.046186794091907464,0.02777630520811161,0.0
2017-10-10,0.0023197196304780643,0.0063162922896311475,0.04658368926653324,0.022871368083071646,0.0
2017-10-11,0.001801882929663564,0.006872231558181074,0.04749145388964551,0.01967776759159661,0.0
2017-10-12,-0.0016881771203513885,-0.000446849593463055,0.028302622250717325,0.015779665623030546,0.0
2017-10-13,0.0008777220048463043,0.0015050835766229741,0.027959047324545808,0.03902596779112381,0.0
2017-10-16,0.0017492225323057532,0.005060369976942284,0.02777630520811161,0.0465545705381986,0.0
2017-10-17,0.0006723529054339931,0.003413003251898213,0.022871368083071646,0.04771016214485331,0.0
2017-10-18,0.0007420595113295467,0.0023531798335641955,0.01967776759159661,0.057875194410673084,0.0
2017-10-19,0.00032794411501048555,0.00436930106892607,0.015779665623030546,0.05852713669136811,0.0
2017-10-20,0.005103796185030386,0.008595375249110151,0.03902596779112381,0.07328710982169377,0.0
2017-10-23,-0.003980395312997195,0.002865757403807203,0.0465545705381986,0.07132881997717129,0.0
2017-10-24,0.0016166008745580412,0.003810005372931251,0.04771016214485331,0.07071774717848635,0.0
2017-10-25,-0.004673955687259985,-0.0016060098256582803,0.057875194410673084,0.0634627441554737,0.0
2017-10-26,0.0012701392506023993,-0.0006638146900663667,0.05852713669136811,0.06283335378827754,0.0
2017-10-27,0.008040609979727099,0.0022729991046303464,0.07328710982169377,0.034227721332759156,0.0
2017-10-30,-0.0031975773767407194,0.0030558170408868223,0.07132881997717129,0.027158222465263688,0.0
2017-10-31,0.0009440129366793155,0.0023832291030080966,0.07071774717848635,0.02635255590430117,0.0
2017-11-01,0.0015908441079038695,0.00864802889817195,0.0634627441554737,0.025919005415871284,0.0
2017-11-02,0.00018994776966671517,0.007567837417236267,0.06283335378827754,0.0372279398689538,0.0
2017-11-03,0.003092289326314394,0.0026195167638235622,0.034227721332759156,0.030734816667778067,0.0
2017-11-06,0.00127044388477643,0.007087538025340711,0.027158222465263688,0.030199302662850633,0.0
2017-11-07,-0.00018912080508191734,0.005954404283579478,0.02635255590430117,0.03434626568833673,0.0
2017-11-08,0.0014426139320604147,0.005806174107736024,0.025919005415871284,0.05120733526299865,0.0
2017-11-09,-0.0037689813393701364,0.0018472449986991725,0.0372279398689538,0.07255580378389467,0.0
2017-11-10,-0.0008980469760537102,-0.0021430913036689318,0.030734816667778067,0.07464686774891391,0.0
2017-11-13,0.000983150911293032,-0.00243038427715233,0.030199302662850633,0.07486891026106765,0.0
2017-11-14,-0.0023122805602819227,-0.004553544032352336,0.03434626568833673,0.08647717194817978,0.0
2017-11-15,-0.005540998742123611,-0.01153715670653636,0.05120733526299865,0.07719635931529455,0.0
2017-11-16,0.008162652782972403,0.00039447741580617753,0.07255580378389467,0.05304537133353724,0.0
2017-11-17,-0.002629416978897395,-0.0013368925870375073,0.07464686774891391,0.04972724431079783,0.0
2017-11-20,0.0012748698887901106,-0.0010451736095404285,0.07486891026106765,0.08503898053615037,0.0
2017-11-21,0.006519838879752696,0.007786945830494191,0.08647717194817978,0.071386857263126,0.0
2017-11-22,-0.0007505427033295442,0.012577401869288258,0.07719635931529455,0.09176939491365464,0.0
2017-11-24,0.002053984278231966,0.00646873336454782,0.05304537133353724,0.09173868576905904,0.0
2017-11-27,-0.00038433158680325395,0.00871381875664196,0.04972724431079783,0.09200214725062213,0.0
2017-11-28,0.009800332196793644,0.017239281064645492,0.08503898053615037,0.06581061625087715,0.0
2017-11-29,-0.0003692938827907781,0.01035014830210202,0.071386857263126,0.06576336403763328,0.0
2017-11-30,0.008157586662811174,0.019258277668242736,0.09176939491365464,0.03745662564579,0.0
2017-12-01,-0.0020265829358053324,0.015177710454205438,0.09173868576905904,0.05211267004565767,0.0
2017-12-04,-0.0010527105492864532,0.01450933149172224,0.09200214725062213,0.05634673922980159,0.0
2017-12-05,-0.003746390525955308,0.0009626087689732885,0.06581061625087715,0.05087533156528405,0.0
2017-12-06,-0.00011411217053034995,0.0012177904812337166,0.06576336403763328,0.050979626362848134,0.0
2017-12-07,0.002928067010109385,-0.004011729171468072,0.03745662564579,0.05482198797270886,0.0
2017-12-08,0.005491202035518141,0.0035060557998554016,0.05211267004565767,0.07422095825031536,0.0
2017-12-11,0.0031968421216958323,0.007755608470837687,0.05634673922980159,0.08022110938705272,0.0
2017-12-12,0.001547723722089516,0.01304972271888251,0.05087533156528405,0.08271822975736105,0.0
2017-12-13,-0.000473068970150185,0.012690765919262676,0.050979626362848134,0.08285891287991407,0.0
2017-12-14,-0.004079167730762682,0.005683531178390608,0.05482198797270886,0.07890049331266116,0.0
2017-12-15,0.008934313410142761,0.009126642553015228,0.07422095825031536,0.04704089611047902,0.0
2017-12-18,0.005348478579597589,0.011278279010916985,0.08022110938705272,0.028768251776718292,0.0
2017-12-19,-0.0032354980431185012,0.006495057245708967,0.08271822975736105,0.01820734042633554,0.0
2017-12-20,-0.0008282360735725663,0.0061398901422865864,0.08285891287991407,0.02159043096649741,0.0
2017-12-21,0.0019836870126583982,0.012202744885707667,0.07890049331266116,0.040359303135957016,0.0
2017-12-22,-0.00045827163811375547,0.00281015983745115,0.04704089611047902,0.07116545855033528,0.0
2017-12-26,-0.0010589757000585695,-0.0035972944422050083,0.028768251776718292,0.08401486022619327,0.0
2017-12-27,0.0007906283102422613,0.0004288319111557542,0.01820734042633554,0.08855335224510497,0.0
2017-12-28,0.0018323190029195554,0.003089386987647876,0.02159043096649741,0.10073996796237272,0.0
2017-12-29,-0.005196632292748298,-0.00409093231775882,0.040359303135957016,0.09448033310140225,0.0
2018-01-02,0.008269078218398127,0.004636417538753062,0.07116545855033528,0.07460394624224131,0.0
2018-01-03,0.006378433243936035,0.012073826482747666,0.08401486022619327,0.059813636895108775,0.0
2018-01-04,0.004020542855326989,0.015303741027832395,0.08855335224510497,0.07238052015865466,0.0
2018-01-05,0.007009145888585348,0.020480567913498185,0.10073996796237272,0.0710180237551125,0.0
2018-01-08,0.001660963767296979,0.027338163973543463,0.09448033310140225,0.0743827891870872,0.0
2018-01-09,0.0013020835172984225,0.020371169272443757,0.07460394624224131,0.09936430069898941,0.0
2018-01-10,-0.0011128458115206878,0.012879890216987036,0.059813636895108775,0.09971329716147238,0.0
2018-01-11,0.007009025768882019,0.01586837313054207,0.07238052015865466,0.09182451865326013,0.0
2018-01-12,0.006726926399094035,0.015586153641050753,0.0710180237551125,0.09697646945094095,0.0
2018-01-16,-0.0035307132616026696,0.010394476612151106,0.0743827891870872,0.09494166507526654,0.0
2018-01-17,0.009371006206502086,0.018463399301354766,0.09936430069898941,0.06785144450291207,0.0
2018-01-18,-0.0016176974974736241,0.017958547615401832,0.09971329716147238,0.0670090763862838,0.0
2018-01-19,0.004375647986990156,0.015325169833509969,0.09182451865326013,0.1025146077650826,0.0
2018-01-22,0.00803436438221324,0.016632607816629175,0.09697646945094095,0.09775196953679709,0.0
2018-01-23,0.002172004968222319,0.022335326046454163,0.09494166507526654,0.12397705261294645,0.0
2018-01-24,-0.0005601325472320471,0.01240418729272003,0.06785144450291207,0.12396185598401896,0.0
2018-01-25,0.0006024393988328895,0.014624324189026542,0.0670090763862838,0.12397351555155137,0.0
2018-01-26,0.011771638106084168,0.022020314308120556,0.1025146077650826,0.17761139286397307,1.0
2018-01-29,-0.006754736284863033,0.00723121364104428,0.09775196953679709,0.3427629852801283,1.0
2018-01-30,-0.010958642805337085,-0.005899434132515123,0.12397705261294645,0.35567065754428745,1.0
2018-01-31,0.0004888658586947881,-0.004850435726588289,0.12396185598401896,0.357430702780078,1.0
2018-02-01,-0.0006482983520233253,-0.006101173477444503,0.12397351555155137,0.44889729404925727,1.0
2018-02-02,-0.021436680516698812,-0.03930949210022748,0.17761139286397307,0.4352313318210288,1.0
2018-02-05,-0.041842540938381426,-0.07439729675374587,0.3427629852801283,0.3328817200771957,1.0
2018-02-06,0.017290573348937088,-0.04614808059947169,0.35567065754428745,0.3099768729185673,1.0
2018-02-07,-0.005014138223752627,-0.05165108468191911,0.357430702780078,0.32210527635270464,1.0
2018-02-08,-0.0382590522458017,-0.08926183857569749,0.44889729404925727,0.19295688012339235,1.0
2018-02-09,0.014825645199524345,-0.05299951285947433,0.4352313318210288,0.16174509897199013,1.0
2018-02-12,0.013818665678186272,0.002661693757093365,0.3328817200771957,0.13515605350988263,0.0
2018-02-13,0.0026095219802775584,-0.012019357611566164,0.3099768729185673,0.13948128317836278,0.0
2018-02-14,0.013313439808897013,0.006308220421083477,0.32210527635270464,0.1028079182240964,0.0
2018-02-15,0.01199686177677526,0.05656413444366044,0.19295688012339235,0.12672543667075278,0.0
2018-02-16,0.0003733996499216942,0.042111888894057786,0.16174509897199013,0.15145275458673388,1.0
2018-02-20,-0.005858517106837343,0.02243470610903417,0.13515605350988263,0.1716116507941281,1.0
2018-02-21,-0.005511664483310908,0.014313519645445704,0.13948128317836278,0.18491650960898384,1.0
2018-02-22,0.0009730774855778604,0.001973157322126551,0.1028079182240964,0.2078823960179822,1.0
2018-02-23,0.015901278245121022,0.005877573790472313,0.12672543667075278,0.17821677776321906,1.0
2018-02-26,0.011688438620627399,0.01719261276117802,0.15145275458673388,0.17590498109694938,1.0
2018-02-27,-0.012788311441467541,0.010262818426547821,0.1716116507941281,0.15182272817961862,1.0
2018-02-28,-0.011157806083656078,0.0046166768262026515,0.18491650960898384,0.12956587672238976,0.0
2018-03-01,-0.013413965854876449,-0.00977036651425166,0.2078823960179822,0.0933706446436585,0.0
2018-03-02,0.005058785485198549,-0.020612859274174132,0.17821677776321906,0.1496324904070346,1.0
2018-03-05,0.01097161761052657,-0.02132968028427496,0.17590498109694938,0.1280812922896369,0.0
2018-03-06,0.0026353829319968104,-0.005905985910810608,0.15182272817961862,0.13456892104480173,0.0
2018-03-07,-0.000483991825716375,0.004767828347129095,0.12956587672238976,0.14056353946902098,0.0
2018-03-08,0.004453148208884627,0.022634942410890174,0.0933706446436585,0.13707475848847406,0.0
2018-03-09,0.017229546741207587,0.03480570366689921,0.1496324904070346,0.06303872640180531,0.0
2018-03-12,-0.001274797337998416,0.022559288718374225,0.1280812922896369,0.11919303875382843,0.0
2018-03-13,-0.006383910414314703,0.01353999537206271,0.13456892104480173,0.11074053033962537,0.0
2018-03-14,-0.005740969825188786,0.0082830173725903,0.14056353946902098,0.10379805606224596,0.0
2018-03-15,-0.0007822363990965508,0.003047632764609122,0.13707475848847406,0.20851129941120664,1.0
2018-03-16,0.0017019979472317418,-0.012479916029366721,0.06303872640180531,0.2568286652259549,1.0
2018-03-19,-0.014306040541373417,-0.025511159232741724,0.11919303875382843,0.3030377177337269,1.0
2018-03-20,0.0014807086617189258,-0.017646540156708093,0.11074053033962537,0.3271518834198157,1.0
2018-03-21,-0.0018456921256294063,-0.013751262457148715,0.10379805606224596,0.32754643073918843,1.0
2018-03-22,-0.025484886972854417,-0.03845391303090658,0.20851129941120664,0.28979139835836437,1.0
2018-03-23,-0.02118980731175066,-0.06134571828988898,0.2568286652259549,0.2950764929678594,1.0
2018-03-26,0.02679504070603539,-0.020244637042480175,0.3030377177337269,0.24249662499437596,1.0
2018-03-27,-0.0174272856453219,-0.039152631349521,0.3271518834198157,0.22397127809615336,1.0
2018-03-28,-0.0029209188994626773,-0.040227858123354276,0.32754643073918843,0.22823393190712818,1.0
2018-03-29,0.013675777493843445,-0.0010671936566564125,0.28979139835836437,0.2596600935600523,1.0
2018-04-02,-0.022590682343495868,-0.0024680686884016208,0.2950764929678594,0.20557601213073604,1.0
2018-04-03,0.012535961315741067,-0.01672714807869594,0.24249662499437596,0.21956838070936946,1.0
2018-04-04,0.01150010234644679,0.012200239913072751,0.22397127809615336,0.2075861141497545,1.0
2018-04-05,0.006839421401651201,0.02196058021418663,0.22823393190712818,0.21008873753331914,1.0
2018-04-06,-0.022164067057064987,-0.013879264336721802,0.2596600935600523,0.14071128148373802,0.0
2018-04-09,0.0033309949675928295,0.012042412974366895,0.20557601213073604,0.15009297733460641,1.0
2018-04-10,0.01658859899631407,0.016095050654939897,0.21956838070936946,0.11969591713927871,0.0
2018-04-11,-0.005540685772461173,-0.0009457374639680657,0.2075861141497545,0.11320193877615055,0.0
2018-04-12,0.008216898697657044,0.0004317398320377768,0.21008873753331914,0.10523238068666188,0.0
2018-04-13,-0.0028907998267066345,0.01970500706239613,0.14071128148373802,0.11982087954780109,0.0
2018-04-16,0.008076336801563068,0.024450348896366367,0.15009297733460641,0.10521288342471181,0.0
2018-04-17,0.01060507161386675,0.018466821513919048,0.11969591713927871,0.12061183083689928,0.0
2018-04-18,0.0008310204075532664,0.02483852769393349,0.11320193877615055,0.12117006693952369,0.0
2018-04-19,-0.00574258179583257,0.010879047200443873,0.10523238068666188,0.13583298776306738,0.0
2018-04-20,-0.008573177188352708,0.0051966698387977996,0.11982087954780109,0.12169086659093897,0.0
2018-04-23,5.623011118453955e-05,-0.0028234368515807286,0.10521288342471181,0.1349627474703514,0.0
2018-04-24,-0.013470888006475166,-0.026899396471922646,0.12061183083689928,0.09693174902631653,0.0
2018-04-25,0.0018353742328236348,-0.025895042646652277,0.12117006693952369,0.10891263910763707,0.0
2018-04-26,0.010380144187376953,-0.009772316663442754,0.13583298776306738,0.08178053820553766,0.0
2018-04-27,0.001113005271363815,-8.613420372622889e-05,0.12169086659093897,0.12162583719509376,0.0
2018-04-30,-0.008221192548921247,-0.008363556863832016,0.1349627474703514,0.10948508428008454,0.0
2018-05-01,0.0025458021710273926,0.007653133313670543,0.09693174902631653,0.10799950573204097,0.0
2018-05-02,-0.007231951201402355,-0.0014141921205554474,0.10891263910763707,0.11707835292148189,0.0
2018-05-03,-0.002256217585064076,-0.014050553892996477,0.08178053820553766,0.13354861720449385,0.0
2018-05-04,0.012729810028334959,-0.002433749136025334,0.12162583719509376,0.09906927217404567,0.0
2018-05-07,0.003451980554989958,0.009239423967885872,0.10948508428008454,0.09619485909719963,0.0
2018-05-08,-0.0002656766117338216,0.006427945185124657,0.10799950573204097,0.10782211891273154,0.0
2018-05-09,0.009635647934868785,0.0232955443213958,0.11707835292148189,0.08816930861375644,0.0
2018-05-10,0.009327011603848374,0.03487877351030825,0.13354861720449385,0.05853480119919822,0.0
2018-05-11,0.001706139270961256,0.023855102752934544,0.09906927217404567,0.060247226372546696,0.0
2018-05-14,0.0008830995101265589,0.021286221708071144,0.09619485909719963,0.07950017339092127,0.0
2018-05-15,-0.006865655043990812,0.014686243275814154,0.10782211891273154,0.06664610666922169,0.0
2018-05-16,0.004052339847514407,0.009102935188459777,0.08816930861375644,0.06437521865490206,0.0
2018-05-17,-0.0008562387886101002,-0.0010803152039986972,0.05853480119919822,0.06568061703562551,0.0
2018-05-18,-0.0026356652545503154,-0.005422119729510269,0.060247226372546696,0.06515010945116935,0.0
2018-05-21,0.007359604547933372,0.0010543853082965442,0.07950017339092127,0.09128786141242075,0.0
2018-05-22,-0.0031406885928751895,0.004779351759412166,0.06664610666922169,0.1259285968260172,0.0
2018-05-23,0.0032431452068987514,0.003970157118796511,0.06437521865490206,0.13315317366862878,0.0
2018-05-24,-0.0020252629577225518,0.0028011329496840597,0.06568061703562551,0.15294341091137348,1.0
2018-05-25,-0.002360003054185922,0.0030767951500484535,0.06515010945116935,0.15529917325549916,1.0
2018-05-29,-0.011631572511792225,-0.015914381909677144,0.09128786141242075,0.13162030123647717,0.0
2018-05-30,0.012615875351923801,-0.00015781796487815414,0.1259285968260172,0.11388655679630023,0.0
2018-05-31,-0.006903333243434208,-0.010304296415211113,0.13315317366862878,0.10292721009431413,0.0
2018-06-01,0.01079079970923988,0.00251176625175132,0.15294341091137348,0.07222398159153733,0.0
2018-06-04,0.004469594898352221,0.009341364204289462,0.15529917325549916,0.06532190197544596,0.0
2018-06-05,0.0007023462695756739,0.02167528298565736,0.13162030123647717,0.06629485476969595,0.0
2018-06-06,0.008530900637311972,0.017590308271045532,0.11388655679630023,0.039336427743302003,0.0
2018-06-07,-0.0007144436219845289,0.02377919789249521,0.10292721009431413,0.04276378176319995,0.0
2018-06-08,0.0031210289077513477,0.016109427091006677,0.07222398159153733,0.0372826421506084,0.0
2018-06-11,0.0010681370069403208,0.012707969199594778,0.06532190197544596,0.039507058563447085,0.0
2018-06-12,0.0017418672787038484,0.013747490208722953,0.06629485476969595,0.04719159945662471,0.0
2018-06-13,-0.004034254541411457,0.0011823350299995242,0.039336427743302003,0.03942423273455623,0.0
2018-06-14,0.002468500522503687,0.00436527917448774,0.04276378176319995,0.05735409465808916,0.0
2018-06-15,-0.00101762031549408,0.00022662995124231224,0.0372826421506084,0.05840977956012019,0.0
2018-06-18,-0.002128391180886516,-0.002969898236584525,0.039507058563447085,0.11317693634380313,0.0
2018-06-19,-0.004031517951391294,-0.008743283466679668,0.04719159945662471,0.11060865221572727,0.0
2018-06-20,0.001710690224112545,-0.0029983387011556653,0.03942423273455623,0.12589877606392857,0.0
2018-06-21,-0.006365728843220268,-0.011832568066879622,0.05735409465808916,0.12538112771729304,0.0
2018-06-22,0.0018602032551338834,-0.008954744496251657,0.05840977956012019,0.12479980816693709,0.0
2018-06-25,-0.013819722967770653,-0.020646076283135792,0.11317693634380313,0.08013920919105029,0.0
2018-06-26,0.0022021505056967236,-0.014412407826047776,0.11060865221572727,0.08612557703491157,0.0
2018-06-27,-0.008641586313141117,-0.024764684363301436,0.12589877606392857,0.08583412132518765,0.0
2018-06-28,0.006159680019031288,-0.012239275501049883,0.12538112771729304,0.09513204458935894,0.0
2018-06-29,0.0007581158875170001,-0.013341362868666766,0.12479980816693709,0.11362302919232213,0.0
2018-07-02,0.003063260834293461,0.003541620933397349,0.08013920919105029,0.1142066574600491,0.0
2018-07-03,-0.004959629280533677,-0.0036201588528330516,0.08612557703491157,0.11982509943086092,0.0
2018-07-05,0.008583856745537827,0.013605284205845891,0.08583412132518765,0.12028662788848973,0.0
2018-07-06,0.00844551760058016,0.01589112178739476,0.09513204458935894,0.10455928486806582,0.0
2018-07-09,0.008784290785341506,0.023917296685219268,0.11362302919232213,0.08424322596912058,0.0
2018-07-10,0.003467249318821859,0.024321285169747665,0.1142066574600491,0.08534459996887253,0.0
2018-07-11,-0.007119486371916502,0.022161428078364843,0.11982509943086092,0.07045439796875534,0.0
2018-07-12,0.0087109915801719,0.022288562912998917,0.12028662788848973,0.0439327173535097,0.0
2018-07-13,0.0010786555366086475,0.014921700849027403,0.10455928486806582,0.04378154723662116,0.0
2018-07-16,-0.0010286646208985384,0.005108745442787359,0.08424322596912058,0.04509382769738394,0.0
2018-07-17,0.003965824343443431,0.005607320467408932,0.08534459996887253,0.04885989049867544,0.0
2018-07-18,0.0021581820767374625,0.014884988916062897,0.07045439796875534,0.07930919922973777,0.0
2018-07-19,-0.003960826849049506,0.002213170486841491,0.0439327173535097,0.07722754937811858,0.0
2018-07-20,-0.0009488977712743676,0.00018561717895847608,0.04378154723662116,0.0900188677674118,0.0
2018-07-23,0.0018363623432315187,0.003050644143088533,0.04509382769738394,0.09804008160266531,0.0
2018-07-24,0.004769518886053562,0.0038543386856986633,0.04885989049867544,0.09829581731483811,0.0
2018-07-25,0.009060435070372713,0.010756591679333915,0.07930919922973777,0.07469446584025748,0.0
2018-07-26,-0.00303690274886736,0.01168051577951606,0.07722754937811858,0.07957158490359015,0.0
2018-07-27,-0.006583834644845457,0.006045578905944971,0.0900188677674118,0.07231166263733015,0.0
2018-07-30,-0.0057707893155871425,-0.0015615727528736894,0.09804008160266531,0.06464743085581022,0.0
2018-07-31,0.004872837219303094,-0.0014582544196241574,0.09829581731483811,0.05816720451112963,0.0
2018-08-01,-0.0010408930675711336,-0.011559582557568004,0.07469446584025748,0.05772597325813049,0.0
2018-08-02,0.0049143495822087,-0.003608330226491945,0.07957158490359015,0.04711676896060739,0.0
2018-08-03,0.004633432065347987,0.007608936483701499,0.07231166263733015,0.060883862364655573,0.0
2018-08-06,0.003531982650801626,0.016911708450090268,0.06464743085581022,0.06237130415608522,0.0
2018-08-07,0.0028202017464857678,0.014859072977272942,0.05816720451112963,0.07438891085338742,0.0
2018-08-08,-0.00026241439329510795,0.015637551651548967,0.05772597325813049,0.09200706932691512,0.0
2018-08-09,-0.0014427146770399496,0.009280487392300318,0.04711676896060739,0.10722165344210405,0.0
2018-08-10,-0.007139312263244473,-0.002492256936292142,0.060883862364655573,0.09737727806475165,0.0
2018-08-13,-0.004014037665980266,-0.010038277253074036,0.06237130415608522,0.09469248214145609,0.0
2018-08-14,0.006368930016417421,-0.00648954898314238,0.07438891085338742,0.0844836423854959,0.0
2018-08-15,-0.007631208581378815,-0.013858343171226088,0.09200706932691512,0.0648877284711608,0.0
2018-08-16,0.00788821455263811,-0.004527413941548028,0.10722165344210405,0.03491042844508316,0.0
2018-08-17,0.003317606375263089,0.005929504696959534,0.09737727806475165,0.05087950059192563,0.0
2018-08-20,0.002425074902128281,0.01236861726506808,0.09469248214145609,0.07235349810547541,0.0
2018-08-21,0.002066399954627058,0.008066087203277719,0.0844836423854959,0.07087646864299829,0.0
2018-08-22,-0.0003982310542435054,0.015299064730413028,0.0648877284711608,0.08151385687582614,0.0
2018-08-23,-0.0016926939235351061,0.005718156254239812,0.03491042844508316,0.0865664171724788,0.0
2018-08-24,0.006179705928285333,0.008580255807262056,0.05087950059192563,0.07463204492089039,0.0
2018-08-27,0.007641141407110444,0.01379632231224422,0.07235349810547541,0.05258704732726419,0.0
2018-08-28,0.00026924207759835515,0.011999164435215516,0.07087646864299829,0.05620387801926633,0.0
2018-08-29,0.005685242468911669,0.01808263795837069,0.08151385687582614,0.046953318003966675,0.0
2018-08-30,-0.004440172044458075,0.01533515983744772,0.0865664171724788,0.03818931199891755,0.0
2018-08-31,0.00013446846730492032,0.00928992237646731,0.07463204492089039,0.04048081457369966,0.0
2018-09-04,-0.0016556920488793076,-6.911079522442737e-06,0.05258704732726419,0.04693423101985981,0.0
2018-09-05,-0.002807062801265972,-0.00308321595838677,0.05620387801926633,0.042568761619897845,0.0
2018-09-06,-0.0036589910366181576,-0.012427449463916596,0.046953318003966675,0.05036082154755796,0.0
2018-09-07,-0.002215797895014484,-0.010203075314473006,0.03818931199891755,0.04788093819155264,0.0
2018-09-10,0.0018960282146933797,-0.008441515567084544,0.04048081457369966,0.060693097519894296,0.0
2018-09-11,0.003732865689715426,-0.0030529578284898117,0.04693423101985981,0.06653155904347315,0.0
2018-09-12,0.0003566083498935524,0.00011071332266971259,0.042568761619897845,0.06707535172743878,0.0
2018-09-13,0.005268352159391334,0.009038056518679205,0.05036082154755796,0.07857759527488345,0.0
2018-09-14,0.00027544390076635555,0.011529298314460043,0.04788093819155264,0.07859683418256334,0.0
2018-09-17,-0.005585290991549207,0.004047979108217458,0.060693097519894296,0.0723211904909266,0.0
2018-09-18,0.0053546528676252396,0.005669766286127271,0.06653155904347315,0.06221918979200828,0.0
2018-09-19,0.0012524880331719868,0.006565645969405705,0.06707535172743878,0.06587304526170082,0.0
2018-09-20,0.00781001418532906,0.009107307995343431,0.07857759527488345,0.0406057239939922,0.0
2018-09-21,-0.00036860093700704873,0.008463263157570027,0.07859683418256334,0.04052134648184116,0.0
2018-09-24,-0.003521882314013849,0.010526671835105385,0.0723211904909266,0.0410194569699419,0.0
2018-09-25,-0.001305948493117946,0.003866070474362199,0.06221918979200828,0.04005711952729329,0.0
2018-09-26,-0.003294699681159941,-0.0006811172399697287,0.06587304526170082,0.032908598962321095,0.0
2018-09-27,0.0027594762285113967,-0.0057316551967873915,0.0406057239939922,0.06395779836125567,0.0
2018-09-28,-6.870144138179519e-06,-0.005369924403918523,0.04052134648184116,0.07509531114679083,0.0
2018-10-01,0.0036344923421985013,0.001786450252293828,0.0410194569699419,0.07057915150766926,0.0
2018-10-02,-0.0003967689102790794,0.002695629835132694,0.04005711952729329,0.0712387040647641,0.0
2018-10-03,0.0007112667367183715,0.006701596253011006,0.032908598962321095,0.24764666449020883,1.0
2018-10-04,-0.008203035421009815,-0.004260915396510205,0.06395779836125567,0.2823410853194201,1.0
2018-10-05,-0.0055433145846221455,-0.00979735983699417,0.07509531114679083,0.2969792392008156,1.0
2018-10-08,-0.000395194708349698,-0.01382704688754237,0.07057915150766926,0.29992768669299485,1.0
2018-10-09,-0.0014189098341542976,-0.01484918781141759,0.0712387040647641,0.33563685783436653,1.0
2018-10-10,-0.03341638904260208,-0.04897684359073804,0.24764666449020883,0.2374361045486063,1.0
2018-10-11,-0.02078757997254153,-0.06156138814226976,0.2823410853194201,0.21257551961756666,1.0
2018-10-12,0.014106235408376288,-0.041911838149271324,0.2969792392008156,0.18752610500239855,1.0
2018-10-15,-0.005922482291300048,-0.04743912573222167,0.29992768669299485,0.18529417915340576,1.0
2018-10-16,0.02126782803490127,-0.02475238786316611,0.33563685783436653,0.11435308103458197,0.0
2018-10-17,-0.0002526942626648821,0.008411306916771088,0.2374361045486063,0.2502201198427554,1.0
2018-10-18,-0.014496490575341185,0.014702396313971432,0.21257551961756666,0.2630244064212783,1.0
2018-10-19,-0.00036123513527937907,0.0002349257703157685,0.18752610500239855,0.29081520424602036,1.0
2018-10-22,-0.004308797096477868,0.0018486109651379484,0.18529417915340576,0.2929517198431214,1.0
2018-10-23,-0.005527076180694164,-0.024946293250457482,0.11435308103458197,0.3105810334144039,1.0
2018-10-24,-0.03135077386114084,-0.05604437284893344,0.2502201198427554,0.22977115769114817,1.0
2018-10-25,0.018453717978714167,-0.023094164294878088,0.2630244064212783,0.20295523836330423,1.0
2018-10-26,-0.017479138010003174,-0.04021206716960188,0.29081520424602036,0.16678240523129878,1.0
2018-10-29,-0.00658120829519397,-0.04248447836831798,0.2929517198431214,0.16494043272800438,1.0
2018-10-30,0.015545322971877482,-0.021412079215746338,0.3105810334144039,0.1303386041899482,0.0
2018-10-31,0.010792878754571094,0.02073157339996559,0.22977115769114817,0.18252753756988974,1.0
2018-11-01,0.010502498868529206,0.01278035428978063,0.20295523836330423,0.16755627586142352,1.0
2018-11-02,-0.006336721055879746,0.02392277124390406,0.16678240523129878,0.174229304526262,1.0
2018-11-05,0.0055846936971941175,0.03608867323629215,0.16494043272800438,0.2207694046889958,1.0
2018-11-06,0.0062397877444086355,0.0267831380088233,0.1303386041899482,0.21653557557779915,1.0
2018-11-07,0.020987078560774024,0.036977337815026226,0.18252753756988974,0.16612279867766847,1.0
2018-11-08,-0.002512068988491457,0.023962769958005566,0.16755627586142352,0.18131646994136147,1.0
2018-11-09,-0.00924158591537243,0.02105790509851288,0.174229304526262,0.1697637558858949,1.0
2018-11-12,-0.019898150985467496,-0.004424939584148732,0.2207694046889958,0.15185826440810948,1.0
2018-11-13,-0.0014830188221738934,-0.012147746150731262,0.21653557557779915,0.19965408369178433,1.0
2018-11-14,-0.007596188818450545,-0.04073101352995583,0.16612279867766847,0.19343975040354078,1.0
2018-11-15,0.01053803274264194,-0.027680911798822434,0.18131646994136147,0.18439570170726655,1.0
2018-11-16,0.002220837537483983,-0.016218488345966016,0.1697637558858949,0.21383687975237003,1.0
2018-11-19,-0.016783161235721437,-0.013103498596219957,0.15185826440810948,0.1790649598909554,1.0
2018-11-20,-0.018317995556585972,-0.029938475330632035,0.19965408369178433,0.20286786289694647,1.0
2018-11-21,0.0030386693107672014,-0.01930361720141429,0.19343975040354078,0.20231344668076978,1.0
2018-11-23,-0.006576419711855615,-0.03641806965591184,0.18439570170726655,0.2051546689529278,1.0
2018-11-26,0.015412975845366429,-0.023225931348029402,0.21383687975237003,0.18995706983625374,1.0
2018-11-27,0.003256384364612641,-0.0031863857476953227,0.1790649598909554,0.30017239665421996,1.0
2018-11-28,0.022714051303113776,0.03784566111200442,0.20286786289694647,0.25341202409044594,1.0
2018-11-29,-0.002185494545393453,0.03262149725584377,0.20231344668076978,0.30337928611856113,1.0
2018-11-30,0.008137547716617559,0.047335464684316944,0.2051546689529278,0.29809016304730834,1.0
2018-12-03,0.010882001794362436,0.04280449063331296,0.18995706983625374,0.28791644998453936,1.0
2018-12-04,-0.03290022883855611,0.0066478774301442015,0.30017239665421996,0.17266724023786975,1.0
2018-12-06,-0.0015233879141442856,-0.017589561787113864,0.25341202409044594,0.1723340564967996,1.0
2018-12-07,-0.02359633545632224,-0.039000402698042655,0.30337928611856113,0.14266917265365042,0.0
2018-12-10,0.0017606032229163218,-0.04537734719174389,0.29809016304730834,0.2059328489481477,1.0
2018-12-11,-0.00035640967530566644,-0.05661575866141199,0.28791644998453936,0.20591821745175717,1.0
2018-12-12,0.005404871010351243,-0.01831065881250464,0.17266724023786975,0.23035355685491624,1.0
2018-12-13,-0.00019995031241503897,-0.016987221210775394,0.1723340564967996,0.2565128839171414,1.0
2018-12-14,-0.019271212268699812,-0.012662098023152966,0.14266917265365042,0.26247461916180237,1.0
2018-12-17,-0.020992284828576645,-0.03541498607464593,0.2059328489481477,0.29113681197021707,1.0
2018-12-18,8.639685378910398e-05,-0.03497217954555116,0.20591821745175717,0.4503785014325465,1.0
2018-12-19,-0.015515459175936802,-0.05589250973183921,0.23035355685491624,0.44087632817474826,1.0
2018-12-20,-0.015897809484103957,-0.07159036890352813,0.2565128839171414,0.42627645117441865,1.0
2018-12-21,-0.02080312049854063,-0.07312227713336894,0.26247461916180237,0.4043567059294088,1.0
2018-12-24,-0.02748657287831441,-0.0796165651831067,0.29113681197021707,0.35427044983773615,1.0
2018-12-26,0.04840317767080503,-0.03129978436609079,0.4503785014325465,0.1977358229214885,1.0
2018-12-27,0.008526228968816992,-0.007258096221336989,0.44087632817474826,0.3047560960318669,1.0
2018-12-28,-0.0012423539102312722,0.007397359352535696,0.42627645117441865,0.3086392766708646,1.0
2018-12-31,0.008456625862206874,0.036657105713283206,0.4043567059294088,0.3103963131568975,1.0
2019-01-02,0.0012676930626261643,0.06541137165422377,0.35427044983773615,0.3116213036094169,1.0
2019-01-03,-0.02506833181891511,-0.008060137835496362,0.1977358229214885,0.2577978802485279,1.0
2019-01-04,0.03375939906034647,0.01717303225603312,0.3047560960318669,0.09497418531826127,0.0
2019-01-07,0.006985975995229761,0.02540136216149415,0.3086392766708646,0.08922374340617353,0.0
2019-01-08,0.009648587336497393,0.02659332363578467,0.3103963131568975,0.09487399455984637,0.0
2019-01-09,0.004089671332822161,0.02941530190598067,0.3116213036094169,0.0916864121671038,0.0
2019-01-10,0.004508241374462229,0.05899187509935801,0.2577978802485279,0.1013147531728982,0.0
2019-01-11,-0.0001463085444824661,0.025086167494529066,0.09497418531826127,0.13750879348468104,0.0
2019-01-14,-0.00527139458724949,0.012828796912049816,0.08922374340617353,0.16659742776466754,1.0
2019-01-15,0.010664618879761001,0.013844828455313424,0.09487399455984637,0.14921980151296996,1.0
2019-01-16,0.0022195205290883643,0.011974677651579628,0.0916864121671038,0.14870616030240538,1.0
2019-01-17,0.007562730706235749,0.015029166983353147,0.1013147531728982,0.15110270802969297,1.0
2019-01-18,0.01309691283985578,0.028272388367691394,0.13750879348468104,0.13158553029815942,0.0
2019-01-22,-0.014258476827972471,0.01928530612696841,0.16659742776466754,0.08470689975456214,0.0
2019-01-23,0.002200489919450871,0.010821177166658282,0.14921980151296996,0.13758665060333297,0.0
2019-01-24,0.001374780110977555,0.009976436748547472,0.14870616030240538,0.15009456580386848,1.0
2019-01-25,0.008452867700518018,0.010866573742829741,0.15110270802969297,0.13772403980518771,0.0
2019-01-28,-0.007877775848708898,-0.010108114945734936,0.13158553029815942,0.13468025420123986,0.0
2019-01-29,-0.0014573079351148383,0.002693053947122696,0.08470689975456214,0.1383612106739129,0.0
2019-01-30,0.015429609891560045,0.01592217391923187,0.13758665060333297,0.08599356805245252,0.0
2019-01-31,0.008560648809767757,0.023108042618022073,0.15009456580386848,0.09030957377652973,0.0
2019-02-01,0.0008982065848071141,0.01555338150231117,0.13772403980518771,0.0902119026142638,0.0
2019-02-04,0.006753381117479676,0.030184538468499743,0.13468025420123986,0.07658237928611537,0.0
2019-02-05,0.0046973704373502,0.036339216840964784,0.1383612106739129,0.11410714915226583,0.0
2019-02-06,-0.0022269157175087858,0.01868269123189595,0.08599356805245252,0.11502171660118163,0.0
2019-02-07,-0.009401193202230233,0.0007208492198979618,0.09030957377652973,0.0955554039387288,0.0
2019-02-08,0.0006759725660127,0.0004986152011035477,0.0902119026142638,0.12250820196498911,0.0
2019-02-11,0.0007088518038183947,-0.005545914112557734,0.07658237928611537,0.12286568131948859,0.0
2019-02-12,0.012807852902838604,0.0025645683529306705,0.11410714915226583,0.08358942150600317,0.0
2019-02-13,0.0030194315937109753,0.0078109156641504324,0.11502171660118163,0.08459713808815847,0.0
2019-02-14,-0.0026551633836986214,0.014556945482682044,0.0955554039387288,0.09412603485460136,0.0
2019-02-15,0.010820004664957538,0.02470097758162688,0.12250820196498911,0.05509667453813349,0.0
2019-02-19,0.0014976213265920058,0.025489747104400492,0.12286568131948859,0.05435180655559752,0.0
2019-02-20,0.00177553356074094,0.014457427762302829,0.08358942150600317,0.05301092245608102,0.0
2019-02-21,-0.0035326693258413886,0.007905326842750464,0.08459713808815847,0.05083981194160959,0.0
2019-02-22,0.006390638694710404,0.016951128921159492,0.09412603485460136,0.053909259929446646,0.0
2019-02-25,0.0012311044497517107,0.007362228705953664,0.05509667453813349,0.05993110259341931,0.0
2019-02-26,-0.0007907696728402984,0.005073837706521359,0.05435180655559752,0.06020651679745829,0.0
2019-02-27,-0.0005441974362980739,0.0027541067094823454,0.05301092245608102,0.0759552314660082,0.0
2019-02-28,-0.002829507598950442,0.0034572684363732924,0.05083981194160959,0.09338472979921526,0.0
2019-03-01,0.006871656588713028,0.003938286330375917,0.053909259929446646,0.08105768530611562,0.0
2019-03-04,-0.003888107395255168,-0.0011809255146309622,0.05993110259341931,0.1284220707715074,0.0
2019-03-05,-0.001132173489706859,-0.0015223293314975226,0.06020651679745829,0.12986886923628763,0.0
2019-03-06,-0.00654547360412503,-0.0075236054993244785,0.0759552314660082,0.13085858720409854,0.0
2019-03-07,-0.008158911138331157,-0.012853009038705194,0.09338472979921526,0.11750301562693469,0.0
2019-03-08,-0.0021339641314536495,-0.021858629758871873,0.08105768530611562,0.12175235052190692,0.0
2019-03-11,0.014559535563489445,-0.0034109868001272574,0.1284220707715074,0.06949444739897889,0.0
2019-03-12,0.002948965727805163,0.0006701524173847637,0.12986886923628763,0.0662724600664739,0.0
2019-03-13,0.0069255467570192835,0.014141172778529077,0.13085858720409854,0.04912140407566536,0.0
2019-03-14,-0.0008683993315961826,0.02143168458526405,0.11750301562693469,0.09081325704228894,0.0
2019-03-15,0.0049725194084307206,0.028538168125148422,0.12175235052190692,0.15967734565217234,1.0
2019-03-18,0.0036990967989080333,0.01767772936056701,0.06949444739897889,0.15761575012559478,1.0
2019-03-19,-0.00013057007992675946,0.014598193552835089,0.0662724600664739,0.1656004986365784,1.0
2019-03-20,-0.002948696740769673,0.004723950055046132,0.04912140407566536,0.16756339901690334,1.0
2019-03-21,0.010794015494689354,0.016386364881331668,0.09081325704228894,0.15117010029758998,1.0
2019-03-22,-0.019156827134273257,-0.007742981661372307,0.15967734565217234,0.08140499383223296,0.0
2019-03-25,-0.000839372833310059,-0.012281451293590399,0.15761575012559478,0.11514863938371088,0.0
2019-03-26,0.007157052947934055,-0.004993828265729584,0.1656004986365784,0.1033323027948271,0.0
2019-03-27,-0.00465514327659887,-0.006700274801558781,0.16756339901690334,0.09908330991329803,0.0
2019-03-28,0.0035830547152617266,-0.01391123558098641,0.15117010029758998,0.09689695906125716,0.0
2019-03-29,0.006711706043324668,0.01195729759661152,0.08140499383223296,0.09053769412437038,0.0
2019-04-01,0.011502195518044496,0.024298865947966077,0.11514863938371088,0.0398041252918885,0.0
2019-04-02,1.7455554858152623e-05,0.017159268554890174,0.1033323027948271,0.05874626912409404,0.0
2019-04-03,0.002146072420089187,0.023960484251578228,0.09908330991329803,0.061858749391579086,0.0
2019-04-04,0.0020824652429942735,0.022459894779310777,0.09689695906125716,0.06006671611006971,0.0
2019-04-05,0.004625717623099122,0.02037390635908523,0.09053769412437038,0.06867864464256423,0.0
2019-04-08,0.0010469117505236662,0.0099186225915644,0.0398041252918885,0.06842143594890035,0.0
2019-04-09,-0.0060859764356695385,0.0038151906010367087,0.05874626912409404,0.053176979931302146,0.0
2019-04-10,0.003471837754499924,0.005140955935447445,0.061858749391579086,0.049814251947508166,0.0
2019-04-11,3.8122340342693696e-05,0.003096613032795865,0.06006671611006971,0.05105744138128236,0.0
2019-04-12,0.0065875783895457275,0.00505847379924247,0.06867864464256423,0.021708543280440487,0.0
2019-04-15,-0.0006295672443571088,0.003381994804361695,0.06842143594890035,0.06600262440626611,0.0
2019-04-16,0.0005092283251399622,0.009977199565171195,0.053176979931302146,0.06771943275038902,0.0
2019-04-17,-0.0022764008207388597,0.004228960989932411,0.049814251947508166,0.06581498920419554,0.0
2019-04-18,0.0015778468242496745,0.005768685473839392,0.05105744138128236,0.07285159093180675,0.0
2019-04-22,0.0010115058169329091,0.00019261290122657426,0.021708543280440487,0.0728943972471088,0.0
2019-04-23,0.008802351174995391,0.009624531320579074,0.06600262440626611,0.03813279050370827,0.0
2019-04-24,-0.0021941686030362366,0.006921134392402875,0.06771943275038902,0.06379285970560464,0.0
2019-04-25,-0.0003690417402728576,0.008828493472868877,0.06581498920419554,0.06550205389312903,0.0
2019-04-26,0.004674350323304823,0.011924996971924026,0.07285159093180675,0.08846779492566939,0.0
2019-04-29,0.0010709485042338864,0.011984439659225002,0.0728943972471088,0.09370566249436114,0.0
2019-04-30,0.0009509646987914453,0.004133053183021057,0.03813279050370827,0.15068618921329782,1.0
2019-05-01,-0.00753044585029134,-0.001203224064234047,0.06379285970560464,0.14134487316278085,0.0
2019-05-02,-0.0021262446486827887,-0.002960426972643978,0.06550205389312903,0.14216896654979935,0.0
2019-05-03,0.00959212747891747,0.00195735018296867,0.08846779492566939,0.12755291647607203,0.0
2019-05-06,-0.004481013189072523,-0.0035946115103377397,0.09370566249436114,0.2129061329233322,1.0
2019-05-07,-0.016649488088905522,-0.021195064298034708,0.15068618921329782,0.1859316192449258,1.0
2019-05-08,-0.0016067153894199682,-0.015271333837163335,0.14134487316278085,0.19012836939540576,1.0
2019-05-09,-0.0030259986619282898,-0.016171087850408838,0.14216896654979935,0.19909814363709855,1.0
2019-05-10,0.003713394069918638,-0.02204982125940767,0.12755291647607203,0.20167429635602355,1.0
2019-05-13,-0.024426469138497504,-0.04199527720883265,0.2129061329233322,0.11363432764651418,0.0
2019-05-14,0.007983987523216093,-0.017361801596711034,0.1859316192449258,0.1153569468513104,0.0
2019-05-15,0.005821994327723055,-0.009933091879568014,0.19012836939540576,0.10955398729223488,0.0
2019-05-16,0.008855957116499086,0.0019488638988593631,0.19909814363709855,0.1236511616246339,0.0
2019-05-17,-0.005854437174043804,-0.007618967345103079,0.20167429635602355,0.11685201060658428,0.0
2019-05-20,-0.006772257975405369,0.010035243817989058,0.11363432764651418,0.12209985550606384,0.0
2019-05-21,0.008459949093190606,0.01051120538796357,0.1153569468513104,0.11715713686542287,0.0
2019-05-22,-0.0028283923638994365,0.0018608186963410787,0.10955398729223488,0.11637903732630575,0.0
2019-05-23,-0.01198569224128196,-0.01898083066143997,0.1236511616246339,0.12327421133162264,0.0
2019-05-24,0.0013526437720373175,-0.011773749715358845,0.11685201060658428,0.12446192903054841,0.0
2019-05-28,-0.008410950000260244,-0.01341244174021372,0.12209985550606384,0.18598310099695944,1.0
2019-05-29,-0.00693591016723137,-0.028808301000635698,0.11715713686542287,0.18840214759878401,1.0
2019-05-30,0.002096272674997037,-0.023883635961739223,0.11637903732630575,0.1927683760592209,1.0
2019-05-31,-0.013283205250452958,-0.02518114897091022,0.12327421133162264,0.18374793987877674,1.0
2019-06-03,-0.002769070654307939,-0.029302863397255477,0.12446192903054841,0.1856509066997876,1.0
2019-06-04,0.021205927081077776,0.0003140136840825425,0.18598310099695944,0.10866456362363905,0.0
2019-06-05,0.008128726978813691,0.015378650830127603,0.18840214759878401,0.09320633602939349,0.0
2019-06-06,0.006116840676004416,0.019399218831134983,0.1927683760592209,0.08743200863916364,0.0
2019-06-07,0.010442979247260026,0.04312540332884797,0.18374793987877674,0.04773930862654841,0.0
2019-06-10,0.004649220074765499,0.050543694057921404,0.1856509066997876,0.035119047326771506,0.0
2019-06-11,-0.0003499414579512858,0.028987825518892344,0.10866456362363905,0.07707464788311126,0.0
2019-06-12,-0.002039657827237423,0.01881944071284123,0.09320633602939349,0.07860416376455487,0.0
2019-06-13,0.004089010502850191,0.016791610539687005,0.08743200863916364,0.09907302977674505,0.0
2019-06-14,-0.0016128117861529605,0.004735819506274018,0.04773930862654841,0.09881489654496506,0.0
2019-06-17,0.0009313154323528439,0.0010179148638613622,0.035119047326771506,0.09935845736563312,0.0
2019-06-18,0.009670489592970687,0.011038345914783336,0.07707464788311126,0.09872927410665379,0.0
2019-06-19,0.0029807167930238428,0.0160587205350446,0.07860416376455487,0.09683240948621769,0.0
2019-06-20,0.00942760533587314,0.02139731536806755,0.09907302977674505,0.07503899069395481,0.0
2019-06-21,-0.0012600162797279978,0.021750110874492513,0.09881489654496506,0.08492312431159499,0.0
2019-06-24,-0.0017333884605870258,0.019085406981552644,0.09935845736563312,0.10002327918349829,0.0
2019-06-25,-0.009541775640387554,-0.00012685825180559947,0.09872927410665379,0.07646455234429972,0.0
2019-06-26,-0.0012346956788039985,-0.004342270723633441,0.09683240948621769,0.09334991501503032,0.0
2019-06-27,0.0038158857925908473,-0.009953990266915732,0.07503899069395481,0.09024964757519346,0.0
2019-06-28,0.005740941840599626,-0.00295303214658811,0.08492312431159499,0.08756738665326293,0.0
2019-07-01,0.007643018610953927,0.006423374924952843,0.10002327918349829,0.06928826982597532,0.0
2019-07-02,0.002923847276988696,0.018888997842329093,0.07646455234429972,0.07342239946122349,0.0
2019-07-03,0.007643095660684157,0.02776678918181725,0.09334991501503032,0.052050342575054365,0.0
2019-07-05,-0.0018075342045486649,0.022143369184677734,0.09024964757519346,0.06012870979722396,0.0
2019-07-08,-0.004847173010123794,0.011555254333954318,0.08756738665326293,0.04932411169399774,0.0
2019-07-09,0.0012357930584538906,0.00514802878145428,0.06928826982597532,0.054238467392302384,0.0
2019-07-10,0.004500546936082614,0.006724728440548198,0.07342239946122349,0.06391407861490993,0.0
2019-07-11,0.002282619578948549,0.0013642523588125901,0.052050342575054365,0.06683387319003578,0.0
2019-07-12,0.004609534302066538,0.007781320865427793,0.06012870979722396,0.07301154080298204,0.0
2019-07-15,0.00017585372838413283,0.01280434760393572,0.04932411169399774,0.07570511905138555,0.0
2019-07-16,-0.003409584555010327,0.008158969990471502,0.054238467392302384,0.08655880676632141,0.0
2019-07-17,-0.006552665466093182,-0.0028942424117042948,0.06391407861490993,0.08019312880269644,0.0
2019-07-18,0.0035755977088190827,-0.0016012642818337614,0.06683387319003578,0.084791980456795,0.0
2019-07-19,-0.006195889464844692,-0.01240668804874499,0.07301154080298204,0.08936116245122726,0.0
2019-07-22,0.002824701686250326,-0.009757840090878796,0.07570511905138555,0.08783580081197681,0.0
2019-07-23,0.00682414513927642,0.00047588960340794965,0.08655880676632141,0.07552517169719072,0.0
2019-07-24,0.004677192813475714,0.011705747882976847,0.08019312880269644,0.10314694013625242,0.0
2019-07-25,-0.005276296483599537,0.002853853690558226,0.084791980456795,0.11556179500736107,0.0
2019-07-26,0.007360535770783042,0.01641027892618596,0.08936116245122726,0.11539805905814243,0.0
2019-07-29,-0.0016174219290574364,0.011968155310878198,0.08783580081197681,0.2434000907853772,1.0
2019-07-30,-0.0025819853720443708,0.002562024799557407,0.07552517169719072,0.25949502062507446,1.0
2019-07-31,-0.01094520695213996,-0.013060374966058268,0.10314694013625242,0.2476479081861548,1.0
2019-08-01,-0.009039527568806017,-0.016823606051264747,0.11556179500736107,0.2731774285899304,1.0
2019-08-02,-0.007309388539565105,-0.0314935303616129,0.11539805905814243,0.2723129686459882,1.0
2019-08-05,-0.030230182169694777,-0.060106290602250236,0.2434000907853772,0.18930763177533863,1.0
2019-08-06,0.012933023911166613,-0.04459128131903925,0.25949502062507446,0.19691387800539334,1.0
2019-08-07,0.0007665823338588767,-0.032879492033040414,0.2476479081861548,0.2886064938014701,1.0
2019-08-08,0.018588462466865085,-0.005251501997369314,0.2731774285899304,0.25726301021363296,1.0
2019-08-09,-0.006638593133657111,-0.004580706591461319,0.2723129686459882,0.2725851094344445,1.0
2019-08-12,-0.012393809115915354,0.013255666462318105,0.18930763177533863,0.27176949552403074,1.0
2019-08-13,0.015018346267301863,0.015340988818453355,0.19691387800539334,0.2562679769338238,1.0
2019-08-14,-0.02973035245453567,-0.015155945969941192,0.2886064938014701,0.15660350723767139,1.0
2019-08-15,0.0024612366981802422,-0.031283171738626034,0.25726301021363296,0.15566716310402673,1.0
2019-08-16,0.014323058172245003,-0.010321520432723923,0.2725851094344445,0.22073606760842016,1.0
2019-08-19,0.012033175564397505,0.014105464247588935,0.27176949552403074,0.21780742010446008,1.0
2019-08-20,-0.007946215312115467,-0.008859097331828394,0.2562679769338238,0.2116045420080293,1.0
2019-08-21,0.008212979557352937,0.029084234680060213,0.15660350723767139,0.2086195168377919,1.0
2019-08-22,-0.00050620295927854,0.026116795022601433,0.15566716310402673,0.22698061229494115,1.0
2019-08-23,-0.02628888112283785,-0.01449514427248142,0.22073606760842016,0.12926447068176344,0.0
2019-08-26,0.01092311273079789,-0.015605207106081036,0.21780742010446008,0.11450516220576824,0.0
2019-08-27,-0.0032083218005562386,-0.010867313594521807,0.2116045420080293,0.13584402982037214,0.0
2019-08-28,0.006524151530562512,-0.012556141621312232,0.2086195168377919,0.15725501546807263,1.0
2019-08-29,0.012607482441094399,0.0005575437790607055,0.22698061229494115,0.12945996876747784,0.0
2019-08-30,0.0006425807598767749,0.027489005661775333,0.12926447068176344,0.12938129046006355,0.0
2019-09-03,-0.0069230093326854165,0.009642883598292025,0.11450516220576824,0.11970454484584958,0.0
2019-09-04,0.010783725278421427,0.02363493067726969,0.13584402982037214,0.1052788104400348,0.0
2019-09-05,0.01292591292175976,0.030036692068466937,0.15725501546807263,0.055492587001544524,0.0
2019-09-06,0.0009101908043767861,0.018339400431749326,0.12945996876747784,0.055354686880300416,0.0
2019-09-09,-9.401467889992668e-05,0.017602804992972624,0.12938129046006355,0.05967228907592527,0.0
2019-09-10,0.0003222524259310153,0.02484806675158906,0.11970454484584958,0.062374845848609445,0.0
2019-09-11,0.0072036723263872,0.021268013799554827,0.1052788104400348,0.035792964738157004,0.0
2019-09-12,0.0028750162782333164,0.011217117156028385,0.055492587001544524,0.02940347285560851,0.0
2019-09-13,-0.0007246768769660504,0.009582249474685549,0.055354686880300416,0.045298527402559866,0.0
2019-09-16,-0.0031405129163559896,0.006535751237229485,0.05967228907592527,0.03943785010065838,0.0
2019-09-17,0.0025784253724619854,0.008791924183760456,0.062374845848609445,0.06943090924443861,0.0
2019-09-18,0.00034263328426719085,0.0019308851416404472,0.035792964738157004,0.08194265896696125,0.0
2019-09-19,1.9974521929475905e-05,-0.0009241566146633933,0.02940347285560851,0.0837415349687334,0.0
2019-09-20,-0.004907599104880387,-0.00510707884257773,0.045298527402559866,0.08503458239529822,0.0
2019-09-23,-9.694061782751375e-05,-0.002063506544049254,0.03943785010065838,0.0922391605670338,0.0
2019-09-24,-0.00845198896355148,-0.013093920880062719,0.06943090924443861,0.11213861544274313,0.0
2019-09-25,0.0061396852419639035,-0.007296868922366009,0.08194265896696125,0.1646927107994763,1.0
2019-09-26,-0.002431871009613191,-0.009748714453908675,0.0837415349687334,0.1732145055488208,1.0
2019-09-27,-0.005330534579128577,-0.010171649928156865,0.08503458239529822,0.19650715985114503,1.0
2019-09-30,0.005034910215248393,-0.005039799095080959,0.0922391605670338,0.19583853331180445,1.0
2019-10-01,-0.012334126945412846,-0.008921937076942325,0.11213861544274313,0.20756156617664115,1.0
2019-10-02,-0.01806540418764383,-0.033127026506550056,0.1646927107994763,0.17542332605003066,1.0
2019-10-03,0.007940304773866787,-0.022754850723070083,0.1732145055488208,0.17221205559233824,1.0
2019-10-04,0.014116785239259274,-0.0033075309046822314,0.19650715985114503,0.15993344291311043,1.0
2019-10-07,-0.00448835227368152,-0.012830793393612143,0.19583853331180445,0.15703659439068307,1.0
2019-10-08,-0.01568315955210993,-0.016179826000309226,0.20756156617664115,0.13118754044279288,0.0
2019-10-09,0.009063296514845923,0.010948874702180528,0.17542332605003066,0.11520441721697328,0.0
2019-10-10,0.0063952024117826045,0.009403772340096345,0.17221205559233824,0.10767740059427926,0.0
2019-10-11,0.010879579673789056,0.006166566774626127,0.15993344291311043,0.08003790901078671,0.0
2019-10-14,-0.0013880816732189801,0.009266837375088668,0.15703659439068307,0.0931265249037752,0.0
2019-10-15,0.009906445376489171,0.03485644230368777,0.13118754044279288,0.06611030802875828,0.0
2019-10-16,-0.002001544553193733,0.023791601235648115,0.11520441721697328,0.06764655535875187,0.0
2019-10-17,0.002759021969775287,0.020155420793640796,0.10767740059427926,0.06616589808181134,0.0
2019-10-18,-0.003927045709799847,0.005348795410051892,0.08003790901078671,0.06658273192563112,0.0
2019-10-21,0.006848114105333746,0.013584991188604617,0.0931265249037752,0.06025758949248734,0.0
2019-10-22,-0.003575049258376838,0.00010349655373860815,0.06611030802875828,0.05497060143343613,0.0
2019-10-23,0.002843103345830729,0.00494814445276307,0.06764655535875187,0.056090071913364764,0.0
2019-10-24,0.0019186046591713529,0.004107727142159136,0.06616589808181134,0.05850219607818844,0.0
2019-10-25,0.004064429510656049,0.012099202362615032,0.06658273192563112,0.08514817803879725,0.0
2019-10-28,0.0055658199161177,0.010816908173398986,0.06025758949248734,0.0798614581241891,0.0
2019-10-29,-0.0008327519564807664,0.013559205475295058,0.05497060143343613,0.08008646516503704,0.0
2019-10-30,0.0032480894008573105,0.013964191530321642,0.056090071913364764,0.07685683240939956,0.0
2019-10-31,-0.0030274386345390905,0.009018148236611196,0.05850219607818844,0.07628673965544437,0.0
2019-11-01,0.009615930559647514,0.014569649285602662,0.08514817803879725,0.038587638426305526,0.0
2019-11-04,0.0036972458053124275,0.01270107517479739,0.0798614581241891,0.031536370561453315,0.0
2019-11-05,-0.0011864027118206639,0.01234742441945749,0.08008646516503704,0.03235420244442544,0.0
2019-11-06,0.0007022505922896238,0.009801585610889804,0.07685683240939956,0.0323641437539557,0.0
2019-11-07,0.002726375244280665,0.015555399489709559,0.07628673965544437,0.026609983124254243,0.0
2019-11-08,0.002557403145115828,0.008496872075177873,0.038587638426305526,0.057795904658786625,0.0
2019-11-11,-0.0019643954133371925,0.002835230856528253,0.031536370561453315,0.056201722187661764,0.0
2019-11-12,0.0015634233012630327,0.00558505686961195,0.03235420244442544,0.0552553219975763,0.0
2019-11-13,0.0007112815701162954,0.005594087847438621,0.0323641437539557,0.06116716399271181,0.0
2019-11-14,0.0008366926144567594,0.003704405217614716,0.026609983124254243,0.06190796876583212,0.0
2019-11-15,0.007666028777973181,0.008813030850472069,0.057795904658786625,0.033295366710013784,0.0
2019-11-18,0.0005030263228096366,0.011280452586618899,0.056201722187661764,0.06257127599320084,0.0
2019-11-19,-0.0005927700996925261,0.00912425918566334,0.0552553219975763,0.06434188009912495,0.0
2019-11-20,-0.0037632564209410676,0.004649721194605976,0.06116716399271181,0.06557985023588489,0.0
2019-11-21,-0.0015840060861895076,0.0022290224939597093,0.06190796876583212,0.07062899063021358,0.0
2019-11-22,0.002172573942375937,-0.003264432341637535,0.033295366710013784,0.09239994551470723,0.0
2019-11-25,0.0074792518874672075,0.003711793223020036,0.06257127599320084,0.08918568984082365,0.0
2019-11-26,0.0021931636449402277,0.00649772696765279,0.06434188009912495,0.0985614749744009,0.0
2019-11-27,0.0041657356252997445,0.0144267190138936,0.06557985023588489,0.09462041731327961,0.0
2019-11-29,-0.004019286229989053,0.011991438870094056,0.07062899063021358,0.11093771263791002,0.0
2019-12-02,-0.008668483693963605,0.001150381233754513,0.09239994551470723,0.09500400593980429,0.0
2019-12-03,-0.006660225258045148,-0.012989095911757842,0.08918568984082365,0.0827695523510209,0.0
2019-12-04,0.006303657608769993,-0.008878601947928076,0.0985614749744009,0.07261621853447822,0.0
2019-12-05,0.0014991269266302707,-0.01154521064659755,0.09462041731327961,0.09399176947084997,0.0
2019-12-06,0.009094246030426013,0.001568321613817516,0.11093771263791002,0.06831083775336229,0.0
2019-12-09,-0.003167833684474369,0.007068971623306753,0.09500400593980429,0.08195907792180168,0.0
2019-12-10,-0.0010975361689841293,0.012631660712367772,0.0827695523510209,0.08162256704147741,0.0
2019-12-11,0.0029039375293507703,0.009231940632948549,0.07261621853447822,0.07903575551087308,0.0
2019-12-12,0.008538667375555057,0.016271481081873332,0.09399176947084997,0.059747907655572606,0.0
2019-12-13,7.25791502146863e-05,0.007249814201662007,0.06831083775336229,0.0692517454254231,0.0
2019-12-16,0.007122360942542787,0.017540008828679163,0.08195907792180168,0.04771676183518623,0.0
2019-12-17,0.0003352360284609262,0.018972781026124215,0.08162256704147741,0.04767757233041866,0.0
2019-12-18,-0.0004323936405227425,0.015636449856250706,0.07903575551087308,0.059853041885277625,0.0
2019-12-19,0.004449378821864254,0.011547161302559901,0.059747907655572606,0.05083972312271206,0.0
2019-12-20,0.004932595804334098,0.016407177956679314,0.0692517454254231,0.055249172313113604,0.0
2019-12-23,0.0008657687142985109,0.010150585728435036,0.04771676183518623,0.05874378312305872,0.0
2019-12-24,-0.00019546730246814044,0.00961988239750597,0.04767757233041866,0.08341333302354693,0.0
2019-12-26,0.005115062410053991,0.015167338448082704,0.059853041885277625,0.0903825249677235,0.0
2019-12-27,3.3984139657930306e-05,0.010751943765876381,0.05083972312271206,0.09378676118646832,0.0
2019-12-30,-0.005797596079349905,2.1751882192377718e-05,0.055249172313113604,0.08659716739780804,0.0
2019-12-31,0.002941690644190719,0.0020976738120845858,0.05874378312305872,0.09093038012420837,0.0
2020-01-02,0.008343895362316707,0.010637036476869432,0.08341333302354693,0.08352863335758744,0.0
2020-01-03,-0.007084909364954553,-0.0015629352981391103,0.0903825249677235,0.06970793663732273,0.0
2020-01-06,0.003527145194272564,0.0019302257564755233,0.09378676118646832,0.08165797950654213,0.0
2020-01-07,-0.0028071750845948405,0.004920646751230587,0.08659716739780804,0.07991648929887063,0.0
2020-01-08,0.004890473485641129,0.006869429592680998,0.09093038012420837,0.07319285335321468,0.0
2020-01-09,0.006633214116906491,0.005158748347270782,0.08352863335758744,0.0814756740111867,0.0
2020-01-10,-0.0028592624875049015,0.009384395224720433,0.06970793663732273,0.08351726962985888,0.0
2020-01-13,0.006951994045933256,0.012809244076381125,0.08165797950654213,0.06996210374720484,0.0
2020-01-14,-0.0015156808368957204,0.014100738324080245,0.07991648929887063,0.06916012639499029,0.0
2020-01-15,0.0018684502436879626,0.011078715082127079,0.07319285335321468,0.06835721361848175,0.0
2020-01-16,0.008331747422232019,0.012777248387452606,0.0814756740111867,0.07302294496229456,0.0
2020-01-17,0.003854723247485144,0.019491234122442653,0.08351726962985888,0.13135550411727778,0.0
2020-01-21,-0.002655500369585384,0.009883739706924013,0.06996210374720484,0.14812925039881192,1.0
2020-01-22,0.00028903429668107475,0.011688454840500809,0.06916012639499029,0.14824294706950872,1.0
2020-01-23,0.001140326193358241,0.010960330790171087,0.06835721361848175,0.1496797463290636,1.0
2020-01-24,-0.009083289426193788,-0.00645470605825472,0.07302294496229456,0.18528434689897297,1.0
2020-01-27,-0.015855752356844034,-0.0261651816625839,0.13135550411727778,0.15586176605395202,1.0
2020-01-28,0.010003383500352516,-0.013506297792646,0.14812925039881192,0.17433515247129702,1.0
2020-01-29,-0.0008672501435846315,-0.014662582232911706,0.14824294706950872,0.19147643332829697,1.0
2020-01-30,0.0031294569302110597,-0.012673451496058887,0.1496797463290636,0.19163823454081397,1.0
2020-01-31,-0.01786444357136295,-0.02145460564122805,0.18528434689897297,0.1487237323206331,1.0
2020-02-03,0.007228425761232584,0.0016295724768485668,0.15586176605395202,0.14889905820274615,1.0
2020-02-04,0.014869315917506062,0.006495504894002113,0.17433515247129702,0.10569346354125994,0.0
2020-02-05,0.011187778658972936,0.01855053369655968,0.19147643332829697,0.08339181418300352,0.0
2020-02-06,0.003320155057001924,0.018741231823350545,0.19163823454081397,0.08082582262403087,0.0
2020-02-07,-0.005415491009458352,0.031190184385255143,0.1487237323206331,0.07228886772384356,0.0
2020-02-10,0.007299690120573207,0.031261448744595764,0.14889905820274615,0.05450746918035085,0.0
2020-02-11,0.0016870486860021178,0.018079181513091822,0.10569346354125994,0.0627572180463186,0.0
2020-02-12,0.006441853105203067,0.013333255959321954,0.08339181418300352,0.05082851645008002,0.0
2020-02-13,-0.0016317763599886593,0.00838132454233137,0.08082582262403087,0.089912916556575,0.0
2020-02-14,0.0018418360984854144,0.015638651650275136,0.07228886772384356,0.2578333073927483,1.0
2020-02-18,-0.0029242139861477136,0.005414747543554216,0.05450746918035085,0.33718970512376745,1.0
2020-02-19,0.004694748284284925,0.008422447141837023,0.0627572180463186,0.3366130652799912,1.0
2020-02-20,-0.0038228174279975285,-0.0018422233913635727,0.05082851645008002,0.46410764353003686,1.0
2020-02-21,-0.010573809232819777,-0.010784256264194691,0.089912916556575,0.46174664728085735,1.0
2020-02-24,-0.03408807942044074,-0.046714171783120845,0.2578333073927483,0.5067095974764902,1.0
2020-02-25,-0.030747904375353224,-0.07453786217232636,0.33718970512376745,0.5000722829539805,1.0
2020-02-26,-0.00378569732353003,-0.08301830778014131,0.3366130652799912,0.5791961211890565,1.0
2020-02-27,-0.045168136352261155,-0.12436362670440493,0.46410764353003686,0.5409899799255474,1.0
2020-02-28,-0.008272463109653077,-0.12206228058123823,0.46174664728085735,0.5514826150823765,1.0
2020-03-02,0.0450108687694132,-0.0429633323913843,0.5067095974764902,0.7187858469933052,1.0
2020-03-03,-0.02851048492291458,-0.04072591293894566,0.5000722829539805,0.7699675368119546,1.0
2020-03-04,0.041336349360633136,0.004396133745217509,0.5791961211890565,0.7957706671185572,1.0
2020-03-05,-0.034510782439981125,0.01505348765749754,0.5409899799255474,1.0376266752882715,1.0
2020-03-06,-0.01720094365238617,0.00612500711476445,0.5514826150823765,1.2079977548237206,1.0
2020-03-09,-0.07901041294037148,-0.11789627459502022,0.7187858469933052,1.4021060798874527,1.0
2020-03-10,0.048215052425859106,-0.041170737246246536,0.7699675368119546,1.421129239117434,1.0
2020-03-11,-0.05010289280860541,-0.13260997941548508,0.7957706671185572,1.4268331222172523,1.0
2020-03-12,-0.09994485240247351,-0.19804404937797745,1.0376266752882715,1.2383538650830062,1.0
2020-03-13,0.08880840694923595,-0.09203469877635534,1.2079977548237206,1.1113288229311515,1.0
2020-03-16,-0.12765219747281742,-0.14067648330880128,1.4021060798874527,0.6770016512260222,1.0
2020-03-17,0.05822631263569171,-0.13066522309896866,1.421129239117434,0.8323648736182568,1.0
2020-03-18,-0.053222272332080246,-0.13378460262244352,1.4268331222172523,0.7461214561150951,1.0
2020-03-19,0.004696760970401053,-0.029142989249568957,1.2383538650830062,0.8604239777685269,1.0
2020-03-20,-0.04432762405336681,-0.16227902025217172,1.1113288229311515,0.8369471366251039,1.0
2020-03-23,-0.02973150100957679,-0.06435832378893108,0.6770016512260222,0.8430322296080174,1.0
2020-03-24,0.08968323251796326,-0.032901403906659535,0.8323648736182568,0.5643269771106905,1.0
2020-03-25,0.011468990420822226,0.03178985884624294,0.7461214561150951,0.6438636625574964,1.0
2020-03-26,0.06054383107424656,0.08763692895008846,0.8604239777685269,0.5054665883926961,1.0
2020-03-27,-0.0342678455416263,0.09769670746182897,0.8369471366251039,0.45611187668928227,1.0
2020-03-30,0.032966590569974794,0.16039479904138054,0.8430322296080174,0.621365837828645,1.0
2020-03-31,-0.016142310788415843,0.054569255735001446,0.5643269771106905,0.6108128106159739,1.0
2020-04-01,-0.04514636273278691,-0.002046097418607687,0.6438636625574964,0.5717454179246777,1.0
2020-04-02,0.022572657056960366,-0.040017271435893884,0.5054665883926961,0.558247019906711,1.0
2020-04-03,-0.015252860825944299,-0.02100228672021188,0.45611187668928227,0.5523700956334987,1.0
2020-04-06,0.06796824414483035,0.013999366854643674,0.621365837828645,0.3434935642042532,1.0
2020-04-07,-0.001604339048362459,0.028537338594697058,0.6108128106159739,0.37798048356278424,1.0
2020-04-08,0.033489371191284686,0.10717307251876866,0.5717454179246777,0.29671382309844185,1.0
2020-04-09,0.014383470303699339,0.09898388576550762,0.558247019906711,0.33592844728289933,1.0
2020-04-13,-0.01015605944467711,0.10408068714677482,0.5523700956334987,0.35221700400527917,1.0
2020-04-14,0.03011455957230757,0.06622700257425204,0.3434935642042532,0.3567492748010372,1.0
2020-04-15,-0.022276732672369248,0.045554608950245254,0.37798048356278424,0.35799984869849766,1.0
2020-04-16,0.0057998378395412884,0.017865075598501846,0.29671382309844185,0.35564477163120634,1.0
2020-04-17,0.026440932021320578,0.029922537316123085,0.33592844728289933,0.3176103581171371,1.0
2020-04-20,-0.018042845615347775,0.02203575114545242,0.35221700400527917,0.3085810786816565,1.0
2020-04-21,-0.031155115236330667,-0.039233923663185816,0.3567492748010372,0.2183904360367502,1.0
2020-04-22,0.02267130058213675,0.005714109591320182,0.35799984869849766,0.23766146451014122,1.0
2020-04-23,-0.0005395676601955963,-0.0006252959084167025,0.35564477163120634,0.24654704532960736,1.0
2020-04-24,0.013822090566839217,-0.013244137362898062,0.3176103581171371,0.30328153603292435,1.0
2020-04-27,0.014606868181735996,0.01940557643418571,0.3085810786816565,0.28658809918252015,1.0
2020-04-28,-0.005256170190483643,0.045304521480032736,0.2183904360367502,0.29124330485196137,1.0
2020-04-29,0.02623670404507307,0.04886992494296905,0.23766146451014122,0.2293500023467574,1.0
2020-04-30,-0.009255143319054839,0.04015434928410981,0.24654704532960736,0.2342628906466521,1.0
2020-05-01,-0.028460211014775954,-0.0021279522975053596,0.30328153603292435,0.16782094898009636,1.0
2020-05-04,0.0042408225788494016,-0.012493997900391959,0.28658809918252015,0.16510100161616073,1.0
2020-05-05,0.008999935197779802,0.0017621074878714895,0.29124330485196137,0.21165961592140417,1.0
2020-05-06,-0.007003880399042588,-0.03147847695624417,0.2293500023467574,0.24076861542682992,1.0
2020-05-07,0.011438955754890805,-0.010784377882298525,0.2342628906466521,0.24081645175080926,1.0
2020-05-08,0.016730795065226244,0.03440662819770367,0.16782094898009636,0.21132572874704264,1.0
2020-05-11,0.0001330693667907644,0.030298874985645038,0.16510100161616073,0.3051878228194068,1.0
2020-05-12,-0.020713365772047604,0.0005855740158176304,0.21165961592140417,0.277695088743415,1.0
2020-05-13,-0.017616996624280044,-0.010027542209419826,0.24076861542682992,0.2742574874722394,1.0
2020-05-14,0.01145891780407149,-0.010007580160239142,0.24081645175080926,0.26771022335980593,1.0
2020-05-15,0.003918675203723029,-0.022819700021742356,0.21132572874704264,0.26678339261837236,1.0
2020-05-18,0.031015208770073424,0.008062439381540304,0.3051878228194068,0.17381184075630196,1.0
2020-05-19,-0.010539747711599283,0.018236057441988626,0.277695088743415,0.1884942844969666,1.0
2020-05-20,0.0165139906134157,0.052367044679684366,0.2742574874722394,0.1483571087219926,1.0
2020-05-21,-0.007803968309953686,0.033104158565659195,0.26771022335980593,0.14178143339219273,0.0
2020-05-22,0.002350945686812366,0.03153642904874853,0.26678339261837236,0.1432828751457629,0.0
2020-05-26,0.01221428502146052,0.012735505300135624,0.17381184075630196,0.12798841329832622,0.0
2020-05-27,0.014718447490314346,0.037993700502049255,0.1884942844969666,0.12134836438607358,0.0
2020-05-28,-0.0021101393249195488,0.019369570563714005,0.1483571087219926,0.12277984260664468,0.0
2020-05-29,0.004800793552307952,0.031974332425975645,0.14178143339219273,0.21829865450096572,1.0
2020-06-01,0.003744216478364391,0.033367603217527665,0.1432828751457629,0.23274165900353194,1.0
2020-06-02,0.008177307282398658,0.029330625478465808,0.12798841329832622,0.2321384949295635,1.0
2020-06-03,0.01355667081256392,0.028168848800715383,0.12134836438607358,0.21460646744125045,1.0
2020-06-04,-0.003374389083608904,0.02690459904202603,0.12277984260664468,0.4811474798646936,1.0
2020-06-05,0.025874012821635813,0.04797781831135389,0.21829865450096572,0.45414583439495887,1.0
2020-06-08,0.011969656405806002,0.0562032582387955,0.23274165900353194,0.4499789487109322,1.0
2020-06-09,-0.007829743419721978,0.04019620753667487,0.2321384949295635,0.4660214280152169,1.0
2020-06-10,-0.005327255735182077,0.021312280988928865,0.21460646744125045,0.465189519840338,1.0
2020-06-11,-0.06075269299628893,-0.03606602292375116,0.4811474798646936,0.1743508924697641,1.0
2020-06-12,0.012976286605211731,-0.04896374914017524,0.45414583439495887,0.1533930272602895,1.0
2020-06-15,0.00827786081817526,-0.05265554472780598,0.4499789487109322,0.1489574516035677,1.0
2020-06-16,0.018784852866710527,-0.026040948441373474,0.4660214280152169,0.07303931729850681,0.0
2020-06-17,-0.0036067962326294138,-0.02432048893882081,0.465189519840338,0.19814934540350201,1.0
2020-06-18,0.0005940434038017573,0.03702624746126988,0.1743508924697641,0.212681010608784,1.0
2020-06-19,-0.005665513565673728,0.018384447290384416,0.1533930272602895,0.27190135592130765,1.0
2020-06-22,0.006474093296658384,0.01658067976886754,0.1489574516035677,0.2872805320942328,1.0
2020-06-23,0.004298169191483789,0.0020939960936408007,0.07303931729850681,0.3055901527222758,1.0
2020-06-24,-0.0261952655956623,-0.020494473269392084,0.19814934540350201,0.24508384797353913,1.0
2020-06-25,0.01089982772821816,-0.010188688944975682,0.212681010608784,0.23476148398948937,1.0
2020-06-26,-0.024525204274831163,-0.029048379654133115,0.27190135592130765,0.19316167756862979,1.0
2020-06-29,0.01457888811353358,-0.020943584837257924,0.2872805320942328,0.1804508830914415,1.0
2020-06-30,0.015292349435755562,-0.00994940459298615,0.3055901527222758,0.15440255244728043,1.0
2020-07-01,0.005009563975870565,0.021255424978546718,0.24508384797353913,0.1555303331265916,1.0
2020-07-02,0.0045309704768169146,0.01488656772714547,0.23476148398948937,0.16917044488936453,1.0
2020-07-06,0.01575693083216329,0.055168702834139924,0.19316167756862979,0.1434047639188297,0.0
2020-07-07,-0.010877477869643567,0.02971233685096278,0.1804508830914415,0.15342779149541658,1.0
2020-07-08,0.007796986263430269,0.022216973678637484,0.15440255244728043,0.15683064775792202,1.0
2020-07-09,-0.005659591476194623,0.011547818226572297,0.1555303331265916,0.1535193982518645,1.0
2020-07-10,0.010411809774443004,0.017428657524198386,0.16917044488936453,0.1360601617586994,0.0
2020-07-13,-0.009406645216058874,-0.007734918524023778,0.1434047639188297,0.13260885783704715,0.0
2020-07-14,0.01331730058290395,0.016459859928523737,0.15342779149541658,0.09374695740893045,0.0
2020-07-15,0.009041056936355048,0.017703930601448516,0.15683064775792202,0.07952296909837238,0.0
2020-07-16,-0.0034119152141152374,0.019951606863527906,0.1535193982518645,0.11611272902964018,0.0
2020-07-17,0.0028445625875835605,0.01238435967666846,0.1360601617586994,0.12254696130748331,0.0
2020-07-20,0.008371797255140334,0.030162802147867665,0.13260885783704715,0.11925353987155049,0.0
2020-07-21,0.0016776293345600682,0.018523130899523788,0.09374695740893045,0.12730009675378945,0.0
2020-07-22,0.005730630594473862,0.015212704557642601,0.07952296909837238,0.14912922735470285,1.0
2020-07-23,-0.012396378412246847,0.006228241359510993,0.11611272902964018,0.1233128591795419,0.0
2020-07-24,-0.006209640024276134,-0.0028259612523487032,0.12254696130748331,0.12730057300635922,0.0
2020-07-27,0.007367928821482373,-0.0038298296860066645,0.11925353987155049,0.12668797500412893,0.0
2020-07-28,-0.006494435418646306,-0.012001894439213038,0.12730009675378945,0.12074452680632475,0.0
2020-07-29,0.012351783351742583,-0.005380741681944317,0.14912922735470285,0.09465825026843863,0.0
2020-07-30,-0.0037573017634548516,0.003258334966847679,0.1233128591795419,0.10157585976970375,0.0
2020-07-31,0.0076412362421762695,0.01710921123330008,0.12730057300635922,0.08599452982250252,0.0
2020-08-03,0.007155362664358673,0.016896645076176383,0.12668797500412893,0.07205954489188145,0.0
2020-08-04,0.003605423026133557,0.026996503520956245,0.12074452680632475,0.0881128580394895,0.0
2020-08-05,0.006409160435517922,0.021053880604731585,0.09465825026843863,0.12422022624594593,0.0
2020-08-06,0.006407126020664802,0.03121830838885124,0.10157585976970375,0.11650466361174018,0.0
2020-08-07,0.0006328292699566697,0.024209901416631638,0.08599452982250252,0.11642440493776807,0.0
2020-08-10,0.0027384652733919213,0.01979300402566489,0.07205954489188145,0.1163863479080695,0.0
2020-08-11,-0.008001055401377298,0.008186525598154033,0.0881128580394895,0.10288886496666727,0.0
2020-08-12,0.013899502293613534,0.015676867456249643,0.12422022624594593,0.04279076894966094,0.0
2020-08-13,-0.002049272676156681,0.00722046875942816,0.11650466361174018,0.04605050825013152,0.0
2020-08-14,-0.00017189739627902921,0.006415742093192461,0.11642440493776807,0.0520952036236257,0.0
2020-08-17,0.002706177507423456,0.006383454327223995,0.1163863479080695,0.08589748185557332,0.0
2020-08-18,0.0023007404198168474,0.01668525014841814,0.10288886496666727,0.08809718306388976,0.0
2020-08-19,-0.004414123345182018,-0.001628375490377412,0.04279076894966094,0.10938598673517022,0.0
2020-08-20,0.0031536547683461333,0.0035745519541254024,0.04605050825013152,0.10772593346886107,0.0
2020-08-21,0.0034351999829724668,0.007181649333376899,0.0520952036236257,0.11523603222680012,0.0
2020-08-24,0.009993615364903508,0.01446908719085695,0.08589748185557332,0.09213648054506708,0.0
2020-08-25,0.003589899745540117,0.01575824651658022,0.08809718306388976,0.10330639934714234,0.0
2020-08-26,0.010144001344841499,0.030316371206603736,0.10938598673517022,0.1311705134669338,0.0
2020-08-27,0.0016716460318091384,0.02883436247006674,0.10772593346886107,0.2854935813247134,1.0
2020-08-28,0.006710002849570254,0.03210916533666453,0.11523603222680012,0.28739946195961724,1.0
2020-08-31,-0.002197375175508541,0.01991817479625248,0.09213648054506708,0.34969968265219686,1.0
2020-09-01,0.007496831420705943,0.023825106471418306,0.10330639934714234,0.3735050926984991,1.0
2020-09-02,0.01524905014386973,0.02893015527044654,0.1311705134669338,0.37901168242832306,1.0
2020-09-03,-0.0357575941421853,-0.0084990849035479,0.2854935813247134,0.2814648301178004,1.0
2020-09-04,-0.008166280754275102,-0.023375368507393256,0.28739946195961724,0.2897256672465472,1.0
2020-09-08,-0.02814882908646679,-0.049326822418351506,0.34969968265219686,0.21300713866792473,1.0
2020-09-09,0.019944760662180386,-0.036878893176877064,0.3735050926984991,0.1624915530364699,1.0
2020-09-10,-0.017741245925395586,-0.06986918924614238,0.37901168242832306,0.11889892109890973,0.0
2020-09-11,0.0005329301580873496,-0.03357866494586973,0.2814648301178004,0.14316554875327325,0.0
2020-09-14,0.012661335025022992,-0.012751049166571634,0.2897256672465472,0.13872192132863587,0.0
2020-09-15,0.005205785930499657,0.02060356585039481,0.21300713866792473,0.15295570113282028,1.0
2020-09-16,-0.0046296468921518345,-0.0039708417039374085,0.1624915530364699,0.22663483526539926,1.0
2020-09-17,-0.008447949528552457,0.005322454692905721,0.11889892109890973,0.219578879424307,1.0
2020-09-18,-0.011245576947828505,-0.006456052413010133,0.14316554875327325,0.2334597712536926,1.0
2020-09-21,-0.011638564027297718,-0.03075595146533084,0.13872192132863587,0.24606943877522847,1.0
2020-09-22,0.010463016398376152,-0.02549872099745435,0.15295570113282028,0.23707728248131504,1.0
2020-09-23,-0.02400733891437413,-0.044876413019676646,0.22663483526539926,0.17482218900852128,1.0
2020-09-24,0.0029830055546290505,-0.03344545793649514,0.219578879424307,0.17753544627044954,1.0
2020-09-25,0.015850439224188495,-0.006349441764478134,0.2334597712536926,0.15337683901751326,1.0
2020-09-28,0.0159821918538544,0.021271314116673982,0.24606943877522847,0.1632269129162024,1.0
2020-09-29,-0.004824282704443997,0.0059840150138538335,0.23707728248131504,0.1882827380374241,1.0
2020-09-30,0.00821984256837961,0.03821119649660758,0.17482218900852128,0.21688082279170304,1.0
2020-10-01,0.0052789495642950775,0.0405071405062736,0.17753544627044954,0.22099962386501443,1.0
2020-10-02,-0.009623812866370861,0.015032888415714245,0.15337683901751326,0.21917149265437907,1.0
2020-10-05,0.017813109002900934,0.01686380556476078,0.1632269129162024,0.2130867559636847,1.0
2020-10-06,-0.014072064387523205,0.007616023881681573,0.1882827380374241,0.19350218673126157,1.0
2020-10-07,0.017247163770241564,0.016643345083543523,0.21688082279170304,0.15708741651324326,1.0
2020-10-08,0.007978212894869286,0.019342608414117737,0.22099962386501443,0.14692248644463687,1.0
2020-10-09,0.008755095180752877,0.03772151646124147,0.21917149265437907,0.13313109737067713,0.0
2020-10-12,0.01628253015832422,0.03619093761666477,0.2130867559636847,0.13425532631824882,0.0
2020-10-13,-0.006326891629163268,0.0439361103750247,0.19350218673126157,0.1308740801363065,0.0
2020-10-14,-0.0066451720840594065,0.020043774520723732,0.15708741651324326,0.1230689394926753,0.0
2020-10-15,-0.001528923514213078,0.010536638111641367,0.14692248644463687,0.12803816723381742,0.0
2020-10-16,0.00013491045663045577,0.0019164533875189458,0.13313109737067713,0.1303426726950396,0.0
2020-10-19,-0.016464663514942676,-0.030830740285747952,0.13425532631824882,0.14516416752704028,1.0
2020-10-20,0.0047161953200011274,-0.019787653336583555,0.1308740801363065,0.14287894771714904,0.0
2020-10-21,-0.0021981140115702774,-0.015340595264094427,0.1230689394926753,0.29192355570998585,1.0
2020-10-22,0.0052053540034913415,-0.008606317746390008,0.12803816723381742,0.3016003175554306,1.0
2020-10-23,0.003439838320389479,-0.005301389882630984,0.1303426726950396,0.3128458046904097,1.0
2020-10-26,-0.018764472985322012,-0.00760119935301032,0.14516416752704028,0.2961094920414659,1.0
2020-10-27,-0.003030205350445511,-0.015347600023456958,0.14287894771714904,0.3207894439077288,1.0
2020-10-28,-0.03592554210857772,-0.0490750281204644,0.29192355570998585,0.24864837971019516,1.0
2020-10-29,0.01187652493999744,-0.0424038571839583,0.3016003175554306,0.2709954353057892,1.0
2020-10-30,-0.012203713445259962,-0.05804740894960775,0.3128458046904097,0.2567812219172069,1.0
2020-11-02,0.012242950890591667,-0.027039985073694067,0.2961094920414659,0.2553456688976678,1.0
2020-11-03,0.01764273768407783,-0.0063670420391707255,0.3207894439077288,0.22273860897383804,1.0
2020-11-04,0.021807525655091704,0.0513660257244987,0.24864837971019516,0.1690337057439234,1.0
2020-11-05,0.01927326577670128,0.05876276656120254,0.2709954353057892,0.12214660706070853,0.0
2020-11-06,-0.00028775658537381985,0.07067872342108868,0.2567812219172069,0.1553263531948574,1.0
2020-11-09,0.011631974746344153,0.07006774727684117,0.2553456688976678,0.15513326359430865,1.0
2020-11-10,-0.001400775220867666,0.051024234371895676,0.22273860897383804,0.1585254518443458,1.0
2020-11-11,0.007622728362991461,0.03683943707979543,0.1690337057439234,0.17035299875063092,1.0
2020-11-12,-0.01002865154706935,0.007537519756024801,0.12214660706070853,0.1572675606292722,1.0
2020-11-13,0.013518546706294007,0.021343823047692626,0.1553263531948574,0.1336552484527026,0.0
2020-11-16,0.011580734922832603,0.021292583224181077,0.15513326359430865,0.11267796611557088,0.0
2020-11-17,-0.004803443784647531,0.017889914660401213,0.1585254518443458,0.15648720038674754,1.0
2020-11-18,-0.011631210647481315,-0.0013640243500715639,0.17035299875063092,0.13340390088529125,0.0
2020-11-19,0.003938675690732779,0.012603302887730563,0.1572675606292722,0.13154321830620627,0.0
2020-11-20,-0.006815737372918576,-0.00773098119148202,0.1336552484527026,0.12661609678929028,0.0
2020-11-23,0.005620108181849693,-0.01369160793246493,0.11267796611557088,0.144121791351338,1.0
2020-11-24,0.016032458814031775,0.007144294666214378,0.15648720038674754,0.08931794972720011,0.0
2020-11-25,-0.0015856747555094064,0.017189830558186285,0.13340390088529125,0.08871650848856714,0.0
2020-11-27,0.0023941110259011363,0.015645265893354642,0.13154321830620627,0.10715626126957165,0.0
2020-11-30,-0.004606140636972006,0.017854862629301214,0.12661609678929028,0.10296771648388661,0.0
2020-12-01,0.011208140661592923,0.023442895109044442,0.144121791351338,0.0682745148372743,0.0
2020-12-02,0.0017895645286042845,0.00920000082361695,0.08931794972720011,0.08780814139772368,0.0
2020-12-03,-0.0006243520802942291,0.010161323498832128,0.08871650848856714,0.08817009597950907,0.0
2020-12-04,0.00879746371518688,0.016564676188117872,0.10715626126957165,0.06288077945067742,0.0
2020-12-07,-0.001937513438963252,0.019233303386126627,0.10296771648388661,0.06875131260947093,0.0
2020-12-08,0.002783271170170473,0.010808433894704178,0.0682745148372743,0.11244365747263343,0.0
2020-12-09,-0.00798096494847171,0.001037904417628183,0.08780814139772368,0.097935818859937,0.0
2020-12-10,-0.0012859345277717227,0.00037632197015068894,0.08817009597950907,0.1056849190291359,0.0
2020-12-11,-0.0012657980842328352,-0.009686939829269025,0.06288077945067742,0.10822230091989443,0.0
2020-12-14,-0.0043687882451469585,-0.012118214635452733,0.06875131260947093,0.1073414444661028,0.0
2020-12-15,0.012838482022218645,-0.0020630037834045607,0.11244365747263343,0.05858309229481039,0.0
2020-12-16,0.0017712256203230642,0.007689186785390213,0.097935818859937,0.05746194495274055,0.0
2020-12-17,0.0057411428089832834,0.014716264122145217,0.1056849190291359,0.04763201327959744,0.0
2020-12-18,-0.003517296952148704,0.012464765254229349,0.10822230091989443,0.07380154574835376,0.0
2020-12-21,-0.003913928486909485,0.012919625012466823,0.1073414444661028,0.07017978759293822,0.0
2020-12-22,-0.0020752446917703606,-0.001994101701522182,0.05858309229481039,0.06927289299942291,0.0
2020-12-23,0.0007455332718186887,-0.0030197940500265572,0.05746194495274055,0.08274578726649279,0.0
