Date,return_1d,momentum_5d,gk_vol_5d,gk_vol_20d,future_gk_vol_5d,high_vol
2010-01-11,0.0017452316285846302,0.012272236912918217,7.661831893,7.061430047,10.35516059,0.0
2010-01-12,-0.00942544643894456,-0.00026404149278606154,8.449730008,7.24115325,11.92886432,1.0
2010-01-13,0.008291456333360418,0.007482042952750944,10.08127404,7.77140495,13.19987692,1.0
2010-01-14,0.002423486421414183,0.005912311019510883,9.414069661,7.731065703,14.48387919,1.0
2010-01-15,-0.010882126301208588,-0.007847398356793918,10.36317966,8.018519802,14.0807461,1.0
2010-01-19,0.012422151207737096,0.002829521222358548,10.35516059,8.106545818,15.03656954,1.0
2010-01-20,-0.010654386601861304,0.0016005810594418041,11.92886432,8.670617846,14.98749875,1.0
2010-01-21,-0.019126657272987804,-0.02581753254690642,13.19987692,9.333009235,15.32804615,1.0
2010-01-22,-0.02238977963010898,-0.05063079859842959,14.48387919,9.829737353,17.21314705,1.0
2010-01-25,0.004587559053796009,-0.03516111324342498,14.0807461,10.0193178,16.96693255,1.0
2010-01-26,-0.004212057847785588,-0.05179532229894767,15.03656954,10.48312481,16.72329382,1.0
2010-01-27,0.004868282868611808,-0.036272652828474555,14.98749875,10.99682195,15.50670269,1.0
2010-01-28,-0.011888125534279259,-0.029034121089766014,15.32804615,11.81656627,14.98376391,1.0
2010-01-29,-0.009877799049982582,-0.016522140509639613,17.21314705,12.83364988,15.51636075,1.0
2010-02-01,0.014165305546369656,-0.006944394017065966,16.96693255,12.8334077,16.24901113,1.0
2010-02-02,0.0128895204452028,0.01015718427592242,16.72329382,12.95858787,17.25520162,1.0
2010-02-03,-0.005489350382538535,-0.00020044897522792336,15.50670269,13.02669076,18.16279646,1.0
2010-02-04,-0.031635856049806906,-0.01994817949075557,14.98376391,13.5584938,18.20486817,1.0
2010-02-05,0.0028929303608266027,-0.0071774500799463865,15.51636075,14.45213951,16.16818398,1.0
2010-02-08,-0.008902803100374192,-0.030245558726690235,16.24901113,14.64214863,15.58980075,1.0
2010-02-09,0.01295584177358637,-0.030179237398306663,17.25520162,15.0892206,13.59721757,1.0
2010-02-10,-0.0022350694280074235,-0.02692495644377555,18.16279646,15.3074159,12.36717709,1.0
2010-02-11,0.009633882335101287,0.01434478194113264,18.20486817,15.53315933,10.77745449,0.0
2010-02-12,-0.0027483661199411307,0.008703485460364906,16.16818398,15.87641972,8.662790048,0.0
2010-02-16,0.017840653536261433,0.03544694209700053,15.58980075,15.75766846,9.352180274,0.0
2010-02-17,0.004229004596710374,0.026720104920124534,13.59721757,15.71936138,9.575955457,0.0
2010-02-18,0.006563157733795463,0.03551833208192742,12.36717709,15.39413193,11.99022498,1.0
2010-02-19,0.0021842348635910053,0.028068684610417144,10.77745449,15.0584937,11.70778138,1.0
2010-02-22,-0.0010464051249203224,0.029770645605437948,8.662790048,14.77755043,11.58855324,1.0
2010-02-23,-0.0121766449451987,-0.0002466528760221836,9.352180274,14.85271294,10.68564606,0.0
2010-02-24,0.009673519697189884,0.005197862224457327,9.575955457,14.61158605,10.96807908,0.0
2010-02-25,-0.0020832085528651543,-0.00344850406220329,11.99022498,14.72292063,7.835885325,0.0
2010-02-26,0.0014043925568579447,-0.004228346368936351,11.70778138,14.22283442,7.319455731,0.0
2010-03-01,0.010107257423603737,0.006925316179587708,11.58855324,13.33703605,7.110465057,0.0
2010-03-02,0.0023277310028862693,0.021429692127672678,10.68564606,13.31088425,7.836117445,0.0
2010-03-03,0.00042910952140039855,0.012185281951883191,10.96807908,13.17786013,7.289929011,0.0
2010-03-04,0.00372915607957138,0.017997646584319724,7.835885325,13.11488504,8.019944252,0.0
2010-03-05,0.013910282801603982,0.03050353682906576,7.319455731,12.63148178,7.749621325,0.0
2010-03-08,-0.00017561143217653642,0.02022066797328549,7.110465057,11.4160784,8.599951705,0.0
2010-03-09,0.0017112720239721047,0.019604208994371326,7.836117445,11.24825466,7.818962359,0.0
2010-03-10,0.00451435490421295,0.023689454377183877,7.289929011,10.60689719,8.081276923,0.0
2010-03-11,0.00403337431350597,0.02399367261111847,8.019944252,10.27658952,7.386568058,0.0
2010-03-12,-0.0002173695700926971,0.009866020239421788,7.749621325,9.576752231,8.77819706,0.0
2010-03-15,0.00045209262343589776,0.010493724295034222,8.599951705,9.1358686,9.572803977,0.0
2010-03-16,0.007749014983159959,0.016531467254222075,7.818962359,9.002599856,9.877547373,0.0
2010-03-17,0.005804795332563638,0.017821907682572764,8.081276923,9.089111388,9.505109932,0.0
2010-03-18,-0.00032589912668909416,0.013462634242377699,7.386568058,9.000659522,11.20937206,0.0
2010-03-19,-0.005099426451612706,0.00858057736085769,8.77819706,9.052070915,11.17730863,0.0
2010-03-22,0.005082359099180065,0.013210843836601857,9.572803977,9.3601686,9.89650902,0.0
2010-03-23,0.0071453777848001715,0.01260720663824207,9.877547373,9.141798003,9.957044836,0.0
2010-03-24,-0.0055084478872883084,0.0012939634183901242,9.505109932,9.070501298,10.35981627,0.0
2010-03-25,-0.0017056210833286789,-8.575853824946043e-05,11.20937206,8.745456166,8.854083871,0.0
2010-03-26,0.0007374506159884132,0.005751118529351659,11.17730863,8.882849132,7.275513685,0.0
2010-03-29,0.005667146312798056,0.00633590574296965,9.89650902,8.861395903,7.819309059,0.0
2010-03-30,4.26584629303888e-05,-0.0007668135789001323,9.957044836,8.933778497,8.35097821,0.0
2010-03-31,-0.00327824231803275,0.0014633919903554258,10.35981627,8.889924209,9.29355255,0.0
2010-04-01,0.007386454005524301,0.010555467079208406,8.854083871,8.985067008,8.665705141,0.0
2010-04-05,0.007896729443087884,0.017714745906307876,7.275513685,8.873819668,8.625822588,0.0
2010-04-06,0.001682878875349027,0.013730478468858847,7.819309059,9.009442689,8.942305696,0.0
2010-04-07,-0.005894042967262019,0.007793777038666439,8.35097821,9.049636642,7.870913213,0.0
2010-04-08,0.0033686614308549275,0.014440680787554117,9.29355255,9.345454293,6.04261765,0.0
2010-04-09,0.00666166829683167,0.013715895078861486,8.665705141,9.133737685,9.299211532,0.0
2010-04-12,0.0017650508571401095,0.007584216492913711,8.625822588,9.073682916,10.77588431,0.0
2010-04-13,0.0006851660398368415,0.006586503657401525,8.942305696,9.092385442,10.20860908,0.0
2010-04-14,0.011088363099908616,0.02356890972457216,7.870913213,9.06088842,11.17737031,0.0
2010-04-15,0.0008421839911768203,0.021042432284894056,6.04261765,8.952042436,13.70790911,1.0
2010-04-16,-0.016257982418547083,-0.0018772184304847,9.299211532,9.560525663,12.18738717,1.0
2010-04-19,0.004511140739529798,0.0008688714519049894,10.77588431,9.596741968,11.20325427,0.0
2010-04-20,0.008026045737071379,0.008209751149139527,10.20860908,9.263679282,13.48795558,1.0
2010-04-21,-0.0010195164357019706,-0.0038981283864710607,11.17737031,9.430886235,13.46708162,1.0
2010-04-22,0.0022613206430901964,-0.0024789917345576845,13.70790911,10.22394142,11.58256778,1.0
2010-04-23,0.0070982676832182495,0.02087725836720765,12.18738717,9.855163467,12.16707031,1.0
2010-04-26,-0.004305704355093108,0.01206041327258474,11.20325427,9.604302468,12.69744277,1.0
2010-04-27,-0.023659640178701643,-0.01962527264318828,13.48795558,10.33497787,13.26049817,1.0
2010-04-28,0.006441958378180898,-0.012163797829305417,13.46708162,10.46405761,14.46028835,1.0
2010-04-29,0.012860180281289574,-0.0015649381911060373,11.58256778,10.54687152,46.56810898,1.0
2010-04-30,-0.016787810139866296,-0.025451016014190583,12.16707031,10.7021001,49.50729424,1.0
2010-05-03,0.01303525745326214,-0.008110054205835335,12.69744277,10.92316869,50.5270471,1.0
2010-05-04,-0.024127199957418213,-0.008577613984551905,13.26049817,11.63986993,50.75067368,1.0
2010-05-05,-0.006608341800780098,-0.021627914163512903,14.46028835,12.01402418,50.35277525,1.0
2010-05-06,-0.032888440643963665,-0.06737653508876615,46.56810898,25.13545628,24.2800029,1.0
2010-05-07,-0.015426646180907493,-0.06601537112980733,49.50729424,26.6177456,20.01405765,1.0
2010-05-10,0.04303470414561544,-0.036015924437454036,50.5270471,27.18381931,20.61249708,1.0
2010-05-11,-0.003403075918466228,-0.015291800398502049,50.75067368,27.55726917,21.76514119,1.0
2010-05-12,0.013645992401824483,0.004962533804102533,50.35277525,27.61701382,23.86338657,1.0
2010-05-13,-0.01221949988922511,0.025631474558841086,24.2800029,27.74963947,24.41684174,1.0
2010-05-14,-0.018978981387949807,0.022079139351798775,20.01405765,28.05398676,25.83840794,1.0
2010-05-17,0.0011087536210084368,-0.019846811172808232,20.61249708,28.56831936,23.72487118,1.0
2010-05-18,-0.01429763178499772,-0.030741367039339725,21.76514119,29.18526172,26.02927512,1.0
2010-05-19,-0.005143468860015588,-0.04953082830117979,23.86338657,29.56063861,26.3737249,1.0
2010-05-20,-0.03975579583776626,-0.07706712424972095,24.41684174,29.53153125,26.07320441,1.0
2010-05-21,0.014912632585704338,-0.043175510276066795,25.83840794,30.27868727,22.94962145,1.0
2010-05-24,-0.012992046323687721,-0.057276310220762953,23.72487118,30.42183463,23.91019317,1.0
2010-05-25,0.00035387476465256084,-0.042624803671112675,26.02927512,31.2358617,18.75823743,1.0
2010-05-26,-0.005677078693651669,-0.043158413504748756,26.3737249,31.66045048,16.06769396,1.0
2010-05-27,0.032347311768677056,0.028944694101694562,26.07320441,31.75728839,18.39742124,1.0
2010-05-28,-0.012451892345405802,0.0015801691705844226,22.94962145,31.80347126,19.05109943,1.0
2010-06-01,-0.017314353324598773,-0.002742137830326629,23.91019317,32.06409352,18.81878667,1.0
2010-06-02,0.02551442810834267,0.02241841551336348,18.75823743,31.9325339,21.22877281,1.0
2010-06-03,0.004043191983442443,0.032138686190457594,16.06769396,31.85360007,21.52935662,1.0
2010-06-04,-0.035017442089831104,-0.035226067668050566,18.39742124,23.47327096,19.35940184,1.0
2010-06-07,-0.013624466165715648,-0.03639864148836042,19.05109943,22.12360359,19.1773885,1.0
2010-06-08,0.01091626764351899,-0.008168020520242647,18.81878667,21.87229193,17.81538813,1.0
2010-06-09,-0.005959396741888012,-0.03964184537047333,21.22877281,22.10077375,14.312075,1.0
2010-06-10,0.02907984566617691,-0.014605191687738862,21.52935662,22.28631065,13.5289209,1.0
2010-06-11,0.00437011574261751,0.02478236614470975,19.35940184,22.30048036,12.4979751,1.0
2010-06-14,-0.0018062939317567235,0.036600538378668675,19.1773885,21.93755381,13.92732802,1.0
2010-06-15,0.02322245059850045,0.048906721333650136,17.81538813,21.24912725,15.2206629,1.0
2010-06-16,-0.0005560893540954269,0.05431002872144272,14.312075,20.52371141,15.68724373,1.0
2010-06-17,0.001282185812389404,0.026512368867655213,13.5289209,20.00180649,15.74033124,1.0
2010-06-18,0.0013162641384549061,0.023458517263492608,12.4979751,19.68033865,17.1005627,1.0
2010-06-21,-0.003864297943398893,0.02140051325185044,13.92732802,19.04843963,14.96381018,1.0
2010-06-22,-0.01620122508698942,-0.01802316243363943,15.2206629,19.20221799,17.20733569,1.0
2010-06-23,-0.00298993926106872,-0.020457012340612722,15.68724373,17.70209997,18.14800908,1.0
2010-06-24,-0.016946283204951274,-0.0386854813579534,15.74033124,16.97405162,20.59825822,1.0
2010-06-25,0.002855281931545411,-0.0371464635648629,17.1005627,17.04318173,20.89120453,1.0
2010-06-28,-0.0020360096106544403,-0.03531817523211844,14.96381018,16.94552079,23.52324814,1.0
2010-06-29,-0.03150823034220891,-0.05062518048733793,17.20733569,17.31542496,21.78491662,1.0
2010-06-30,-0.01016445397333528,-0.0577996951996045,18.14800908,17.54234972,20.68651694,1.0
2010-07-01,-0.0032457133092441124,-0.044099125303897334,20.59825822,18.15620532,17.73445664,1.0
2010-07-02,-0.004673271754301508,-0.05162767898974425,20.89120453,17.74723565,16.46977656,1.0
2010-07-06,0.005344725887457727,-0.044246943491632086,23.52324814,18.2961848,12.97755734,1.0
2010-07-07,0.030850023008263838,0.018111309858840664,21.78491662,18.16405535,11.62424889,1.0
2010-07-08,0.00936865495165787,0.037644418783833816,20.68651694,17.3796384,13.33528823,1.0
2010-07-09,0.007178063766629461,0.04806819585970739,17.73445664,17.09962662,15.05539258,1.0
2010-07-12,0.0007326336059528174,0.05347410121996172,16.46977656,17.00238655,15.54735945,1.0
2010-07-13,0.015261822735573064,0.06339119806807705,12.97755734,16.87932373,17.4517742,1.0
2010-07-14,-0.00015514366479341991,0.03238603139501979,11.62424889,16.86317538,18.74422683,1.0
2010-07-15,0.0011953885564136067,0.024212764999775527,13.33528823,17.18430785,18.47058406,1.0
2010-07-16,-0.02924290970075012,-0.012208208467604051,15.05539258,17.41566872,17.75350941,1.0
2010-07-19,0.005964069587908596,-0.0069767724856482725,15.54735945,17.61991485,17.08609836,1.0
2010-07-20,0.011351874168992774,-0.010886721052228562,17.4517742,17.67936817,14.58415617,1.0
2010-07-21,-0.012902699582286207,-0.023634276969721348,18.74422683,17.72811464,12.58430723,1.0
2010-07-22,0.022263687822425646,-0.00256597770370931,18.47058406,17.86249286,14.25553524,1.0
2010-07-23,0.00818642018434479,0.0348633521813856,17.75350941,17.89309319,15.46903933,1.0
2010-07-26,0.01113790871672976,0.04003719131020676,17.08609836,17.61640648,15.82382196,1.0
2010-07-27,-0.0010499083075197902,0.027635408833694197,14.58415617,17.5998738,15.43043359,1.0
2010-07-28,-0.006946032638280118,0.033592075777700285,12.58430723,16.72884173,15.1297051,1.0
2010-07-29,-0.004167292220516642,0.007161095734757999,14.25553524,16.95689134,11.60718136,1.0
2010-07-30,6.349719619899018e-05,-0.0009618272533877997,15.46903933,16.55033287,10.78647405,0.0
2010-08-02,0.021783528781166763,0.009683792811049202,15.82382196,16.24270624,9.999074645,0.0
2010-08-03,-0.004807894641330393,0.005925806477238598,15.43043359,15.19685255,11.75684257,1.0
2010-08-04,0.006032878060028029,0.018904717175546745,15.1297051,14.77956331,13.14314717,1.0
2010-08-05,-0.0012693298432147424,0.021802679552848647,11.60718136,14.63676306,13.48357612,1.0
2010-08-06,-0.0037109155663972966,0.018028266790252358,10.78647405,14.97907826,11.76320082,1.0
2010-08-09,0.005468087107405527,0.0017128251164911235,9.999074645,14.86632081,12.89918749,1.0
2010-08-10,-0.005985281603927613,0.0005354381538939038,11.75684257,14.94643488,13.15899216,1.0
2010-08-11,-0.028583405997961563,-0.034080845904095686,13.14314717,15.0943791,13.0048489,1.0
2010-08-12,-0.005393266400071399,-0.038204782460952345,13.48357612,14.67068714,14.29227425,1.0
2010-08-13,-0.004031690712189038,-0.03852555760674409,11.76320082,14.22321334,14.92883862,1.0
2010-08-16,0.00012045128871151444,-0.0438731934254381,12.89918749,14.21881351,15.03102251,1.0
2010-08-17,0.012118489601347648,-0.02576942222016284,13.15899216,13.80378856,14.48229223,1.0
2010-08-18,0.0014816804859392602,0.004295664263737986,13.0048489,13.50130713,15.8357616,1.0
2010-08-19,-0.01708043585689712,-0.007391505193087736,14.29227425,13.45383656,15.47342943,1.0
2010-08-20,-0.003669753922919338,-0.007029568403818036,14.92883862,13.38732905,17.92536222,1.0
2010-08-23,-0.0040484907945532,-0.011198510487082751,15.03102251,13.62622023,17.35251995,1.0
2010-08-24,-0.014618768361991257,-0.03793576845042165,14.48229223,13.77695078,17.53944675,1.0
2010-08-25,0.003283944691638116,-0.0361335042447228,15.8357616,14.331327,16.89373915,1.0
2010-08-26,-0.007714466580892417,-0.026767534968718098,15.47342943,13.78613076,15.66505299,1.0
2010-08-27,0.016450710403283032,-0.006647070642515726,17.92536222,14.13249579,11.96247533,1.0
2010-08-30,-0.014828611113085734,-0.01742719096104826,17.35251995,14.08378605,11.43413106,1.0
2010-08-31,0.00039071808849260096,-0.0024177045105644025,17.53944675,14.39402135,10.10704813,0.0
2010-09-01,0.029077736386750194,0.023376087184547676,16.89373915,14.81585452,7.587642424,0.0
2010-09-02,0.00903985298673457,0.04013040675217466,15.66505299,14.75548061,7.635934938,0.0
2010-09-03,0.013132393793160998,0.036812090142052625,11.96247533,14.36717216,7.809071695,0.0
2010-09-07,-0.011537491412768315,0.04010320984237005,11.43413106,14.35418038,8.998109485,0.0
2010-09-08,0.0064180594909031665,0.04613055124478061,10.10704813,14.07729091,9.292073208,0.0
2010-09-09,0.0048206520589967215,0.021873466917027143,7.587642424,13.81003422,8.881419193,0.0
2010-09-10,0.004851545040690317,0.017685158970982887,7.635934938,13.66928591,9.455068631,0.0
2010-09-13,0.01106912660314444,0.015621891780966329,7.809071695,13.67727358,10.23060389,0.0
2010-09-14,-0.0007133739296067345,0.026446009264127907,8.998109485,13.58994954,10.248725,0.0
2010-09-15,0.003534883802268771,0.023562833575493512,9.292073208,13.28405084,10.47873333,0.0
2010-09-16,-0.0003644100558466401,0.018377771460650155,8.881419193,12.96747559,11.6013786,1.0
2010-09-17,0.0008265141149324639,0.0143527405348923,9.455068631,12.57504204,11.4907475,1.0
2010-09-20,0.015095287889557545,0.018378901821305405,10.23060389,12.55056058,10.56463658,0.0
2010-09-21,-0.0025673131207138568,0.016524962630198283,10.248725,12.42831083,11.93459072,1.0
2010-09-22,-0.004837172794451643,0.00815290603347787,10.47873333,12.3078338,11.27160429,1.0
2010-09-23,-0.008366240177841381,0.00015107591148312907,11.6013786,11.79451496,13.3455481,1.0
2010-09-24,0.020972915547808245,0.02029747734435891,11.4907475,11.45793381,13.65069482,1.0
2010-09-27,-0.005683553181933576,-0.00048136372713220976,10.56463658,10.25133185,14.96055707,1.0
2010-09-28,0.004838660735848585,0.006924610129430232,11.93459072,10.71419791,14.05797529,1.0
2010-09-29,-0.002591112883144724,0.009170670040737152,11.27160429,10.31198286,13.970599,1.0
2010-09-30,-0.00308848670645526,0.014448423512123273,13.3455481,10.5965509,11.78393176,1.0
2010-10-01,0.004406714359894576,-0.0021177776757903962,13.65069482,10.79449596,11.74917541,1.0
2010-10-04,-0.008067386519721716,-0.004501611013578537,14.96055707,11.19237096,10.15654341,0.0
2010-10-05,0.02064672250716406,0.011306450757736938,14.05797529,11.4680367,10.94301276,0.0
2010-10-06,-0.0006722304595956211,0.01322533318128604,13.970599,11.38390505,11.58711012,1.0
2010-10-07,-0.0016478755817934904,0.01466594430594781,11.78393176,11.51560131,11.47751374,1.0
2010-10-08,0.006103613171284074,0.01636284311733731,11.74917541,11.68139753,12.14656239,1.0
2010-10-11,0.00014582627318711122,0.024576055910246135,10.15654341,11.65386678,12.34979318,1.0
2010-10-12,0.0038114836641496563,0.007740817067231731,10.94301276,11.88325521,12.10556154,1.0
2010-10-13,0.007095785561559261,0.015508833088386614,11.58711012,11.89844184,12.30492509,1.0
2010-10-14,-0.003648032184403023,0.013508676485777082,11.47751374,12.07569883,13.70820924,1.0
2010-10-15,0.002025432873275127,0.009430496187768134,12.14656239,12.28780745,12.41594594,1.0
2010-10-18,0.007217634690706231,0.016502304605287253,12.34979318,12.15630063,12.83931674,1.0
2010-10-19,-0.016004644029054833,-0.0033138230879172365,12.10556154,12.3121411,11.7015677,1.0
2010-10-20,0.010469082613678416,5.947396420191882e-05,12.30492509,12.32780396,11.59721742,1.0
2010-10-21,0.0017723369527991779,0.005479843101404119,13.70820924,12.61559574,10.04104331,0.0
2010-10-22,0.0023864087842906394,0.005840819012419632,12.41594594,12.51078818,10.16689095,0.0
2010-10-25,0.00214467014688162,0.0007678544685950218,12.83931674,12.69191759,11.83346831,1.0
2010-10-26,1.6885142218022246e-05,0.01678938363986788,11.7015677,12.25609547,11.43181326,1.0
2010-10-27,-0.0026942096392165637,0.003626091386972898,11.59721742,12.40307815,11.8599378,1.0
2010-10-28,0.0011242172367564925,0.0029779716709302127,10.04104331,11.82509958,11.55281838,1.0
2010-10-29,-0.00043938381356833266,0.00015217907307124042,10.16689095,11.6522904,11.50664825,1.0
2010-11-01,0.0009460857172530168,-0.0010464053565573629,11.83346831,11.8379875,8.957244044,0.0
2010-11-02,0.007729336064693736,0.006666045565918351,11.43181326,11.55321589,10.73153517,0.0
2010-11-03,0.003671306443685746,0.013031561648820661,11.8599378,11.84088129,10.50128306,0.0
2010-11-04,0.019099304409664532,0.031006648821728704,11.55281838,11.7679489,10.50063545,0.0
2010-11-05,0.003915079053611362,0.035361111688908396,11.50664825,11.59162755,11.84004711,1.0
2010-11-08,-0.0021232098228606586,0.03229181614879472,8.957244044,11.59341019,12.23442675,1.0
2010-11-09,-0.008084894540661062,0.01647758554343992,10.73153517,11.50351586,12.52333513,1.0
2010-11-10,0.004366533579725262,0.017172812679479437,10.50128306,11.58492235,11.62542305,1.0
2010-11-11,-0.004251149890857143,-0.0061776416210422395,10.50063545,11.53763959,11.8223761,1.0
2010-11-12,-0.011878766244753407,-0.021971486919407007,11.84004711,11.51207035,11.10463818,0.0
2010-11-15,-0.0012181773094550822,-0.021066454406001432,12.23442675,11.56278995,11.98023955,1.0
2010-11-16,-0.016338157414688127,-0.029319717280028496,12.52333513,11.6147838,10.92987368,0.0
2010-11-17,0.0002121403759877297,-0.03347411048376603,11.62542305,11.40812192,10.87471415,0.0
2010-11-18,0.015240583543647691,-0.013982377049261197,11.8223761,11.00365945,9.925346355,0.0
2010-11-19,0.0025371519119104955,0.0004335411074027065,11.10463818,11.17215658,11.50465149,1.0
2010-11-22,-0.001576608885061296,7.510953179649276e-05,11.98023955,11.32994407,11.22586878,1.0
2010-11-23,-0.014387031590549965,0.0020262353559346545,10.92987368,11.42528186,11.2757598,1.0
2010-11-24,0.01481271551861717,0.016626810498564095,10.87471415,11.22881271,11.28386051,1.0
2010-11-26,-0.007496591424233891,-0.006110364469317487,9.925346355,10.97738624,11.45541105,1.0
2010-11-29,-0.001379810265237083,-0.010027326646465065,11.50465149,11.49195006,9.129257025,0.0
2010-11-30,-0.006088715610163862,-0.014539433371567632,11.22586878,11.17429739,8.592613949,0.0
2010-12-01,0.021386622263129783,0.021234220482112116,11.2757598,11.38644663,7.852752114,0.0
2010-12-02,0.012737100160620848,0.019158605124115793,11.28386051,11.07939893,7.80970896,0.0
2010-12-03,0.0025998540163515035,0.029255050564701186,11.45541105,10.95183619,7.444602484,0.0
2010-12-06,-0.0012990821033003648,0.029335778726637902,9.129257025,10.94531914,7.568923647,0.0
2010-12-07,0.0005149475844580072,0.03593944192125978,8.592613949,11.10248263,6.835264363,0.0
2010-12-08,0.0036949257526148233,0.018247745410744812,7.852752114,10.7831412,6.712684838,0.0
2010-12-09,0.0038353835670092563,0.009346028817133221,7.80970896,10.50865038,7.076823674,0.0
2010-12-10,0.005983703744360294,0.012729878545142011,7.444602484,10.30691061,7.164121429,0.0
2010-12-13,4.8319150458452794e-05,0.014077279798900829,7.568923647,9.953666834,7.576956438,0.0
2010-12-14,0.0009105416846800492,0.014472873899122872,6.835264363,9.87547623,6.98180163,0.0
2010-12-15,-0.0051356170153353965,0.005642331131172651,6.712684838,9.398547111,6.131818763,0.0
2010-12-16,0.006166045704273937,0.007972993268437333,7.076823674,9.442694307,5.135596522,0.0
2010-12-17,0.0008364544598930705,0.00282574398397011,7.164121429,9.171773065,5.230529032,0.0
2010-12-20,0.0025451114605429463,0.005322536294054604,7.576956438,9.088443399,4.133878719,0.0
2010-12-21,0.0060119938497866,0.010423988459161156,6.98180163,8.592431805,4.008552013,0.0
2010-12-22,0.0033738576255426243,0.018933463100039176,6.131818763,8.238140173,4.265765766,0.0
2010-12-23,-0.0016456817776046477,0.011121735618160591,5.135596522,8.135921076,4.374769742,0.0
2010-12-27,0.0006125096248109704,0.01089779078307849,5.230529032,8.144501494,6.500269874,0.0
2010-12-28,0.0007710265951420123,0.009123705917677558,4.133878719,7.333675087,7.779403156,0.0
2010-12-29,0.0010086365106648648,0.0041203485785558215,4.008552013,6.80749397,8.654692889,0.0
2010-12-30,-0.0015093576964174303,-0.000762866743404233,4.265765766,6.374202154,8.963978442,0.0
2010-12-31,-0.00019080765268397786,0.0006920073815164368,4.374769742,6.256715378,10.59383176,0.0
2011-01-03,0.01125129414776139,0.011330791904466857,6.500269874,6.640005354,9.815484846,0.0
2011-01-04,-0.001313924652635054,0.00924584065668979,7.779403156,6.933738904,9.208289122,0.0
2011-01-05,0.004994676074308499,0.013231880220333427,8.654692889,6.82712588,8.654088091,0.0
2011-01-06,-0.002125214370637225,0.01261602354611363,8.963978442,6.730694729,8.465703514,0.0
2011-01-07,-0.001846485769081899,0.010960345429715709,10.59383176,7.208045274,6.710394291,0.0
2011-01-10,-0.0013772751808198854,-0.0016682238988655665,9.815484846,7.370215753,5.992027577,0.0
2011-01-11,0.003718206258407198,0.003363907012176685,9.208289122,7.413010929,6.798562703,0.0
2011-01-12,0.008967253798850817,0.007336484736719003,8.654088091,7.324803631,7.930581063,0.0
2011-01-13,-0.001712211240459357,0.007749487866896871,8.465703514,7.207929738,8.396834795,0.0
2011-01-14,0.007357410347301483,0.01695338398328025,6.710394291,7.119895099,8.24924726,0.0
2011-01-18,0.0013754642661832541,0.01970612343028339,5.992027577,7.103873585,8.854894768,0.0
2011-01-19,-0.010167165793385584,0.005820751378490611,6.798562703,7.221861085,8.12056385,0.0
2011-01-20,-0.0012957984038339024,-0.0044423008241941085,7.930581063,7.562399668,7.023477434,0.0
2011-01-21,0.0024106376042604427,-0.0003194519794743082,8.396834795,7.757651668,9.416005476,0.0
2011-01-24,0.005819315234595438,-0.001857547092180353,8.24924726,7.817406117,9.389700255,0.0
2011-01-25,0.00026342777361852736,-0.0029695835847450796,8.854894768,7.951584858,9.573528301,0.0
2011-01-26,0.004212024148480004,0.011409606357120508,8.12056385,8.023024898,9.395899974,0.0
2011-01-27,0.002241791060799816,0.014947195821754227,7.023477434,8.093520571,10.41656834,0.0
2011-01-28,-0.018013805424182846,-0.005477247206689063,9.416005476,8.820275494,8.216504014,0.0
2011-01-31,0.007633349932881147,-0.003663212508403353,9.389700255,8.852615633,8.547077837,0.0
2011-02-01,0.016555791837834375,0.012629151555812495,9.573528301,8.693528379,7.869052112,0.0
2011-02-02,-0.0027262302593629275,0.005690897147969563,9.395899974,8.444517999,8.49833251,0.0
2011-02-03,0.0023514322901266806,0.005800538377296428,10.41656834,8.596823366,7.869569089,0.0
2011-02-04,0.0028801110627525582,0.02669445486423183,8.216504014,8.636363064,8.350489952,0.0
2011-02-07,0.006220782345952654,0.025281887277303343,8.547077837,8.280979446,7.84564213,0.0
2011-02-08,0.004176020375839696,0.01290211581530866,7.869052112,8.183641932,7.626385251,0.0
2011-02-09,-0.002789653077800705,0.01283869299687088,8.49833251,8.256340046,6.983639322,0.0
2011-02-10,0.000749212207498601,0.0112364729142428,7.869569089,8.406223363,6.628140413,0.0
2011-02-11,0.00549226150188646,0.013848623353376704,8.350489952,8.608275297,5.373851294,0.0
2011-02-14,0.002382084644068833,0.010009925651492883,7.84564213,8.526769482,8.127018402,0.0
2011-02-15,-0.003240154691578971,0.0025937505840742158,7.626385251,8.51682656,10.2673884,0.0
2011-02-16,0.006237938698850808,0.01162134236072573,6.983639322,8.294868401,11.9917625,1.0
2011-02-17,0.0030709708803804935,0.013943101033607623,6.628140413,8.11936719,11.82690085,1.0
2011-02-18,0.0019228727220244875,0.010373712253745648,5.373851294,7.980931298,11.97689863,1.0
2011-02-22,-0.020742204920454525,-0.01275057731077771,8.127018402,8.497375168,12.03211704,1.0
2011-02-23,-0.006130715010508629,-0.01564113762970737,10.2673884,8.904429261,10.97888736,0.0
2011-02-24,-0.0009948719612429039,-0.02287394828980108,11.9917625,9.395187302,9.826438012,0.0
2011-02-25,0.010495248165324718,-0.015449671004856856,11.82690085,9.410670043,11.36331698,1.0
2011-02-28,0.005545679951233036,-0.011826863775648308,11.97689863,8.797243875,13.67736282,1.0
2011-03-01,-0.015864861791058633,-0.006949520646252415,12.03211704,9.292832031,13.58796317,1.0
2011-03-02,0.0016138978895201782,0.0007950922537763919,10.97888736,9.301061303,13.533655,1.0
2011-03-03,0.017072434579238578,0.018862398794257874,9.826438012,9.504658403,13.58077476,1.0
2011-03-04,-0.007405389789368721,0.0009617608395644352,11.36331698,9.680688502,13.07439297,1.0
2011-03-07,-0.008376215256269803,-0.012960134367938404,13.67736282,10.35767004,11.69611215,1.0
2011-03-08,0.008883161530176173,0.011787888953296402,13.58796317,10.68886234,14.58473781,1.0
2011-03-09,-0.0013626313929708095,0.008811359670805414,13.533655,10.80829314,17.1914788,1.0
2011-03-10,-0.019051280476330656,-0.02731235538476382,13.58077476,10.88083077,17.47158101,1.0
2011-03-11,0.007055564524569619,-0.012851401070825478,13.07439297,10.99855165,17.41345981,1.0
2011-03-14,-0.006067696956773771,-0.010542882771329445,11.69611215,11.13770254,17.12445648,1.0
2011-03-15,-0.011263544394845545,-0.03068958869635116,14.58473781,12.33052704,13.48049526,1.0
2011-03-16,-0.019687481949372254,-0.049014439252752603,17.1914788,13.27273515,10.94377424,0.0
2011-03-17,0.013309266231874258,-0.016653892544547695,17.47158101,13.50976349,10.421557,0.0
2011-03-18,0.0043009395825458095,-0.019408517486571502,17.41345981,13.63056208,9.76921588,0.0
2011-03-21,0.01487466793018228,0.0015338474003845463,17.12445648,13.78914794,9.177246927,0.0
2011-03-22,-0.0035568853410381704,0.009240506454191921,13.48049526,13.45216444,9.919501118,0.0
2011-03-23,0.002909742258502921,0.0318377306620671,10.94377424,13.40717088,8.31750438,0.0
2011-03-24,0.009297393435475379,0.02782585786566822,10.421557,13.18011116,7.326567282,0.0
2011-03-25,0.0031561510021889394,0.026681069285311353,9.76921588,13.21675911,7.256808313,0.0
2011-03-28,-0.002751618499391395,0.009054782855737676,9.177246927,13.24139498,7.116484237,0.0
2011-03-29,0.007035239607301627,0.019646907804077476,9.919501118,13.01410365,6.471796838,0.0
2011-03-30,0.006662462626235184,0.02339962817180974,8.31750438,12.91949917,6.498590247,0.0
2011-03-31,-0.001831177104975248,0.01227105763135911,7.326567282,12.76695955,7.811982851,0.0
2011-04-01,0.004950712944456072,0.014065619573626242,7.256808313,12.47264186,9.110775881,0.0
2011-04-04,0.0003451501808517552,0.01716238825386939,7.116484237,11.88394146,9.798251457,0.0
2011-04-05,-0.00018007145753026058,0.009947077189037503,6.471796838,11.56199579,10.12285224,0.0
2011-04-06,0.002181296758153027,0.005465911320955348,6.498590247,11.47525264,10.71077595,0.0
2011-04-07,-0.0015211626992252944,0.005775925726705301,7.811982851,11.49533229,11.09291452,0.0
2011-04-08,-0.004012483000974196,-0.0031872702187249677,9.110775881,11.55782923,9.991490504,0.0
2011-04-11,-0.00279728829140217,-0.006329708690978893,9.798251457,11.44682216,11.13337441,0.0
2011-04-12,-0.007807095445724583,-0.013956732679173215,10.12285224,10.3014143,10.68064884,0.0
2011-04-13,0.0001902174903101045,-0.01594781194701614,10.71077595,9.299186397,10.21313066,0.0
2011-04-14,8.36730908616908e-05,-0.014342976156929152,11.09291452,9.305472411,8.68017613,0.0
2011-04-15,0.003917728825568014,-0.006412764330386943,9.991490504,9.095809,8.41270428,0.0
2011-04-18,-0.011078997728577972,-0.014694473767562746,11.13337441,9.418385829,6.030385743,0.0
2011-04-19,0.005714810218094469,-0.001172568103743693,10.68064884,9.444959686,7.014794458,0.0
2011-04-20,0.013424435132347328,0.01206164953829353,10.21313066,9.089022412,6.414188392,0.0
2011-04-21,0.0052629084996557015,0.017240884947087542,8.68017613,8.847370717,6.593025402,0.0
2011-04-25,-0.0015939395500958124,0.011729216571423715,8.41270428,8.750299707,7.538981899,0.0
2011-04-26,0.008939507790192994,0.03174772209019468,6.030385743,8.760246251,7.925400501,0.0
2011-04-27,0.006230397799828821,0.03226330967192903,7.014794458,8.769833133,8.073317963,0.0
2011-04-28,0.0035491184714345463,0.022387993011016252,6.414188392,8.694858355,10.1493595,0.0
2011-04-29,0.002298019742020782,0.01942310425338133,6.593025402,8.701914592,12.27097128,1.0
2011-05-02,-0.001754249109045456,0.019262794694431686,7.538981899,8.809738376,12.03363047,1.0
2011-05-03,-0.0033850263710526606,0.006938260533186034,7.925400501,8.932178944,11.68210083,1.0
2011-05-04,-0.006878914252832363,-0.00617105151947515,8.073317963,9.095798499,12.04477751,1.0
2011-05-05,-0.009111217180694528,-0.018831387171604222,10.1493595,9.528641959,12.0662652,1.0
2011-05-06,0.003812642995876722,-0.017316763917748286,12.27097128,9.905086198,11.11001392,0.0
2011-05-09,0.004533870101931407,-0.011028644706771423,12.03363047,9.646864595,12.04849639,1.0
2011-05-10,0.00804161600966336,0.00039799767394459954,11.68210083,9.481574644,12.51134735,1.0
2011-05-11,-0.011173689687885626,-0.0038967777611086628,12.04477751,9.663575027,11.97610262,1.0
2011-05-12,0.004883493672167491,0.010097933091753357,12.0662652,9.925398037,10.78600454,0.0
2011-05-13,-0.008100047045425269,-0.001814756949548634,11.11001392,9.909876223,9.873297133,0.0
2011-05-16,-0.0062237186380957365,-0.012572345689575777,12.04849639,10.21744059,9.760166902,0.0
2011-05-17,-0.0003686285233300362,-0.020982590222569174,12.51134735,9.90180309,9.453787533,0.0
2011-05-18,0.008765271983703134,-0.0010436285509804136,11.97610262,10.0360538,9.99685778,0.0
2011-05-19,0.0021755725891674884,-0.003751549633980416,10.78600454,10.07576251,10.53451287,0.0
2011-05-20,-0.007717974612614023,-0.003369477201169171,9.873297133,10.18527277,10.4550334,0.0
2011-05-23,-0.011997264840988668,-0.009143023404062103,9.760166902,10.5127498,9.135211664,0.0
2011-05-24,-0.0008277226453314669,-0.009602117526063533,9.453787533,10.54977919,10.34442856,0.0
2011-05-25,0.0031781131566695725,-0.015189276353097095,9.99685778,10.64917048,10.1223479,0.0
2011-05-26,0.003945322767699228,-0.013419526174565356,10.53451287,10.90777371,9.529655682,0.0
2011-05-27,0.004072615318765918,-0.0016289362431854146,10.4550334,10.96356312,9.792243974,0.0
2011-05-31,0.01053701485636789,0.020905343454171145,9.135211664,10.82459558,10.50143461,0.0
2011-06-01,-0.023048225700640405,-0.001315159601137792,10.34442856,11.06104192,9.157803062,0.0
2011-06-02,-0.001225586114047521,-0.005718858871854887,10.1223479,11.07816311,9.218244056,0.0
2011-06-03,-0.00978149266519151,-0.019445674304745628,9.529655682,10.76711369,9.853420548,0.0
2011-06-06,-0.010818516013722313,-0.03433680563723386,9.792243974,10.32121808,10.2248834,0.0
2011-06-07,-0.0009568650426676839,-0.045830685536269435,10.50143461,10.41824535,10.8922679,0.0
2011-06-08,-0.0041956644216076975,-0.026978124257236724,9.157803062,10.44964677,12.34071777,1.0
2011-06-09,0.007350409328991669,-0.018402128814197533,9.218244056,10.37788695,13.01397032,1.0
2011-06-10,-0.014078482881846339,-0.022699119030852363,9.853420548,10.18845044,12.88495482,1.0
2011-06-13,0.0006685325595012269,-0.011212070457628821,10.2248834,10.08992074,12.8748357,1.0
2011-06-14,0.012532913485107313,0.0022777080701461734,10.8922679,10.09498117,12.36721492,1.0
2011-06-15,-0.01758556950725801,-0.011112197015504137,12.34071777,10.39879768,11.0054904,0.0
2011-06-16,0.0017527979756827483,-0.01670980836881306,13.01397032,10.68572107,13.05039722,1.0
2011-06-17,0.003040390291799793,0.0004090648048330741,12.88495482,10.78079607,12.82139278,1.0
2011-06-20,0.005380689090158733,0.00512122133549058,12.8748357,10.90304316,13.23009712,1.0
2011-06-21,0.0133341790614636,0.0059224869118468665,12.36721492,10.7856586,12.76682058,1.0
2011-06-22,-0.006489459844407726,0.017018596574697148,11.0054904,10.77365645,12.63842326,1.0
2011-06-23,-0.002831992858193941,0.01243380574082046,13.05039722,11.47948433,8.958432578,0.0
2011-06-24,-0.011795077176858442,-0.0024016617278377755,12.82139278,11.38325972,9.870147687,0.0
2011-06-27,0.009142536655730837,0.0013601858377343288,13.23009712,11.63220902,8.491727169,0.0
2011-06-28,0.012861292735996777,0.0008872995122675073,12.76682058,11.67113256,8.752630604,0.0
2011-06-29,0.008248633534913173,0.015625392891588406,12.63842326,11.36891852,9.303553479,0.0
2011-06-30,0.010068371595162745,0.028525757344945092,8.958432578,11.23505484,10.86231806,0.0
2011-07-01,0.014306869106082431,0.054627703627885965,9.870147687,11.45556508,11.14425597,0.0
2011-07-05,-0.0013370725450782008,0.04414809442707693,8.491727169,11.37381351,11.94958938,1.0
2011-07-06,0.0010010578196052824,0.032287859510685434,8.752630604,11.30475293,13.07129623,1.0
2011-07-07,0.010399582892092554,0.03443880886786481,9.303553479,11.39846463,14.28624114,1.0
2011-07-08,-0.006985458106936123,0.017384979165765944,10.86231806,11.59654861,13.07964641,1.0
2011-07-11,-0.018256166936573934,-0.015178056876890418,11.14425597,11.74760007,13.34953773,1.0
2011-07-12,-0.004443369829837216,-0.018284354161649433,11.94958938,11.78663418,13.22135482,1.0
2011-07-13,0.0031010271091221173,-0.0161843848721326,13.07129623,11.86809842,11.75602028,1.0
2011-07-14,-0.006738782369334765,-0.03332275013355992,14.28624114,11.95306817,10.66874065,0.0
2011-07-15,0.005539055540283086,-0.02079823648634071,13.07964641,11.6150063,10.79136502,0.0
2011-07-18,-0.008163117539368405,-0.01070518708913518,13.34953773,11.87657913,9.393069379,0.0
2011-07-19,0.01617714964684356,0.009915332387545595,13.22135482,11.88214848,8.676759901,0.0
2011-07-20,-0.0006710584073998067,0.006143246871023671,11.75602028,11.71177877,10.24644209,0.0
2011-07-21,0.013455262786265243,0.02633729202662368,10.66874065,11.87649531,10.91939731,0.0
2011-07-22,0.0009074395131127662,0.021705675999453358,10.79136502,11.02014266,13.05810705,1.0
2011-07-25,-0.005658995223243947,0.02420979831557782,9.393069379,11.045974,17.69700593,1.0
2011-07-26,-0.00411342006232854,0.003919228606405717,8.676759901,10.7818424,18.50038823,1.0
2011-07-27,-0.02051772480729147,-0.015927437793485946,10.24644209,11.07543358,20.53964505,1.0
2011-07-28,-0.0032392071555055867,-0.03262190773525678,10.91939731,11.44233431,22.92846362,1.0
2011-07-29,-0.006471427287173138,-0.040000774535542676,13.05810705,12.00036273,30.35513127,1.0
2011-08-01,-0.004140860866230743,-0.038482640178529474,17.69700593,13.26478769,32.06169465,1.0
2011-08-02,-0.025888909190623945,-0.060258129306824885,18.50038823,13.55680122,39.92426378,1.0
2011-08-03,0.0050031459527175165,-0.03473725854681589,20.53964505,14.45622178,40.61601457,1.0
2011-08-04,-0.0490016550437416,-0.08049970643505192,22.92846362,15.51504427,43.84229414,1.0
2011-08-05,-0.0005750829892724604,-0.07460336213715124,30.35513127,18.57066816,38.99804448,1.0
2011-08-08,-0.06895836939262512,-0.1394208706635456,32.06169465,20.04729528,35.74422042,1.0
2011-08-09,0.04631744106338802,-0.06721452040953364,39.92426378,23.37895201,27.55218452,1.0
2011-08-10,-0.04515679702747437,-0.11737446338972553,40.61601457,24.05582698,26.3456707,1.0
2011-08-11,0.04525059436377155,-0.02312221398221239,43.84229414,25.88878359,24.07436982,1.0
2011-08-12,0.005247875067275939,-0.017299255925663982,38.99804448,26.12110826,26.25232758,1.0
2011-08-15,0.021550727976033655,0.07320984144299479,35.74422042,26.01449273,28.02246317,1.0
2011-08-16,-0.009786275177620173,0.0171061252019866,27.55218452,26.31834074,28.03292691,1.0
2011-08-17,0.0009469381398126654,0.06320986036927363,26.3456707,26.78909106,27.19028306,1.0
2011-08-18,-0.04561859893236344,-0.02765933292686136,24.07436982,28.04759223,24.98681114,1.0
2011-08-19,-0.015122756128207963,-0.04802996412234527,26.25232758,28.73143022,28.44629818,1.0
2011-08-22,0.0002580078732242726,-0.06932268422515464,28.02246317,29.1720929,27.02382607,1.0
2011-08-23,0.03371024838647402,-0.025826160661060457,28.03292691,29.50075874,27.37643059,1.0
2011-08-24,0.013034651368546804,-0.01373844743232632,27.19028306,29.60128171,27.66734907,1.0
2011-08-25,-0.01568793473796148,0.016192216762075638,24.98681114,30.21496819,25.68774521,1.0
2011-08-26,0.015008418274915636,0.046323391165199235,28.44629818,31.38733045,19.59615995,1.0
2011-08-29,0.027887505012164332,0.07395288830413929,27.02382607,30.90771414,23.55184946,1.0
2011-08-30,0.0023442750237692416,0.04258691494143452,27.37643059,31.17845271,22.21861809,1.0
2011-08-31,0.004909908712070555,0.034462172284958265,27.66734907,31.01833612,21.87550228,1.0
2011-09-01,-0.011942460792303735,0.03820764623061601,25.68774521,30.76492736,22.62639814,1.0
2011-09-02,-0.025607017291752767,-0.0024077893360523878,19.59615995,29.16861987,23.73027409,1.0
2011-09-06,-0.007464076457609708,-0.03775937080582643,23.55184946,28.93045335,20.05411735,1.0
2011-09-07,0.028243824959147193,-0.011859820870448477,22.21861809,26.40124904,24.84633161,1.0
2011-09-08,-0.01066889038730246,-0.02743861996982149,21.87550228,25.8719233,23.92384611,1.0
2011-09-09,-0.027068562510962152,-0.04256472168847991,22.62639814,24.37073122,22.16742364,1.0
2011-09-12,0.0069415681820229275,-0.010016136214704215,23.73027409,24.72605901,21.82233534,1.0
2011-09-13,0.009078726180354301,0.0065266664232597965,20.05411735,24.86163135,22.08935614,1.0
2011-09-14,0.013389760518230381,-0.008327398017657016,24.84633161,25.72120296,18.15429187,1.0
2011-09-15,0.01704104671810514,0.019382539087750582,23.92384611,25.27687535,25.18571599,1.0
2011-09-16,0.00569047556193546,0.0521415771606482,22.16742364,23.91416708,25.93818615,1.0
2011-09-19,-0.009850948688080358,0.03534906029054491,21.82233534,23.62488938,25.94360152,1.0
2011-09-20,-0.0016623864527241425,0.024607947657466465,22.08935614,23.31889827,28.044093,1.0
2011-09-21,-0.02983099508714744,-0.018612807947911356,18.15429187,23.39900879,28.67583283,1.0
2011-09-22,-0.032402456759229786,-0.06805631142524628,25.18571599,24.75222468,27.24303484,1.0
2011-09-23,0.006063588829469748,-0.06768319815771198,25.93818615,24.16608325,26.51351341,1.0
2011-09-26,0.02306802129696945,-0.034764228172662184,25.94360152,22.89334059,27.51676328,1.0
2011-09-27,0.010631665357294654,-0.02247017636264339,28.044093,23.61815003,31.79671322,1.0
2011-09-28,-0.02090819585269548,-0.013547377128191429,28.67583283,23.78491584,31.62046116,1.0
2011-09-29,0.008081486435358656,0.026936566066397015,27.24303484,24.63428124,29.63466202,1.0
2011-09-30,-0.02529127447886567,-0.004418297241938405,26.51351341,24.38803219,30.24566858,1.0
2011-10-03,-0.02886360290378494,-0.056349921442692796,27.51676328,24.84744931,28.34625034,1.0
2011-10-04,0.02223930613115467,-0.044742280668832776,31.79671322,25.92107927,19.93597944,1.0
2011-10-05,0.017707918945510777,-0.006126165870626522,31.62046116,26.31100274,18.95048242,1.0
2011-10-06,0.018138168466480482,0.003930516160495305,29.63466202,26.58508437,17.07613047,1.0
2011-10-07,-0.00819681118762265,0.02102497945173832,30.24566858,26.37210189,15.26239099,1.0
2011-10-10,0.033555643919288364,0.08344422627481163,28.34625034,26.02867145,14.81252693,1.0
2011-10-11,0.0005438556372526529,0.061748775780909614,19.93597944,25.89828689,20.41271812,1.0
2011-10-12,0.009747046937638061,0.053787903773036896,18.95048242,25.05422145,20.00655328,1.0
2011-10-13,-0.0029781023951361333,0.03267163291142028,17.07613047,25.23049079,20.82277792,1.0
2011-10-14,0.017230948802478146,0.05809939290152108,15.26239099,25.11720994,21.10778599,1.0
2011-10-17,-0.01955993759944958,0.004983811382783133,14.81252693,24.7647107,20.62311524,1.0
2011-10-18,0.02021304938031121,0.02465300512584169,20.41271812,25.55202761,15.67134788,1.0
2011-10-19,-0.012729818787026607,0.002176139401177021,20.00655328,25.40442831,16.19709112,1.0
2011-10-20,0.004543839821084399,0.009698081617397554,20.82277792,24.21558616,18.76721647,1.0
2011-10-21,0.01863406749243458,0.011101200307353988,21.10778599,23.95958091,18.50454593,1.0
2011-10-24,0.012790806680371788,0.043451944587175356,20.62311524,23.48087523,18.90377288,1.0
2011-10-25,-0.020248346199382077,0.002990549007482069,15.67134788,22.75271661,19.68619342,1.0
2011-10-26,0.01048143054408723,0.026201798338595907,16.19709112,22.48100466,18.58317263,1.0
2011-10-27,0.03371659116813434,0.05537454968564584,18.76721647,22.11110535,15.41727034,1.0
2011-10-28,0.00038915352854135727,0.037129635721752624,18.50454593,21.99828343,17.17130129,1.0
2011-10-31,-0.025048616612977612,-0.0007097875715967768,18.90377288,21.24609596,17.98893172,1.0
2011-11-01,-0.02834005962159464,-0.00880150099380934,19.68619342,19.02143326,17.461163,1.0
2011-11-02,0.015976363304397206,-0.003306568233499365,18.58317263,18.48690769,19.40035414,1.0
2011-11-03,0.018607607200930413,-0.018415552200703286,15.41727034,18.13203622,18.84128904,1.0
2011-11-04,-0.0062998195371895644,-0.025104525266434214,17.17130129,18.1366412,18.11345134,1.0
2011-11-07,0.006276008211166596,0.006220099557709995,17.98893172,18.20493154,17.10837828,1.0
2011-11-08,0.011667310321725162,0.046227469501029794,17.461163,18.40318335,17.27745672,1.0
2011-11-09,-0.037385347098988095,-0.007134240902355503,19.40035414,18.60319852,14.86357545,1.0
2011-11-10,0.008587201099481741,-0.017154647003804174,18.84128904,18.56396302,16.09434819,1.0
2011-11-11,0.019293223004513554,0.008438395537898945,18.11345134,18.78102471,15.4470537,1.0
2011-11-14,-0.009596036687554769,-0.00743364936082242,17.10837828,18.70136214,18.10422492,1.0
2011-11-15,0.00480559827730043,-0.014295361405247151,17.27745672,17.58223592,17.48649295,1.0
2011-11-16,-0.016755798341954984,0.0063341873517859595,14.86357545,17.35640863,17.15139827,1.0
2011-11-17,-0.016942671987706433,-0.019195685735402215,16.09434819,17.34879574,15.75233904,1.0
2011-11-18,-0.0003947564904724282,-0.0388836652303882,15.4470537,17.34921032,18.27356279,1.0
2011-11-21,-0.01882457110494877,-0.0481121996477822,18.10422492,18.03755707,15.47636131,1.0
2011-11-22,-0.004149438857005794,-0.05706723678208842,17.48649295,18.00504354,17.2936331,1.0
2011-11-23,-0.02234297045859626,-0.0626544088987297,17.15139827,17.58411487,17.11552914,1.0
2011-11-25,-0.0026891193002505226,-0.04840085621127378,15.75233904,16.58199797,17.39910577,1.0
2011-11-28,0.028821079038609924,-0.01918502068219144,18.27356279,17.28789513,15.90809673,1.0
2011-11-29,0.0022112069693969918,0.0018507573921543261,15.47636131,17.20159143,15.99517964,1.0
2011-11-30,0.04240343833622763,0.04840363458538775,17.2936331,17.37994466,15.44153351,1.0
2011-12-01,-0.0019104695778526483,0.06883613546613136,17.11552914,17.20763941,16.44435567,1.0
2011-12-02,-0.00024101537332728125,0.0712842393930546,17.39910577,17.06522255,16.18901007,1.0
2011-12-05,0.010234463299265799,0.05269762365371048,15.90809673,16.98307412,16.90301334,1.0
2011-12-06,0.0011051379065262915,0.05159155459083978,15.99517964,16.70196918,20.00223709,1.0
2011-12-07,0.0020163207826575202,0.011204437037269666,15.44153351,16.89525562,18.41176249,1.0
2011-12-08,-0.021368498950929855,-0.008253592335807542,16.44435567,16.41991557,17.78836711,1.0
2011-12-09,0.016742412907085384,0.008729835944605125,16.18901007,16.37053113,17.89914289,1.0
2011-12-12,-0.01502638690477899,-0.016531014259439664,16.90301334,16.66818802,17.12346225,1.0
2011-12-13,-0.008723953020305214,-0.026360105186271167,20.00223709,17.48725235,14.76596068,1.0
2011-12-14,-0.01141325149713759,-0.03978967746606628,18.41176249,17.19215764,15.45917248,1.0
2011-12-15,0.003237852858081692,-0.015183325657054733,17.78836711,17.13151072,14.72611931,1.0
2011-12-16,0.003210989101900451,-0.028714749462239668,17.89914289,16.83247182,13.39527272,1.0
2011-12-19,-0.011802198458557732,-0.02549056101601841,17.12346225,17.07275211,11.35783706,1.0
2011-12-20,0.029389295930944068,0.012622687935230872,14.76596068,16.68447343,8.893085928,0.0
2011-12-21,0.001947608164854339,0.025983547597222798,15.45917248,16.6994739,6.843320128,0.0
2011-12-22,0.008231577169829831,0.030977271908970937,14.72611931,16.55779851,6.508213113,0.0
2011-12-23,0.008994480783105519,0.03676076359017601,13.39527272,16.31430029,10.12718731,0.0
2011-12-27,7.910481903918606e-05,0.04864206686777293,11.35783706,15.49994213,10.61963524,0.0
2011-12-28,-0.012556506256502386,0.006696264680326471,8.893085928,15.43580118,12.05287688,1.0
2011-12-29,0.010650172463280615,0.015398828978752747,6.843320128,14.69056669,12.12452814,1.0
2011-12-30,-0.004300570740064627,0.002866681068858289,6.508213113,14.54354037,12.28946525,1.0
2012-01-03,0.015355483670177897,0.009227683955930668,10.12718731,14.70082155,10.43310524,0.0
2012-01-04,0.00018790634443729306,0.009336485481328774,10.61963524,14.32394791,10.08019133,0.0
2012-01-05,0.002939392669493865,0.024832384407325023,12.05287688,14.51276939,8.384295184,0.0
2012-01-06,-0.0025401850025391333,0.011642026941505276,12.12452814,13.89077234,10.1570042,0.0
2012-01-09,0.0022590443626086362,0.01820164204417854,12.28946525,13.47843081,10.93070864,0.0
2012-01-10,0.0088465236130604,0.011692681987061042,10.43310524,13.33437527,10.80931677,0.0
2012-01-11,0.00030954934463217333,0.011814324987255922,10.08019133,12.61546999,10.44915346,0.0
2012-01-12,0.0023338827385691882,0.011208815056331246,8.384295184,11.32131639,9.845870244,0.0
2012-01-13,-0.004960204447869401,0.008788795611000978,10.1570042,11.5756853,8.761296553,0.0
2012-01-17,0.003546657768174128,0.01007640901656647,10.93070864,11.50789702,8.216431541,0.0
2012-01-18,0.011046689130222281,0.012276574533728352,10.80931677,11.26592504,9.766922765,0.0
2012-01-19,0.004926501717244016,0.016893526906340196,10.44915346,10.63687196,11.98140991,1.0
2012-01-20,0.0006692357932856269,0.015228879961056633,9.845870244,9.894397216,12.15692492,1.0
2012-01-23,0.0004712319220408503,0.020660316330966884,8.761296553,9.666440198,12.70539844,1.0
2012-01-24,-0.0010263438252235968,0.016087314737569157,8.216431541,9.751640024,13.38401513,1.0
2012-01-25,0.008641694717196025,0.013682320324542903,9.766922765,10.29130357,12.80275503,1.0
2012-01-26,-0.005770508287989055,0.0029853103193098317,11.98140991,10.8065478,10.98800757,0.0
2012-01-27,-0.0015941475452909452,0.0007219269807332595,12.15692492,10.72730431,11.14398291,0.0
2012-01-30,-0.0025253090863453726,-0.002274614027652963,12.70539844,11.04939346,9.716361143,0.0
2012-01-31,-0.0004570511280779364,-0.0017053213305073028,13.38401513,11.37049862,9.314542926,0.0
2012-02-01,0.008860237474265962,-0.0014867785734373664,12.80275503,11.01129341,8.041429419,0.0
2012-02-02,0.0010945478306671234,0.005378277545218812,10.98800757,10.89822875,8.322879014,0.0
2012-02-03,0.014499725948107648,0.021472151038617403,11.14398291,10.47874927,8.6770114,0.0
2012-02-06,-0.0004239640135311185,0.02357349611143166,9.716361143,10.43743114,8.663070716,0.0
2012-02-07,0.0020213375254701533,0.026051884764979747,9.314542926,10.64052054,8.128212467,0.0
2012-02-08,0.0021578809333250354,0.01934952822403882,8.041429419,10.49772872,9.045423927,0.0
2012-02-09,0.0014730251258786603,0.019728005519250358,8.322879014,10.52076063,9.352396787,0.0
2012-02-10,-0.006910122643616179,-0.001681843072473468,8.6770114,10.53815527,8.495508011,0.0
2012-02-13,0.006777023326497382,0.005519144267555033,8.663070716,10.09509701,8.859183066,0.0
2012-02-14,-0.0009399650039259267,0.002557841738158953,8.128212467,9.993374757,8.222082148,0.0
2012-02-15,-0.005397747536216691,-0.0049977867313827735,9.045423927,10.07208516,7.574830043,0.0
2012-02-16,0.010965365833276902,0.004494553976015468,9.352396787,10.25948506,6.505440164,0.0
2012-02-17,0.0023461758829402962,0.013750852502571943,8.495508011,10.24015822,8.842336089,0.0
2012-02-21,0.0007196637576957368,0.007693492933770298,8.859183066,10.11643146,8.362662595,0.0
2012-02-22,-0.0033456974121455286,0.005287760525550697,8.222082148,9.994536555,9.400202608,0.0
2012-02-23,0.00426290318060624,0.014948411242373626,7.574830043,9.588702566,8.906035654,0.0
2012-02-24,0.001670841175508428,0.0056538865846051545,6.505440164,8.941402335,9.09343626,0.0
2012-02-27,0.0013536425518792066,0.004661353253544064,8.842336089,9.351997726,7.414256329,0.0
2012-02-28,0.0033507134923147753,0.007292402988163103,8.362662595,8.914534738,9.164014539,0.0
2012-02-29,-0.004748242756953383,0.005889857643355248,9.400202608,8.786281804,8.349333252,0.0
2012-03-01,0.006139156544532941,0.007766111007281949,8.906035654,8.413973532,8.906973177,0.0
2012-03-02,-0.0032510350278581205,0.0028442348039154006,9.09343626,8.392689907,8.971686857,0.0
2012-03-05,-0.0038772005028211405,-0.0023866082507849463,7.414256329,8.375892305,8.585264804,0.0
2012-03-06,-0.015489506127544145,-0.021226827870643866,9.164014539,8.767086274,7.63100108,0.0
2012-03-07,0.006876921722994126,-0.009601663390696359,8.349333252,8.540281722,7.789322252,0.0
2012-03-08,0.009770049174722241,-0.005970770760507059,8.906973177,8.629156773,7.017110063,0.0
2012-03-09,0.0036246730207315234,0.0009049372880825871,8.971686857,8.558180669,6.587156081,0.0
2012-03-12,0.00016044778678812074,0.0049425855776918486,8.585264804,8.352223245,7.224565135,0.0
2012-03-13,0.017969133090434228,0.03840122479567022,7.63100108,8.523945539,7.152378094,0.0
2012-03-14,-0.0011969780885961415,0.030327324984079956,7.789322252,8.460959621,6.741665198,0.0
2012-03-15,0.0059494657015602215,0.026506741510917933,7.017110063,8.14354846,7.492403424,0.0
2012-03-16,0.0011187724767004654,0.02400084096688688,6.587156081,7.888173506,8.501126465,0.0
2012-03-19,0.003965971514071157,0.027806364694169913,7.224565135,8.047658317,8.306331811,0.0
2012-03-20,-0.003005028734390367,0.006832202869345318,7.152378094,8.113291225,7.54132545,0.0
2012-03-21,-0.0018729499037742287,0.0061562310541672305,6.741665198,8.127096123,9.041352926,0.0
2012-03-22,-0.007232634226897842,-0.007025868874290833,7.492403424,8.124462828,9.53479656,0.0
2012-03-23,0.0031040360075561585,-0.00504060534343514,8.501126465,8.349274287,9.030807488,0.0
2012-03-26,0.013790299964088289,0.004783723106581992,8.306331811,7.903598203,10.04651684,0.0
2012-03-27,-0.002820749754246321,0.004968002086726039,7.54132545,7.909479153,10.94924558,0.0
2012-03-28,-0.004953758683289016,0.001887193307211251,9.041352926,8.024665402,10.78287235,0.0
2012-03-29,-0.0016092239433873861,0.007510603590721706,9.53479656,8.300940599,10.04512055,0.0
2012-03-30,0.003691613621621361,0.008098181204786909,9.030807488,8.332262978,10.82850675,0.0
2012-04-02,0.007476626120982405,0.001784507361681024,10.04651684,8.599836653,10.84027312,0.0
2012-04-03,-0.003996611820141247,0.0006086452957860984,10.94924558,8.457929092,10.84908268,0.0
2012-04-04,-0.010254926852538038,-0.004692522873462925,10.78287235,8.719804897,10.19461105,0.0
2012-04-05,-0.0006292401524213991,-0.003712539082496937,10.04512055,8.619639422,10.2403981,0.0
2012-04-09,-0.011423437999542612,-0.01882759070366091,10.82850675,8.866676643,10.37692175,0.0
2012-04-10,-0.017229025277185804,-0.043533242101829114,10.84027312,9.214574209,10.11140639,0.0
2012-04-11,0.007421289800123757,-0.032115340481564114,10.84908268,9.295384279,9.068567182,0.0
2012-04-12,0.013685315235975748,-0.008175098393050327,10.19461105,9.319288372,10.82964203,0.0
2012-04-13,-0.012553467125056119,-0.020099325365685046,10.2403981,9.391733796,11.00620495,0.0
2012-04-16,-0.0005037272401734527,-0.009179614606315889,10.37692175,9.730900506,11.52245216,1.0
2012-04-17,0.015367979157954645,0.02341738982882456,10.11140639,9.870153358,10.74102436,0.0
2012-04-18,-0.004063533761746023,0.01193256626695478,9.068567182,9.704368526,11.17467683,0.0
2012-04-19,-0.005952075477202332,-0.007704824446223301,10.82964203,10.2375246,9.830287443,0.0
2012-04-20,0.0011685826213373295,0.006017225300170147,11.00620495,10.2203118,9.608548524,0.0
2012-04-23,-0.008443113102887432,-0.0019221605625438318,11.52245216,10.4792587,7.806387564,0.0
2012-04-24,0.003673019641628904,-0.013617120078869572,10.74102436,10.440955,9.860276201,0.0
2012-04-25,0.0135523428987414,0.00399875658161785,11.17467683,10.54396612,10.02255175,0.0
2012-04-26,0.006657952133507798,0.016608784192327978,9.830287443,10.41772682,9.783145951,0.0
2012-04-27,0.002411413929023093,0.017851615500013743,9.608548524,10.23756505,10.36259294,0.0
2012-04-30,-0.0038910622753696145,0.022403666327531564,7.806387564,10.23039166,10.61399855,0.0
2012-05-01,0.005642435719684134,0.02437308240558679,9.860276201,10.3964743,11.43116733,1.0
2012-05-02,-0.0024998055766587628,0.008320933930186628,10.02255175,10.31099476,12.89285769,1.0
2012-05-03,-0.0076883511035068415,-0.006025369306828011,9.783145951,10.16803492,12.94509034,1.0
2012-05-04,-0.016278995721590046,-0.024715778957441148,10.36259294,10.31636852,13.51881977,1.0
2012-05-07,0.000350519582897646,-0.02047419709917389,10.61399855,10.17403633,13.49332451,1.0
2012-05-08,-0.004287853134969311,-0.03040448595382734,11.43116733,10.55351573,12.36844334,1.0
2012-05-09,-0.006724827531781949,-0.03462950790895052,12.89285769,10.88335467,11.78950719,1.0
2012-05-10,0.0025142474063852525,-0.02442690939905843,12.94509034,10.92246545,12.03074307,1.0
2012-05-11,-0.0033930913342817433,-0.011541005011750127,13.51881977,11.22054558,12.60510442,1.0
2012-05-14,-0.011175073102338487,-0.02306659769698626,13.49332451,11.05026427,12.72553492,1.0
2012-05-15,-0.005762408276502476,-0.024541152838519424,12.36844334,11.13827442,13.4114136,1.0
2012-05-16,-0.0044135439289479245,-0.0222298692356854,11.78950719,11.51676175,15.17625071,1.0
2012-05-17,-0.015165797405604461,-0.03990991404767511,12.03074307,11.23230429,15.33863582,1.0
2012-05-18,-0.007415201826754865,-0.04393202454014823,12.60510442,11.63351497,14.05731334,1.0
2012-05-21,0.01590868439583931,-0.01684826704197044,12.72553492,11.37547468,14.08290833,1.0
2012-05-22,0.00048621879514186843,-0.010599639970326095,13.4114136,11.83998563,13.13378347,1.0
2012-05-23,0.001692270514548765,-0.004493825526829405,15.17625071,12.6094051,12.19570428,1.0
2012-05-24,0.0013790801585880884,0.012051052037363145,15.33863582,12.68165837,12.7896606,1.0
2012-05-25,-0.002167980702760717,0.01729827316135729,14.05731334,12.71454419,13.78428568,1.0
2012-05-29,0.01101805527882847,0.012407644044346453,14.08290833,12.79642838,13.95115167,1.0
2012-05-30,-0.014438629304797283,-0.002517204055592699,13.13378347,12.60964175,14.09304496,1.0
2012-05-31,-0.0022792610600432576,-0.006488735630184721,12.19570428,13.07929707,13.17549645,1.0
2012-06-01,-0.024951295414361523,-0.032819111203134334,12.7896606,13.33382269,12.92053671,1.0
2012-06-04,0.00010954819498779878,-0.03054158230538582,13.78428568,13.50242326,14.4575642,1.0
2012-06-05,0.005710514594359025,-0.03584912298985526,13.95115167,13.57361397,14.45727794,1.0
2012-06-06,0.022787776048048256,0.0013772823629902772,14.09304496,13.26607129,14.56617604,1.0
2012-06-07,-0.00010647016016737382,0.003550073262866161,13.17549645,13.14952447,14.32465513,1.0
2012-06-08,0.008081420799989608,0.03658278947721729,12.92053671,13.32786756,13.31501077,1.0
2012-06-11,-0.012700423815401067,0.023772817466828425,14.4575642,13.74340215,11.0363734,0.0
2012-06-12,0.011583389901239803,0.029645692773709202,14.45727794,13.81950672,11.42145146,1.0
2012-06-13,-0.007048030071104175,-0.00019011334544322828,14.56617604,13.81258198,11.40494663,1.0
2012-06-14,0.010756592649869777,0.010672949464593922,14.32465513,13.76447638,12.70226921,1.0
2012-06-15,0.010284745652146795,0.012876274316751108,13.31501077,13.62973723,12.83684668,1.0
2012-06-18,0.0014437039589353582,0.027020402091087532,11.0363734,13.40184027,13.55637332,1.0
2012-06-19,0.009767834417612748,0.025204846607460477,11.42145146,13.5316793,13.37046652,1.0
2012-06-20,-0.001687780512771723,0.030565096165792924,11.40494663,13.35436704,12.65400841,1.0
2012-06-21,-0.022513208183375856,-0.0027047046674527064,12.70226921,13.12318842,12.04851568,1.0
2012-06-22,0.00714898923450435,-0.00584046108509515,12.83684668,12.96716846,12.8871407,1.0
2012-06-25,-0.016083502390603004,-0.02336766743463351,13.55637332,13.27219358,11.62605497,1.0
2012-06-26,0.004761368161020215,-0.028374133691226044,13.37046652,13.34977946,10.96917322,0.0
2012-06-27,0.00894478141961743,-0.017741571758836894,12.65400841,13.23805251,10.92072221,0.0
2012-06-28,-0.0021120283457667526,0.0026596080787722113,12.04851568,13.08915414,10.2109053,0.0
2012-06-29,0.024614793734920246,0.02012541257918811,12.8871407,12.99127408,9.014556741,0.0
2012-07-02,0.002456292158706836,0.038665207128497955,11.62605497,12.7452257,11.95925993,1.0
2012-07-03,0.0062127715684242545,0.040116610535901986,10.96917322,12.6348187,12.36498947,1.0
2012-07-05,-0.004698041566321199,0.026473787549963358,10.92072221,12.46627846,13.15206647,1.0
2012-07-06,-0.009477418655581979,0.019108397240148133,10.2109053,12.4093987,12.6262958,1.0
2012-07-09,-0.00164017617051813,-0.0071465726652902425,9.014556741,12.13893296,12.65982592,1.0
2012-07-10,-0.00815912178959069,-0.017761986613587768,11.95925993,12.08062341,11.45054092,1.0
2012-07-11,-1.4923688990578574e-05,-0.023989681871002602,12.36498947,12.06684149,11.782826,1.0
2012-07-12,-0.004999574352459078,-0.02429121465714048,13.15206647,12.06685297,10.8055432,0.0
2012-07-13,0.016362759247573275,0.001548963246014775,12.6262958,11.93943368,10.16894983,0.0
2012-07-16,-0.0023169958916205513,0.0008721435249123537,12.65982592,11.96240417,12.89155831,1.0
2012-07-17,0.00738235580991176,0.016413621124414805,11.45054092,12.17660869,13.19487271,1.0
2012-07-18,0.006658275330085007,0.02308682014349039,11.782826,12.1533955,12.99702614,1.0
2012-07-19,0.002713415248511383,0.030799809744460848,10.8055432,11.92814653,13.93461704,1.0
2012-07-20,-0.010112620534169033,0.0043244299627185415,10.16894983,11.316583,15.19893717,1.0
2012-07-23,-0.008948979003707246,-0.0023075531493681528,12.89155831,11.97710416,13.142444,1.0
2012-07-24,-0.00908205019242412,-0.018771959151704033,13.19487271,12.0769264,11.05378542,0.0
2012-07-25,-0.0003139107221179555,-0.025744145203906995,12.99702614,12.05169493,10.78769417,0.0
2012-07-26,0.01640566286495112,-0.012051897587467261,13.93461704,12.27978361,11.34322567,1.0
2012-07-27,0.018900814490450273,0.016961537437152046,15.19893717,12.22805345,11.27080801,1.0
2012-07-30,-0.00048347644461061725,0.025427039996248676,13.142444,12.04626016,11.01659252,0.0
2012-07-31,-0.004326172766220222,0.03018291742245257,11.05378542,11.94183427,11.52956843,1.0
2012-08-01,-0.0029041929017454256,0.0275926352428251,10.78769417,12.0106722,11.15917022,0.0
2012-08-02,-0.007531963624136046,0.003655008753737937,11.34322567,12.37516603,9.13410679,0.0
2012-08-03,0.018861288185302486,0.003615482448590151,11.27080801,12.45862844,7.338261864,0.0
2012-08-06,0.002326560724057678,0.006425519617258447,11.01659252,12.45544673,7.37996465,0.0
2012-08-07,0.005093762742592908,0.015845455126071578,11.52956843,11.83571579,7.050298179,0.0
2012-08-08,0.000620633807453193,0.019370281835270193,11.15917022,11.71173666,6.750541543,0.0
2012-08-09,0.00041359999517301903,0.02731584545457926,9.13410679,11.43496821,7.199169169,0.0
2012-08-10,0.0021860506671047943,0.01064060793638157,7.338261864,11.35007084,6.335646328,0.0
2012-08-13,-0.0012526850781939547,0.007061362134129936,7.37996465,11.3439995,5.951219011,0.0
2012-08-14,-0.00012815461201997174,0.0018394447795170572,7.050298179,10.94221745,7.327604319,0.0
2012-08-15,0.0011389916294490677,0.002357802601512932,6.750541543,10.66998038,7.797991704,0.0
2012-08-16,0.007075420387505465,0.009019622993845379,7.199169169,10.70166184,7.525226969,0.0
2012-08-17,0.0018703837394767023,0.008703956066217286,6.335646328,10.63049041,8.821659766,0.0
2012-08-20,-2.1175053652821643e-05,0.009935466090758419,5.951219011,9.797576626,8.918729567,0.0
2012-08-21,-0.003503666814444632,0.006559953888333758,7.327604319,9.467280628,7.60797819,0.0
2012-08-22,0.00022637762345679676,0.0056473398823414876,7.797991704,9.317723854,7.310727102,0.0
2012-08-23,-0.008104999597722566,-0.009533080102886542,7.525226969,8.952063353,7.458402242,0.0
2012-08-24,0.006433988343262266,-0.00496947549910098,8.821659766,8.643542327,7.407991627,0.0
2012-08-27,-0.0004891344205224454,-0.005437434865970605,8.918729567,8.526281924,8.350677452,0.0
2012-08-28,-0.0008085090427962799,-0.0027422770943222523,7.60797819,8.576315786,8.288777282,0.0
2012-08-29,0.0008439929642994782,-0.002124661753479571,7.310727102,8.431374391,9.187458196,0.0
2012-08-30,-0.007836429729673381,-0.0018560918854303868,7.458402242,7.866332508,8.681670102,0.0
2012-08-31,0.005060469767645165,-0.0032296104610474883,7.407991627,7.52812265,7.594462846,0.0
2012-09-04,-0.0011666393226880797,-0.003907115363213122,8.350677452,7.732374101,6.622091539,0.0
2012-09-05,-0.0010682316532888013,-0.0041668379737056435,8.288777282,7.582638895,6.359801065,0.0
2012-09-06,0.020229536612006892,0.01521870567400177,9.187458196,7.814003529,8.036411054,0.0
2012-09-07,0.0040417949889430295,0.027096930392618183,8.681670102,7.737186785,9.216645979,0.0
2012-09-10,-0.006166805654652836,0.01586965497032018,7.594462846,7.591381648,9.322869852,0.0
2012-09-11,0.003130052101452872,0.020166346394461132,6.622091539,7.558879796,9.086516158,0.0
2012-09-12,0.002090505602596938,0.02332508365034687,6.359801065,7.428425398,9.21333601,0.0
2012-09-13,0.01617817215384428,0.019273719192184256,8.036411054,8.112470279,7.334628053,0.0
2012-09-14,0.003951135292808127,0.019183059496049353,9.216645979,8.254919197,6.205350634,0.0
2012-09-17,-0.0031295828602655195,0.022220282290436672,9.322869852,8.326040313,6.378078074,0.0
2012-09-18,-0.001280595132117327,0.01780963505686647,9.086516158,8.302024199,8.523028586,0.0
2012-09-19,0.0011848517443742584,0.016903981198643794,9.21333601,7.935959157,8.668805221,0.0
2012-09-20,-0.00054087999282134,0.00018492905197817482,7.334628053,8.003698991,8.733857855,0.0
2012-09-21,-7.532185571705149e-05,-0.003841528096547004,6.205350634,7.975777381,9.049910836,0.0
2012-09-24,-0.002235150069379947,-0.0029470953056614318,6.378078074,7.748386736,10.26180906,0.0
2012-09-25,-0.010557389418567714,-0.012223889592111818,8.523028586,8.197449335,9.468147817,0.0
2012-09-26,-0.005753253211740956,-0.019161994548227035,8.668805221,8.203423718,9.867843044,0.0
2012-09-27,0.009602727708234702,-0.009018386847170991,8.733857855,8.352699151,9.386559059,0.0
2012-09-28,-0.004487808236766832,-0.013430873228220772,9.049910836,8.377428327,9.97908649,0.0
2012-10-01,0.002647997667994667,-0.008547725490846158,10.26180906,8.523150434,8.533193758,0.0
2012-10-02,0.0008719067272658147,0.002881570654987371,9.468147817,8.495656414,7.748598568,0.0
2012-10-03,0.003617857293033645,0.012252681159761972,9.867843044,8.629240122,7.317185657,0.0
2012-10-04,0.007148821731697362,0.009798775183224633,9.386559059,8.407859943,7.854102571,0.0
2012-10-05,-0.0003216410840751239,0.01396494233591634,9.97908649,8.731208292,7.544955304,0.0
2012-10-08,-0.0034627238474289053,0.00785422082049277,8.533193758,8.742366714,8.004653594,0.0
2012-10-09,-0.009940182135141966,-0.002957868041915011,7.748598568,8.730598419,8.081941502,0.0
2012-10-10,-0.0062072555664811424,-0.012782980901429798,7.317185657,8.816876951,7.78831319,0.0
2012-10-11,0.00019537043698457742,-0.019736432196142583,7.854102571,8.364679609,7.717711462,0.0
2012-10-12,-0.002970544956016541,-0.022385336068084002,7.544955304,8.320393325,8.820046047,0.0
2012-10-15,0.008045470752666933,-0.010877141467988164,8.004653594,8.409436366,9.416176631,0.0
2012-10-16,0.010217555817170515,0.009280596484324317,8.081941502,8.480070719,11.24640602,1.0
2012-10-17,0.004108606125954804,0.019596458176760263,7.78831319,8.466426911,11.87681523,1.0
2012-10-18,-0.0024467198768949572,0.01695436786288073,7.717711462,8.450410662,12.59747701,1.0
2012-10-19,-0.01671014460003599,0.0032147682188612796,8.820046047,8.891043473,12.08479465,1.0
2012-10-22,0.0004394856785508615,-0.0043912168552547905,9.416176631,9.094764736,12.00997558,1.0
2012-10-23,-0.014549234970738009,-0.029158007643163314,11.24640602,9.239670308,10.40259195,0.0
2012-10-24,-0.0030901524835878326,-0.03635676625270595,11.87681523,9.38925043,11.35696591,1.0
2012-10-25,0.002991064948394708,-0.03091898142741628,12.59747701,9.592365655,10.66287353,0.0
2012-10-26,-0.0007292475686444066,-0.014938084396024703,12.08479465,9.751204949,10.4724108,0.0
2012-10-31,0.00015586755128053293,-0.01522170252329503,12.00997558,9.615011318,13.55051043,1.0
2012-11-01,0.010867212600985972,0.01019474504842895,10.40259195,9.487546123,14.80616517,1.0
2012-11-02,-0.009423718242892513,0.003861179289124269,11.35696591,9.801000497,14.9712279,1.0
2012-11-05,0.002161471345057592,0.003031585685787154,10.66287353,9.920222988,14.66920388,1.0
2012-11-06,0.00782250912272711,0.01158334237715867,10.4724108,9.87969145,15.25231093,1.0
2012-11-07,-0.023990484179204748,-0.01256300935332661,13.55051043,10.96123519,14.27819876,1.0
2012-11-08,-0.0122799333135091,-0.03571015526782168,14.80616517,11.39337387,13.43506938,1.0
2012-11-09,0.0016972512798215903,-0.02458918574510758,14.9712279,11.77746685,13.42078786,1.0
2012-11-12,0.00013047937654856286,-0.02662017771361661,14.66920388,11.69553239,13.92723612,1.0
2012-11-13,-0.003993383474745327,-0.038436070311089046,15.25231093,11.89684675,13.33150754,1.0
2012-11-14,-0.013948870444327605,-0.0283944565762119,14.27819876,12.45378646,10.64511992,0.0
2012-11-15,-0.001594815957016726,-0.017709339219719525,13.43506938,12.5938396,10.04376351,0.0
2012-11-16,0.004828274735175702,-0.014578315764365413,13.42078786,12.98359182,8.511935904,0.0
2012-11-19,0.01966737673954756,0.004958581598633584,13.92723612,13.05322515,7.803393358,0.0
2012-11-20,0.0006631664358276915,0.009615131509206601,13.33150754,12.90422152,10.43607397,0.0
2012-11-21,0.002317493660971613,0.02588149561450582,10.64511992,12.69883247,10.86231225,0.0
2012-11-23,0.012942202068968308,0.04041851364049086,10.04376351,12.33708557,10.73570002,0.0
2012-11-26,-0.0020316442693263446,0.03355859463598881,8.511935904,12.30537422,11.13891991,0.0
2012-11-27,-0.005240293685227754,0.008650924211213495,7.803393358,12.08038977,11.17829129,0.0
2012-11-28,0.007825330760125263,0.01581308853551107,10.43607397,12.53938904,9.688814058,0.0
2012-11-29,0.004260553566881813,0.017756148441421267,10.86231225,12.43776204,9.438893843,0.0
2012-11-30,0.0001624943340681183,0.004976440706521077,10.73570002,12.40822365,9.599774351,0.0
2012-12-03,-0.004756519166260062,0.0022515658095873595,11.13891991,12.25544574,8.438872891,0.0
2012-12-04,-0.0017112757910542108,0.0057805837037609034,11.17829129,12.19631699,9.113110461,0.0
2012-12-05,0.0015836076545869759,-0.0004611394017773839,9.688814058,12.38090101,7.868305057,0.0
2012-12-06,0.0033011358587093772,-0.0014205571099498195,9.438893843,11.44845058,8.813294737,0.0
2012-12-07,0.002916661999350491,0.0013336105553325532,9.599774351,11.05428873,8.471296984,0.0
2012-12-10,0.0003385032499758963,0.0064286329715685115,8.438872891,10.58135993,8.740752404,0.0
2012-12-11,0.006527531315292975,0.014667440077915699,9.113110461,10.75713522,8.108643475,0.0
2012-12-12,0.000448139333956705,0.013531971757285426,7.868305057,10.51693961,7.34073809,0.0
2012-12-13,-0.006341489977008348,0.003889345921567702,8.813294737,9.975912073,6.369310618,0.0
2012-12-14,-0.004143975679491531,-0.0031712917572743198,8.471296984,9.747448135,8.669276666,0.0
2012-12-17,0.011800688037811027,0.008290893030560811,8.740752404,9.275558175,8.277982278,0.0
2012-12-18,0.011421185666775555,0.013184547382043391,8.108643475,9.146666404,8.55179819,0.0
2012-12-19,-0.0076181455628212226,0.005118262485265464,7.34073809,8.924424601,11.17412207,0.0
2012-12-20,0.005473104693568626,0.01693285715584244,6.369310618,9.018381594,11.25343123,1.0
2012-12-21,-0.009422944450144789,0.011653888385189179,8.669276666,9.411829698,11.73364728,1.0
2012-12-24,-0.0024432789712663986,-0.0025900786238882453,8.277982278,9.222470596,13.06859735,1.0
2012-12-26,-0.0047989567899257195,-0.01881022108058952,8.55179819,9.312442344,12.84309423,1.0
2012-12-27,-0.0012191849162664064,-0.012411260434034704,11.17412207,9.145091335,10.58744219,0.0
2012-12-28,-0.011111445674961485,-0.028995810802564814,11.25343123,9.137487528,10.55446944,0.0
2012-12-31,0.01680002726988578,-0.002772839082534246,11.73364728,9.705067963,8.522892925,0.0
2013-01-02,0.025086115958697298,0.02475655584742945,13.06859735,9.835249812,6.518979921,0.0
2013-01-03,-0.002087795423524574,0.027467717213830595,12.84309423,9.834597133,5.919402396,0.0
2013-01-04,0.0048532999789810665,0.03354020210907807,10.58744219,9.390841235,5.774850773,0.0
2013-01-07,-0.003128003259122683,0.04152364452491687,10.55446944,9.437674786,5.310924251,0.0
2013-01-08,-0.0032476391807331087,0.02147597807429798,8.522892925,9.450362597,5.312603855,0.0
2013-01-09,0.00265234535868163,-0.0009577925257176862,6.518979921,9.463232521,5.244231357,0.0
2013-01-10,0.00756870010921085,0.008698703007017737,5.919402396,9.204180375,6.005478019,0.0
2013-01-11,-4.751511497752233e-05,0.0037978879130591485,5.774850773,9.002642298,6.543680697,0.0
2013-01-14,-0.0009311049049197806,0.005994786267262051,5.310924251,8.758004535,7.031975732,0.0
2013-01-15,0.001128033295304306,0.010370458743299466,5.312603855,8.855765071,6.533269863,0.0
2013-01-16,0.0001969725099562613,0.007915085894574098,5.244231357,8.793638168,7.544758314,0.0
2013-01-17,0.0056270605413545815,0.005973446326717829,6.005478019,8.791806025,6.846425996,0.0
2013-01-18,0.003397492378151099,0.009418453819846451,6.543680697,8.847649331,6.458304589,0.0
2013-01-22,0.00441833162771152,0.01476789035247775,7.031975732,8.883849654,6.296082946,0.0
2013-01-23,0.001506341924293118,0.015146198981466562,6.533269863,8.384890536,6.600621808,0.0
2013-01-24,6.61466154430249e-06,0.014955841133054605,7.544758314,8.627147216,5.43006565,0.0
2013-01-25,0.005430708661868184,0.014759489253568207,6.846425996,8.410168092,6.112325382,0.0
2013-01-28,-0.0018513342747921247,0.009510662600624983,6.458304589,7.582418624,6.557152063,0.0
2013-01-29,0.005093003781205059,0.010185334754118522,6.296082946,7.56128436,7.377375559,0.0
2013-01-30,-0.003907244671751714,0.0047717481580736906,6.600621808,6.839504494,7.310587614,0.0
2013-01-31,-0.002566591958392015,0.0021985415381373724,5.43006565,6.253160256,8.47561865,0.0
2013-02-01,0.010002513224009682,0.00677034610027887,6.112325382,6.231756603,8.016926593,0.0
2013-02-04,-0.0116058327096515,-0.002984152334580506,6.557152063,6.34181756,7.499218959,0.0
2013-02-05,0.010362632222059643,0.0022854761062740796,7.377375559,6.552116637,6.325297548,0.0
2013-02-06,0.0005490198591339299,0.006741740637159723,7.310587614,6.479202774,6.44742193,0.0
2013-02-07,-0.001807031055856767,0.007501301539694971,8.47561865,6.814452748,5.242067878,0.0
2013-02-08,0.0056419945850431485,0.0031407829007284362,8.016926593,6.792844557,6.020131004,0.0
2013-02-11,-0.0006063012476382776,0.014140314362741659,7.499218959,6.777978744,6.067888091,0.0
2013-02-12,0.0015940011376042063,0.0053716832782862226,6.325297548,6.773558931,6.593894413,0.0
2013-02-13,0.0005920877747906565,0.005414751193942948,6.44742193,6.731748736,7.179547368,0.0
2013-02-14,0.000690433265053607,0.007912215514853322,5.242067878,6.814036581,6.829151664,0.0
2013-02-15,-0.001045627796013619,0.001224593133796555,6.020131004,6.79608637,11.4725924,1.0
2013-02-19,0.007309694441361245,0.009140588822796078,6.067888091,6.666398807,11.99655084,1.0
2013-02-20,-0.012481711430005843,-0.004935123744813971,6.593894413,6.662491336,13.15200244,1.0
2013-02-21,-0.00632300546566533,-0.011850216985269958,7.179547368,6.894346406,13.02725003,1.0
2013-02-22,0.008734213386774423,-0.0038064368635491418,6.829151664,6.622656426,14.26876494,1.0
2013-02-25,-0.01847927558477439,-0.02124008465230991,11.4725924,8.208136013,11.04972389,0.0
2013-02-26,0.006090876862567387,-0.022458902231103767,11.99655084,8.366167372,11.19266099,0.0
2013-02-27,0.012645699119019574,0.0026685083179216473,13.15200244,8.816031857,9.507410251,0.0
2013-02-28,-0.0008644534614572404,0.008127060322129736,13.02725003,8.891977908,8.853098628,0.0
2013-03-01,0.002321159449526721,0.0017140063848820344,14.26876494,9.348132868,6.7729358,0.0
2013-03-04,0.004600126548349631,0.02479340851800605,11.04972389,9.410497645,6.125620902,0.0
2013-03-05,0.009520551872499975,0.02822308352793864,11.19266099,9.516438974,5.073198926,0.0
2013-03-06,0.0010839250554146814,0.01666130946433375,9.507410251,9.312019791,5.215816863,0.0
2013-03-07,0.0018148436172064244,0.019340606542997414,8.853098628,9.235823576,5.269517252,0.0
2013-03-08,0.00447112871295497,0.021490575806425664,6.7729358,8.994260674,5.302027507,0.0
2013-03-11,0.0032438188658736856,0.02013426812394972,6.125620902,9.048231639,6.460902171,0.0
2013-03-12,-0.002406145396801988,0.008207570854647754,5.073198926,9.10699601,8.476323797,0.0
2013-03-13,0.0013131891571707575,0.00843683495640383,5.215816863,9.138520214,8.648117826,0.0
2013-03-14,0.005587352158971998,0.012209343498169404,5.269517252,9.04710328,9.146299521,0.0
2013-03-15,-0.0016197737499887566,0.006118441035225678,5.302027507,9.003042824,9.078720165,0.0
2013-03-18,-0.005525570335024047,-0.002650948165672055,6.460902171,9.123914493,9.885032001,0.0
2013-03-19,-0.0024254697268762293,-0.002670272495746296,8.476323797,9.575728491,8.047855427,0.0
2013-03-20,0.006675163815817943,0.0026917021629008896,8.648117826,9.557205465,8.430344092,0.0
2013-03-21,-0.008316923756005078,-0.011212573752076186,9.146299521,9.48036399,8.120236489,0.0
2013-03-22,0.007148643803299891,-0.002444156198787539,9.078720165,9.486898436,8.515645273,0.0
2013-03-25,-0.003345629300947282,-0.0002642151647107736,9.885032001,8.646917717,6.762917794,0.0
2013-03-26,0.007754963194634991,0.009916217756800447,8.047855427,8.479814997,8.319454368,0.0
2013-03-27,-0.0005885230525645966,0.002652530888417908,8.430344092,8.115667543,7.793149611,0.0
2013-03-28,0.004048463396191122,0.01501791804061411,8.120236489,7.995908375,9.859897375,0.0
2013-04-01,-0.004483616865356026,0.0033856573719581937,8.515645273,7.565109538,10.00584518,0.0
2013-04-02,0.005158933898853431,0.011890220571758906,6.762917794,7.461859739,10.33820716,0.0
2013-04-03,-0.010602133218841155,-0.006466875841717241,8.319454368,7.608658068,9.662511446,0.0
2013-04-04,0.004040279012737101,-0.001838073776415543,7.793149611,7.645236586,9.80200379,0.0
2013-04-05,-0.004304145168907639,-0.010190682341514304,9.859897375,8.285204039,8.419625499,0.0
2013-04-08,0.006282958765270947,0.0005758932891126688,10.00584518,8.413795334,9.36367259,0.0
2013-04-09,0.003538065806577469,-0.0010449748031632934,10.33820716,8.545067275,9.353819379,0.0
2013-04-10,0.012115443329548888,0.021672601745226748,9.662511446,8.648605242,11.55830453,1.0
2013-04-11,0.0035459561795765683,0.021178278912066216,9.80200379,8.698751385,12.28097392,1.0
2013-04-12,-0.0028407983185492532,0.022641625762424605,8.419625499,8.91208036,12.15031166,1.0
2013-04-15,-0.02323412455036433,-0.006875457553210673,9.36367259,9.256547363,12.01948016,1.0
2013-04-16,0.014205840828064486,0.0037923174682763447,9.353819379,9.189986113,11.75548666,1.0
2013-04-17,-0.014431313685984552,-0.022754439547257095,11.55830453,9.499208242,9.147340172,0.0
2013-04-18,-0.0067235559695443025,-0.033023951696377965,12.28097392,9.730178328,8.518971583,0.0
2013-04-19,0.008808989051054724,-0.021374164326773987,12.15031166,9.768264736,8.073518007,0.0
2013-04-22,0.004650798215427389,0.006510758439017727,12.01948016,10.05956535,6.929113948,0.0
2013-04-23,0.01036531280555277,0.002670230416506011,11.75548666,9.724980564,7.109594398,0.0
2013-04-24,6.340170072840042e-06,0.017107884272563403,9.147340172,9.744815085,7.392799612,0.0
2013-04-25,0.004026614564991384,0.02785805480709909,8.518971583,9.74945712,6.805728381,0.0
2013-04-26,-0.0018438118015177635,0.0172052539545266,8.073518007,9.758578741,7.839963471,0.0
2013-04-29,0.00716031536940742,0.019714771108506633,6.929113948,9.750331093,7.275356875,0.0
2013-04-30,0.00248181741858196,0.011831275721535821,7.109594398,9.786601342,6.690313178,0.0
2013-05-01,-0.009351472649564404,0.0024734629018985776,7.392799612,9.556226364,6.462000442,0.0
2013-05-02,0.009364003810320709,0.007810852147227903,6.805728381,9.562850183,6.696013153,0.0
2013-05-03,0.01047956394817034,0.020134227896916004,7.839963471,9.289333765,5.418582429,0.0
2013-05-06,0.001905961128483939,0.014879873655992526,7.275356875,9.125372671,5.93530136,0.0
2013-05-07,0.005216639159837863,0.017614695397248428,6.690313178,8.958125172,6.343204794,0.0
2013-05-08,0.004130538866696586,0.031096706913509416,6.462000442,8.855495067,6.904195156,0.0
2013-05-09,-0.00369391802877331,0.018038785074415396,6.696013153,8.867774922,6.759645138,0.0
2013-05-10,0.004312343771584845,0.011871564897829904,5.418582429,8.712603359,6.654294267,0.0
2013-05-13,4.288844886953105e-05,0.010008492218215497,5.93530136,8.376143854,6.649916711,0.0
2013-05-14,0.010091066969150287,0.01488292002752792,6.343204794,8.272459376,7.028088784,0.0
2013-05-15,0.005101103490210887,0.01585348465104222,6.904195156,7.545738512,12.59928022,1.0
2013-05-16,-0.005022331985410747,0.014525070694404785,6.759645138,7.235679135,13.71423152,1.0
2013-05-17,0.010247411986562578,0.020460138909382516,6.654294267,7.076146338,14.1079215,1.0
2013-05-20,-0.0007078684047072334,0.019709382055805753,6.649916711,6.715516217,15.19952518,1.0
2013-05-21,0.001720904683002348,0.011339219769657814,7.028088784,6.79957539,15.45536031,1.0
2013-05-22,-0.008308074265778554,-0.0020699579863316265,12.59928022,8.700872206,11.41963076,1.0
2013-05-23,-0.0029281151046060853,2.4258894473034795e-05,13.71423152,9.012872455,11.58511509,1.0
2013-05-24,-0.0005515174989888943,-0.010774670591078438,14.1079215,9.139736648,11.98659671,1.0
2013-05-28,0.006320962109160131,-0.003745840077211073,15.19952518,9.531599784,12.16874092,1.0
2013-05-29,-0.007072936243165862,-0.012539681003379283,15.45536031,9.659952534,12.01471995,1.0
2013-05-30,0.003663625114313425,-0.0005679816232873037,11.41963076,9.72850437,13.24782269,1.0
2013-05-31,-0.014410576921857085,-0.012050443440538303,11.58511509,10.15904071,11.99176572,1.0
2013-06-03,0.005918439859741687,-0.005580486081807721,11.98659671,10.20236023,11.27228245,1.0
2013-06-04,-0.005526048005605536,-0.01742749619657339,12.16874092,10.70692551,9.977945265,0.0
2013-06-05,-0.013875554543922225,-0.024230114497329754,12.01471995,10.87257946,11.37749676,1.0
2013-06-06,0.008454454144230643,-0.019439285467412533,13.24782269,11.3172716,11.58801408,1.0
2013-06-07,0.01274991452694569,0.00772120598139024,11.99176572,11.31139122,12.06117641,1.0
2013-06-10,-0.0003468736036370341,0.001455892518011519,11.27228245,11.33640081,12.53904127,1.0
2013-06-11,-0.01020526418482108,-0.0032233236612040257,9.977945265,11.43333509,12.21760215,1.0
2013-06-12,-0.008404776908050976,0.0022474539746672236,11.37749676,11.85393524,10.75784694,0.0
2013-06-13,0.014676069097359318,0.008469068927795899,11.58801408,12.23659169,11.15756734,0.0
2013-06-14,-0.005902401062457968,-0.010183246661607758,12.06117641,12.36496522,12.21678207,1.0
2013-06-17,0.007538875562714677,-0.002297497495256048,12.53904127,12.52002254,13.94660584,1.0
2013-06-18,0.0077609634287832945,0.01566873011834833,12.21760215,12.52929582,14.33249085,1.0
2013-06-19,-0.013948301328481997,0.010125205697917309,10.75784694,12.53395749,14.26491466,1.0
2013-06-20,-0.02532842439229829,-0.029879287791740303,11.15756734,11.88156294,12.60956255,1.0
2013-06-21,0.002666219053525561,-0.021310667675756772,12.21678207,11.96598384,11.52713367,1.0
2013-06-24,-0.01221936895962692,-0.04106891219809837,13.94660584,12.47475674,9.690171667,0.0
2013-06-25,0.009452456559302368,-0.03937741906757929,14.33249085,12.27118315,10.22176967,0.0
2013-06-26,0.009544789666190033,-0.015884328072907263,14.26491466,12.17600087,10.58941709,0.0
2013-06-27,0.006180691300296602,0.015624787619687629,12.60956255,12.17866221,10.64586166,0.0
2013-06-28,-0.004298788980467904,0.008659779585694163,11.52713367,11.95197679,10.02843891,0.0
2013-07-01,0.005389199609389811,0.02626834815471089,9.690171667,11.96556673,8.888427668,0.0
2013-07-02,-0.0005450566900508968,0.016270834905357627,10.22176967,11.8187781,7.641812888,0.0
2013-07-03,0.0008237078945754475,0.007549753133743042,10.58941709,11.84063182,7.116380251,0.0
2013-07-05,0.010150045703225963,0.011519107536672403,10.64586166,11.52289913,6.190757351,0.0
2013-07-08,0.00523780521383603,0.021055701730976338,10.02843891,11.49093271,5.835408033,0.0
2013-07-09,0.007203661934863007,0.022870164056449534,8.888427668,11.45249911,6.275024718,0.0
2013-07-10,0.00018157596462801376,0.023596796711128448,7.641812888,11.37510413,5.753052552,0.0
2013-07-11,0.013463212765353812,0.03623630158190681,7.116380251,10.97722282,5.442671957,0.0
2013-07-12,0.0030817302206288433,0.02916798609930969,6.190757351,10.43015129,5.384340618,0.0
2013-07-15,0.0013739351515561534,0.02530411603702981,5.835408033,10.20718067,5.463603377,0.0
2013-07-16,-0.0037156554177069927,0.014384798684459812,6.275024718,10.08448465,4.87549922,0.0
2013-07-17,0.0027702066483981415,0.01697342936822994,5.753052552,10.01748205,5.965072266,0.0
2013-07-18,0.0050203417120067255,0.008530558314882853,5.442671957,9.948480921,6.020404384,0.0
2013-07-19,0.0016087555796456545,0.007057583673899665,5.384340618,9.214825538,7.400981142,0.0
2013-07-22,0.0020309625424268186,0.00771461106477033,5.463603377,8.621881268,7.499332079,0.0
2013-07-23,-0.0018536538683364202,0.009576612614140903,4.87549922,7.681959405,7.909001599,0.0
2013-07-24,-0.0038185027297184216,0.002987903236024339,5.965072266,7.608573784,7.969051083,0.0
2013-07-25,0.002553209985188819,0.0005207715092064324,6.020404384,7.560531878,7.974595568,0.0
2013-07-26,0.0008279514379092263,-0.0002600326325299958,7.400981142,7.671790744,6.936630743,0.0
2013-07-29,-0.0037430341753677174,-0.006034029350324531,7.499332079,7.428198255,6.724258301,0.0
2013-07-30,0.00037374708533409457,-0.0038066283966540168,7.909001599,7.15372072,6.633668714,0.0
2013-07-31,-0.0001364185159984208,-0.00012454418293401598,7.969051083,6.902586113,6.007983594,0.0
2013-08-01,0.012462588230416578,0.009784834062293744,7.974595568,6.710160008,6.196299588,0.0
2013-08-02,0.0016391140879470276,0.010595996712331544,6.936630743,6.523188799,6.839526531,0.0
2013-08-05,-0.0014809308775636419,0.01285810001013562,6.724258301,6.429591357,7.06545042,0.0
2013-08-06,-0.00573947283055402,0.006744880094247506,6.633668714,6.513530048,7.638501369,0.0
2013-08-07,-0.0038131256619417632,0.0030681729483041636,6.007983594,6.486164946,7.421708687,0.0
2013-08-08,0.0038779210740465357,-0.005516494208065879,6.196299588,6.477967467,7.78074816,0.0
2013-08-09,-0.0035763480414268737,-0.01073195633743978,6.839526531,6.683218068,7.419585077,0.0
2013-08-12,-0.0011535858605248943,-0.010404611320401033,7.06545042,6.731032291,7.72949972,0.0
2013-08-13,0.002772210007268357,-0.0018929284825786557,7.638501369,6.867952073,7.46222175,0.0
2013-08-14,-0.005190063227858108,-0.0032698660484950007,7.421708687,6.896837844,8.681619906,0.0
2013-08-15,-0.014384564947961866,-0.021532352070503403,7.78074816,7.049354827,8.243729244,0.0
2013-08-16,-0.003310067623478068,-0.021266071652554598,7.419585077,7.154032671,8.202236087,0.0
2013-08-19,-0.005917777957153822,-0.026030263749183526,7.72949972,7.265008377,8.343238549,0.0
2013-08-20,0.0038139130983711445,-0.024988560658080736,7.46222175,7.42612489,8.526281815,0.0
2013-08-21,-0.005796369467346862,-0.02559486689756949,8.681619906,7.583764337,8.025300989,0.0
2013-08-22,0.008582441743413965,-0.0026278602061936586,8.243729244,7.59090602,8.759511248,0.0
2013-08-23,0.00393924191021318,0.0046214493274975895,8.202236087,7.36924163,8.921700097,0.0
2013-08-26,-0.004047839230058562,0.006491388054592849,8.343238549,7.491512443,9.834903817,0.0
2013-08-27,-0.01600153922918335,-0.013324064272961646,8.526281815,7.594973647,10.04422923,0.0
2013-08-28,0.0027438773089689754,-0.004783817496645809,8.025300989,7.598578927,9.356029225,0.0
2013-08-29,0.0019614766490956537,-0.01140478259096412,8.759511248,7.804202068,11.01767018,0.0
2013-08-30,-0.0031793671926351754,-0.018523391693812476,8.921700097,7.885156551,10.78830167,0.0
2013-09-03,0.004155575226959593,-0.010319977236794321,9.834903817,8.30663467,9.396406456,0.0
2013-09-04,0.008084187928560308,0.013765749920949338,10.04422923,8.479614953,8.53520178,0.0
2013-09-05,0.0012091315394673384,0.012231004151447702,9.356029225,8.402276817,8.54443354,0.0
2013-09-06,5.442965978223178e-05,0.01032395716213428,11.01767018,9.036276989,4.539749196,0.0
2013-09-09,0.009943282138970118,0.023446606493739572,10.78830167,8.92063766,5.255014379,0.0
2013-09-10,0.007318940484802409,0.02660997175158239,9.396406456,8.865277531,5.247605596,0.0
2013-09-11,0.0030476346138184848,0.02157341843684056,8.53520178,8.690777372,8.375163923,0.0
2013-09-12,-0.0033861418278017777,0.016978145069571446,8.54443354,8.664851521,8.551333445,0.0
2013-09-13,0.002711001653103429,0.019634717062892645,4.539749196,8.465909404,9.088095283,0.0
2013-09-16,0.005677008295820802,0.01536844321974333,5.255014379,8.527544173,9.008059072,0.0
2013-09-17,0.00420886959655227,0.01225837233149319,5.247605596,8.3988806,9.585447358,0.0
2013-09-18,0.012104121558415792,0.021314859276090496,8.375163923,8.896306292,7.125545707,0.0
2013-09-19,-0.0018446541484815583,0.022856346955410715,8.551333445,8.632400984,7.297555485,0.0
2013-09-20,-0.007243053962847499,0.012902291339459788,9.088095283,8.679298534,6.781336593,0.0
2013-09-23,-0.004730758941951058,0.0024945241016879303,9.008059072,8.728466215,6.750212236,0.0
2013-09-24,-0.002600521497731875,-0.004314866992596214,9.585447358,8.724046551,6.377022428,0.0
2013-09-25,-0.0027432251543777135,-0.01916221370538972,7.125545707,8.582729499,7.112373175,0.0
2013-09-26,0.0034793658479979504,-0.01383819370891021,7.297555485,8.469389693,8.538575994,0.0
2013-09-27,-0.004082121663443529,-0.010677261409506242,6.781336593,8.224633439,8.785557242,0.0
2013-09-30,-0.006047479981190951,-0.011993982448746134,6.750212236,8.226681021,8.431649791,0.0
2013-10-01,0.007966724683406784,-0.0014267362676074757,6.377022428,7.879991035,8.720049891,0.0
2013-10-02,-0.0006668918703408628,0.0006495970164293754,7.112373175,7.81588597,9.149381947,0.0
2013-10-03,-0.009019972500552986,-0.01184974133212156,8.538575994,8.25067034,8.525313378,0.0
2013-10-04,0.007028466704283861,-0.0007391529643941703,8.785557242,7.522887422,8.528093624,0.0
2013-10-07,-0.008542747536819599,-0.003234420520022818,8.431649791,7.506969891,9.593446718,0.0
2013-10-08,-0.012408749931083476,-0.02360989513451308,8.720049891,7.683160982,9.621083426,0.0
2013-10-09,0.0005737417306057981,-0.022369261533566418,9.149381947,7.987706407,8.807303841,0.0
2013-10-10,0.021595622882836497,0.008246333849823066,8.525313378,8.245724164,8.868363496,0.0
2013-10-11,0.006266595617327234,0.007484462762866439,8.528093624,8.344075724,8.523744803,0.0
2013-10-14,0.004066441145288558,0.020093651444974596,9.593446718,8.512306262,7.221399517,0.0
2013-10-15,-0.007088789613758755,0.02541361176229932,9.621083426,8.67686194,6.959499435,0.0
2013-10-16,0.013732804307132302,0.03857267433882582,8.807303841,8.103071096,6.972740107,0.0
2013-10-17,0.0067213144137370845,0.02369836586972641,8.868363496,8.329022082,5.654027498,0.0
2013-10-18,0.00652740546362272,0.023959175716021897,8.523744803,8.193826157,5.642753248,0.0
2013-10-21,9.173220960465485e-05,0.01998446678033799,7.221399517,8.075285047,5.616176593,0.0
2013-10-22,0.005721116239627231,0.03279437263372398,6.959499435,8.026605195,4.86292684,0.0
2013-10-23,-0.004735753240036749,0.014325815086554929,6.972740107,8.069769943,5.988142406,0.0
2013-10-24,0.003252838544355574,0.010857339217173417,5.654027498,8.00318915,6.48457426,0.0
2013-10-25,0.0043852143927746775,0.008715148146325374,5.642753248,7.975106372,7.209924922,0.0
2013-10-28,0.0013288165192369688,0.009952232455957688,5.616176593,7.8552051,7.139623256,0.0
2013-10-29,0.0055686612140941685,0.009799777430424626,4.86292684,7.757048508,7.716141342,0.0
2013-10-30,-0.0048878496945693045,0.00964768097589207,5.988142406,7.838315269,6.561465245,0.0
2013-10-31,-0.003846770567938354,0.002548071863598141,6.48457426,7.505773937,7.942843752,0.0
2013-11-01,0.0028992144122096126,0.0010620718830330763,7.209924922,7.569780181,7.875735338,0.0
2013-11-04,0.0035641993780981683,0.003297454741894276,7.139623256,7.528254955,7.833482121,0.0
2013-11-05,-0.0028095308483402836,-0.005080737320540176,7.716141342,7.486433953,7.644073062,0.0
2013-11-06,0.004256468712287575,0.004063581086316702,6.561465245,7.160628135,8.41950482,0.0
2013-11-07,-0.013270435999594777,-0.005360084345339721,7.942843752,7.344289759,6.81911448,0.0
2013-11-08,0.013338208792264144,0.00507891003471481,7.875735338,7.390959244,5.915553051,0.0
2013-11-11,0.0007226700649729084,0.0022373807215895504,7.833482121,7.000494855,6.774076126,0.0
2013-11-12,-0.002373205445619954,0.0026737061243098798,7.644073062,6.892992456,6.892141996,0.0
2013-11-13,0.008062752720499361,0.006479990132521667,8.41950482,7.043043405,7.306149914,0.0
2013-11-14,0.004825596820450657,0.0245760229525671,6.81911448,6.775079694,7.23383213,0.0
2013-11-15,0.004213146273881077,0.015450960434184034,5.915553051,6.723924758,7.482255803,0.0
2013-11-18,-0.0037050524235046974,0.011023237945706428,6.774076126,6.887800978,6.806846315,0.0
2013-11-19,-0.0020450552776006604,0.01135138811372572,6.892141996,6.876052082,6.488696615,0.0
2013-11-20,-0.003642235996161311,-0.000353600602934951,7.306149914,7.127035913,4.471763241,0.0
2013-11-21,0.0080957054207559,0.0029165079973702927,7.23383213,7.140852886,4.619579299,0.0
2013-11-22,0.0049491905000291735,0.0036525522235183894,7.482255803,7.158703519,5.008670743,0.0
2013-11-25,-0.0012641407872397545,0.006093463859783332,6.806846315,7.151204907,5.672754854,0.0
2013-11-26,0.00014979323550383503,0.008288312372887829,6.488696615,7.203740265,7.904241826,0.0
2013-11-27,0.002481998677460743,0.014412547046509882,4.471763241,6.843196998,8.021219608,0.0
2013-11-29,-0.0007859984571164318,0.00553084316863755,4.619579299,6.768639622,8.067677937,0.0
2013-12-02,-0.002722723534716429,-0.002141070866108053,5.008670743,6.672554037,7.655834978,0.0
2013-12-03,-0.0031979559918936147,-0.0040748860707619135,5.672754854,6.814779048,7.073360749,0.0
2013-12-04,-0.0013043434697867973,-0.005529022776052546,7.904241826,7.254545073,5.547212793,0.0
2013-12-05,-0.004349015813080098,-0.012360037266593387,8.021219608,7.221573902,5.861154338,0.0
2013-12-06,0.011175194876875877,-0.0003988439326010774,8.067677937,6.805449834,5.68148807,0.0
2013-12-09,0.0018154512479509814,0.004139330850066333,7.655834978,6.608262094,6.547395358,0.0
2013-12-10,-0.0031847248956570497,0.004152561946302898,7.073360749,6.603670268,6.827503242,0.0
2013-12-11,-0.011381397674606988,-0.005924492258517293,5.547212793,6.761165093,11.3331934,1.0
2013-12-12,-0.0037776883791563434,-0.005353164824593538,5.861154338,6.558764885,11.34711657,1.0
2013-12-13,-0.00010141528650587885,-0.016629774987975295,5.68148807,6.539028486,11.56833096,1.0
2013-12-16,0.006300152129396221,-0.012145074106530053,6.547395358,6.755574174,11.10602814,0.0
2013-12-17,-0.0031058059363714124,-0.012066155147244417,6.827503242,6.61741145,10.86084372,0.0
2013-12-18,0.01651090600917418,0.01582614853653675,11.3331934,8.120853787,4.708559277,0.0
2013-12-19,-0.0005800974283937316,0.019023739487299362,11.34711657,7.865221154,4.087227652,0.0
2013-12-20,0.004807155440690711,0.02393231021449595,11.56833096,7.945651767,2.685796969,0.0
2013-12-23,0.0053040288862060605,0.022936186971305794,11.10602814,7.904284263,2.634058966,0.0
2013-12-24,0.002911504304306033,0.028953497211983238,10.86084372,7.854700928,4.498978508,0.0
2013-12-26,0.004734304621132077,0.01717689582394113,4.708559277,7.808015299,4.970229661,0.0
2013-12-27,-0.0003366410106074713,0.01742035224172739,4.087227652,7.812739253,5.919477223,0.0
2013-12-30,-0.00017926996201467877,0.012433926839022004,2.685796969,7.720209202,6.240852042,0.0
2013-12-31,0.003951856349111548,0.011081754301927491,2.634058966,7.611871039,6.550524118,0.0
2014-01-02,-0.008901413016629188,-0.0007311630190077294,4.498978508,7.66234244,6.470514541,0.0
2014-01-03,-0.00033302052016060914,-0.005798488160300416,4.970229661,7.177857544,6.651762602,0.0
2014-01-06,-0.0025149272537594355,-0.007976774403452382,5.919477223,7.328980576,7.950336881,0.0
2014-01-07,0.006063345375391041,-0.001734159066046662,6.240852042,7.284698474,8.030614381,0.0
2014-01-08,-0.0002122315034510835,-0.005898246918609293,6.550524118,7.349487735,7.948770663,0.0
2014-01-09,0.0003482485435141758,0.0033514146415340703,6.470514541,7.527966074,7.400224181,0.0
2014-01-10,0.002304030490455301,0.00598846565214998,6.651762602,7.408794295,7.300750814,0.0
2014-01-13,-0.012655966458794009,-0.004152573552884594,7.950336881,7.805615791,6.617044741,0.0
2014-01-14,0.010759876119934082,0.0005439571916584472,8.030614381,7.817908737,6.348490027,0.0
2014-01-15,0.005152889134682223,0.005909077829791753,7.948770663,7.687236971,7.924439978,0.0
2014-01-16,-0.0013480284864258142,0.004212800799851763,7.400224181,7.662075604,9.043345828,0.0
2014-01-17,-0.0039027803200150837,-0.001994010010618621,7.300750814,6.008756558,10.61191515,0.0
2014-01-21,0.0027699122428176707,0.013431868690993057,6.617044741,6.299578916,10.10601415,0.0
2014-01-22,0.0005747000497681626,0.0032466926208271395,6.348490027,6.143204224,10.72297002,0.0
2014-01-23,-0.00892932476457093,-0.010835521278426012,7.924439978,6.629995039,10.37224274,0.0
2014-01-24,-0.02109642142734084,-0.03058391421934104,9.043345828,7.047229735,10.87719668,0.0
2014-01-27,-0.004888221853339347,-0.031569355752665305,10.61191515,7.662617603,11.9298815,1.0
2014-01-28,0.006121875622432071,-0.0282173923730509,10.10601415,7.812887915,11.89421946,1.0
2014-01-29,-0.01026170390849596,-0.03905379633131502,10.72297002,8.042456297,12.37594567,1.0
2014-01-30,0.011204044372218206,-0.018920427194525885,10.37224274,8.313730958,11.97547717,1.0
2014-01-31,-0.006486290214250376,-0.004310295981435422,10.87719668,8.612873906,10.98864095,0.0
2014-02-03,-0.023096604704486576,-0.022518678832582652,11.9298815,9.387248315,7.953760908,0.0
2014-02-04,0.007612043683081426,-0.021028510771933295,11.89421946,9.362119368,8.502166825,0.0
2014-02-05,-0.0020302824086565886,-0.012797089272093925,12.37594567,9.655829977,7.332019343,0.0
2014-02-06,0.012363054453375717,-0.011638079190936415,11.97547717,9.707924302,8.061209659,0.0
2014-02-07,0.013214193504296921,0.008062404527610884,10.98864095,9.690318097,8.206087395,0.0
2014-02-10,0.0015680048032540356,0.03272701403535149,7.953760908,9.637142868,8.210925126,0.0
2014-02-11,0.011001375944254965,0.036116346296525034,8.502166825,9.482564268,8.626855397,0.0
2014-02-12,-0.00026929864772088686,0.03787733005746073,7.332019343,9.515880812,9.199942184,0.0
2014-02-13,0.005793211978776681,0.0313074875828617,8.061209659,9.73107552,8.412760271,0.0
2014-02-14,0.004797689385548304,0.022890983464113078,8.206087395,9.851213272,9.322348351,0.0
2014-02-18,0.0011578033925587676,0.022480782053417813,8.210925126,9.818559207,9.711104339,0.0
2014-02-19,-0.0065458617731959995,0.004933544335966849,8.626855397,9.878176114,8.886422415,0.0
2014-02-20,0.006013341826934013,0.011216184810621747,9.199942184,10.0814627,8.273721827,0.0
2014-02-21,-0.0019205666731810659,0.0035024061586640017,8.412760271,9.833019748,9.548407288,0.0
2014-02-24,0.006167455552331448,0.004872172325447145,9.322348351,9.916018439,9.712345896,0.0
2014-02-25,-0.0013485906767746498,0.002365778256113728,9.711104339,9.582656521,10.06310925,0.0
2014-02-26,2.1699742124629578e-05,0.008933339771434356,8.886422415,9.580584985,9.615968038,0.0
2014-02-27,0.004935881408416543,0.007855879352916886,8.273721827,9.487043111,9.38135854,0.0
2014-02-28,0.0027788242813380905,0.012555270307436042,9.548407288,9.622132972,8.405757437,0.0
2014-03-03,-0.007405866200454787,-0.0010180514453501915,9.712345896,9.608927385,6.817753764,0.0
2014-03-04,0.015152322676141788,0.015482861907566247,10.06310925,9.031241875,6.807259782,0.0
2014-03-05,-5.335274966455346e-05,0.015407809415777064,9.615968038,8.918307286,7.671926815,0.0
2014-03-06,0.0017169334968570882,0.012188861504217609,9.38135854,8.585770274,10.21248168,0.0
2014-03-07,0.0005379445771157059,0.009947981799995224,8.405757437,8.625347477,10.17661589,0.0
2014-03-10,-0.0004633536412194934,0.01689049435923052,6.817753764,8.588618607,10.40736079,0.0
2014-03-11,-0.005095096975215844,-0.0033569252921271144,6.807259782,8.793886973,9.777631186,0.0
2014-03-12,0.0003051243232100062,-0.0029984482192525544,7.671926815,8.728064501,10.76325909,0.0
2014-03-13,-0.011770091695883623,-0.016485473411993266,10.21248168,9.292444232,9.20799959,0.0
2014-03-14,-0.002825766417445165,-0.019849184406554133,10.17661589,9.167427204,10.02778261,0.0
2014-03-17,0.009567717695038962,-0.009818113070295682,10.40736079,9.165570993,11.08643315,0.0
2014-03-18,0.0071936822454731885,0.002470666150393352,9.777631186,9.185757625,11.55989193,1.0
2014-03-19,-0.006150525096734505,-0.003984983269551159,10.76325909,9.302439894,11.2821588,1.0
2014-03-20,0.0060223340875217475,0.013807442513854212,9.20799959,9.29443919,11.05141326,0.0
2014-03-21,-0.002936980116608755,0.013696228814690622,10.02778261,9.564893815,10.5835594,0.0
2014-03-24,-0.004876580959363224,-0.0007480698397115647,11.08643315,9.644086113,9.224537704,0.0
2014-03-25,0.0043942708488222335,-0.0035474812363625197,11.55989193,9.706159468,8.425836494,0.0
2014-03-26,-0.007024936954876045,-0.00442189309450406,11.2821588,9.930510508,6.912015399,0.0
2014-03-27,-0.0019018913439770551,-0.012346118526002862,11.05141326,9.990316082,6.576276626,0.0
2014-03-28,0.004629489243409657,-0.0047796491659844505,10.5835594,9.833468648,8.635540848,0.0
2014-03-31,0.007892871384796676,0.00798980317817545,9.224537704,9.523602534,9.114672335,0.0
2014-04-01,0.007014688044213445,0.010610220373566662,8.425836494,9.308150721,10.06154787,0.0
2014-04-02,0.0028492638318384613,0.02048442116028117,6.912015399,9.351059718,10.17895721,0.0
2014-04-03,-0.0011270852130106552,0.02125922729124757,6.576276626,9.413596388,11.64214618,1.0
2014-04-04,-0.012616542925313997,0.004013195122523915,8.635540848,9.883119829,10.32670066,0.0
2014-04-07,-0.010808312332149784,-0.014687988594422545,9.114672335,9.992390933,10.30148888,0.0
2014-04-08,0.0037435379801772804,-0.017959138658458707,10.06154787,10.01826631,11.72161338,1.0
2014-04-09,0.010859039341965573,-0.0099493631483316,10.17895721,9.93128869,11.57666153,1.0
2014-04-10,-0.02110596773738724,-0.029928245672708187,11.64214618,9.819724709,10.26306125,0.0
2014-04-11,-0.009532059739897396,-0.026843762487291582,10.32670066,9.921963841,9.432551146,0.0
2014-04-14,0.008183708150740607,-0.007851742004401191,10.30148888,9.964926252,8.966262018,0.0
2014-04-15,0.006734579517703411,-0.00486070046687506,11.72161338,10.52683224,5.467841369,0.0
2014-04-16,0.010433867948766148,-0.005285871860074488,11.57666153,10.15742741,6.249461149,0.0
2014-04-17,0.0013629237070939353,0.01718301958440669,10.26306125,10.07783636,6.278137749,0.0
2014-04-21,0.003768015655572547,0.030483094979876633,9.432551146,9.77494326,9.335372149,0.0
2014-04-22,0.004083788996127826,0.026383175825263856,8.966262018,9.416526368,9.086509887,0.0
2014-04-23,-0.0022157668625220617,0.01743282944503838,5.467841369,9.213074619,9.476218551,0.0
2014-04-24,0.001715488275330875,0.008714449771603109,6.249461149,9.006414152,9.187883961,0.0
2014-04-25,-0.008129344743501644,-0.0007778186789924712,6.278137749,8.993503512,9.122045492,0.0
2014-04-28,0.003230811162502344,-0.0013150231720626742,9.335372149,9.451659994,7.524759885,0.0
2014-04-29,0.004749460504633521,-0.0006493516635569787,9.086509887,9.382915877,7.54232074,0.0
2014-04-30,0.00298754980270127,0.004553965001666353,9.476218551,9.464763245,8.349864932,0.0
2014-05-01,-0.00014327174433229932,0.002695204982003179,9.187883961,9.501358302,9.388262645,0.0
2014-05-02,-0.0013493550298709083,0.009475194695633914,9.122045492,9.532794991,9.298017705,0.0
2014-05-05,0.0018694675823397822,0.008113851115471353,7.524759885,9.211201769,8.20794385,0.0
2014-05-06,-0.009029031461991046,-0.005664640851153214,7.54232074,9.027261376,8.121285906,0.0
2014-05-07,0.005600754871033284,-0.003051435782821201,8.349864932,9.038977707,7.032755614,0.0
2014-05-08,-0.0013745692327864058,-0.004282733271275306,9.388262645,9.29558422,7.418637904,0.0
2014-05-09,0.0015183231948788392,-0.0014150550465255591,9.298017705,8.865809141,7.521635165,0.0
2014-05-12,0.009626256172315509,0.006341733543450167,8.20794385,8.661907236,7.781346816,0.0
2014-05-13,0.0004216687882830338,0.015792433793724248,8.121285906,8.452816149,8.381217886,0.0
2014-05-14,-0.004712089565017091,0.005479589357673872,7.032755614,7.727805367,8.3787914,0.0
2014-05-15,-0.009405904183934792,-0.0025517455934745154,7.418637904,8.164689832,6.762094073,0.0
2014-05-16,0.0037399628190006033,-0.0003301059693527511,7.521635165,8.149460969,6.032467245,0.0
2014-05-19,0.003837414189704193,-0.006118947951964068,7.781346816,8.241524207,5.376660958,0.0
2014-05-20,-0.006519604608543308,-0.01306022134879041,8.381217886,8.301375821,4.467577776,0.0
2014-05-21,0.008083340547746922,-0.0002647912360263967,8.3787914,8.354381474,4.154827201,0.0
2014-05-22,0.0023594441947138818,0.011500557142622277,6.762094073,8.266177953,3.589376541,0.0
2014-05-23,0.004239392917884754,0.01199998724150643,6.032467245,8.10293934,4.264927386,0.0
2014-05-27,0.0059699502115288725,0.014132523263331108,5.376660958,7.304967401,4.341985607,0.0
2014-05-28,-0.0011146927500584232,0.01953743512181599,4.467577776,7.298046851,4.608933692,0.0
2014-05-29,0.005352758657361124,0.016806853231430195,4.154827201,7.187604439,5.977971178,0.0
2014-05-30,0.0018419804431013698,0.01628938947981768,3.589376541,7.102555949,5.760202172,0.0
2014-06-02,0.0007275613640587,0.012777557925991629,4.264927386,7.028662665,5.549726512,0.0
2014-06-03,-0.0003792884695348666,0.006428319244927889,4.341985607,6.627235898,5.546580538,0.0
2014-06-04,0.0018898766063629325,0.009432888601349243,4.608933692,6.659609954,5.411811491,0.0
2014-06-05,0.006504082119662981,0.0105842120636511,5.977971178,6.570055657,4.931954041,0.0
2014-06-06,0.00461708354801898,0.013359315168568711,5.760202172,6.058581881,5.335724936,0.0
2014-06-09,0.0009383308564868176,0.01357008466099683,5.549726512,5.957237753,5.545310116,0.0
2014-06-10,-0.0002460138818795375,0.013703359248652158,5.546580538,5.896508204,5.824862071,0.0
2014-06-11,-0.0035433111516659397,0.008270171490623287,5.411811491,5.931568887,6.485826409,0.0
2014-06-12,-0.00711413908891029,-0.005348049717949986,4.931954041,6.073035577,5.817018107,0.0
2014-06-13,0.0031296591990707602,-0.006835474066898207,5.335724936,5.483143028,5.492211712,0.0
2014-06-16,0.0008363553307868065,-0.006937449592598216,5.545310116,5.388186042,4.993936843,0.0
2014-06-17,0.0021702124448891515,-0.004521223265829528,5.824862071,5.302237638,6.178169944,0.0
2014-06-18,0.007689243160729406,0.006711331046565818,6.485826409,5.304601041,5.675238965,0.0
2014-06-19,0.001276663295165036,0.015102133430641144,5.817018107,5.27163634,6.63866664,0.0
2014-06-20,0.0017285634956760601,0.013701037727246443,5.492211712,5.116099664,6.908459439,0.0
2014-06-23,-0.0001324728528989271,0.01273220954356071,4.993936843,5.11563631,6.969180205,0.0
2014-06-24,-0.006456106498617479,0.004105890600054079,6.178169944,5.516253182,6.396623195,0.0
2014-06-25,0.004885557422717193,0.001302204862041867,5.675238965,5.585791236,5.948376612,0.0
2014-06-26,-0.0011795794276391145,-0.0011540378607622834,6.63866664,5.873029552,4.611169273,0.0
2014-06-27,0.0019090452380837368,-0.0009735561183546067,6.908459439,5.906375601,4.468310867,0.0
2014-06-30,-0.00037232599700135415,-0.001213409262457034,6.969180205,5.810740197,5.328367156,0.0
2014-07-01,0.006655572896822518,0.011898270132982964,6.396623195,5.995417958,4.394023668,0.0
2014-07-02,0.0006585960751231936,0.007671308785388964,5.948376612,5.89375028,6.143771297,0.0
2014-07-03,0.005464550227672394,0.014315438440700472,4.611169273,5.556452266,6.451161923,0.0
2014-07-07,-0.003931239054323629,0.008475154148293106,4.468310867,5.619763427,6.479445825,0.0
2014-07-08,-0.007073762181680688,0.0017737179636137723,5.328367156,5.758707293,7.071643418,0.0
2014-07-09,0.004633516553259208,-0.00024833837994953697,4.394023668,5.751587483,7.126002435,0.0
2014-07-10,-0.004139628324473722,-0.005046562779546453,6.143771297,6.070489922,7.275908945,0.0
2014-07-11,0.0014698419980472353,-0.009041271009171611,6.451161923,5.932747395,7.576391027,0.0
2014-07-14,0.004831860726996926,-0.0002781712278510564,6.479445825,5.912702883,7.8315022,0.0
2014-07-15,-0.0019339645679456246,0.004861626385884007,7.071643418,6.162558623,6.831311307,0.0
2014-07-16,0.004192285009448555,0.004420394842073354,7.126002435,6.10683893,6.814291628,0.0
2014-07-17,-0.011904605927478003,-0.0033445827609309264,7.275908945,6.290395424,5.187671311,0.0
2014-07-18,0.010212608899671183,0.005398184140693021,7.576391027,6.410030577,4.691822008,0.0
2014-07-21,-0.002322946423904652,-0.0017566230102085568,7.8315022,6.538506304,5.264996255,0.0
2014-07-22,0.005003611167300126,0.005180952725037193,6.831311307,6.588549235,5.745568078,0.0
2014-07-23,0.001752900777012884,0.0027415684926015223,6.814291628,6.273729222,6.916290334,0.0
2014-07-24,0.00048803681255066896,0.015134211232630194,5.187671311,6.18425207,7.969686742,0.0
2014-07-25,-0.004860946046109087,6.06562868499241e-05,4.691822008,5.964378991,9.396760556,0.0
2014-07-28,0.0002881133935528325,0.002671716104307409,5.264996255,6.144136076,9.96627861,0.0
2014-07-29,-0.004538068413714011,-0.006869963476706728,5.745568078,6.286453768,10.55599725,0.0
2014-07-30,6.091091941020138e-05,-0.008561953334309412,6.916290334,6.410089646,10.60181532,0.0
2014-07-31,-0.02020193215523012,-0.0292519223020902,7.969686742,6.728904389,11.21777747,0.0
2014-08-01,-0.002863216231298331,-0.027254192487279442,9.396760556,7.234146353,10.47682327,0.0
2014-08-04,0.007163314449646609,-0.02037899143118567,9.96627861,7.588849382,9.680193876,0.0
2014-08-05,-0.009732679197336652,-0.02557360221480831,10.55599725,7.7639485,8.992862382,0.0
2014-08-06,1.5638426360123552e-05,-0.025618874707858386,10.60181532,8.022593738,8.174950978,0.0
2014-08-07,-0.005572115446733026,-0.010989057999361295,11.21777747,8.203737299,6.049110868,0.0
2014-08-08,0.011465422557972033,0.0033395807899090687,10.47682327,8.328832893,7.549764082,0.0
2014-08-11,0.0027556250258418476,-0.0010681086338956924,9.680193876,8.397700207,7.178986308,0.0
2014-08-12,-0.0016379823741559415,0.007026588189285017,8.992862382,8.245893197,6.715663043,0.0
2014-08-13,0.006684767102510805,0.013695716865435699,8.174950978,8.268886774,6.81270553,0.0
2014-08-14,0.004336398273697699,0.023604230585866425,6.049110868,7.950756473,6.930232385,0.0
2014-08-15,-6.137480757126603e-05,0.012077433220323125,7.549764082,8.322785984,4.259790114,0.0
2014-08-18,0.0084954832196601,0.01781729141414138,7.178986308,8.250619565,4.465685636,0.0
2014-08-19,0.004988190179197795,0.024443463967495114,6.715663043,8.222109437,4.497429156,0.0
2014-08-20,0.0024747482825436223,0.02023344514752793,6.81270553,8.268560034,4.06954383,0.0
2014-08-21,0.002945547280270624,0.018842594154100858,6.930232385,8.27608454,4.269601197,0.0
2014-08-22,-0.0019945749188226202,0.016909394042849503,4.259790114,8.264497629,4.219677262,0.0
2014-08-25,0.004776353863603847,0.01319026468679325,4.465685636,8.131928668,4.590897067,0.0
2014-08-26,0.0010505288952435787,0.009252603402839035,4.497429156,8.025391748,5.108964012,0.0
2014-08-27,4.998604328455613e-05,0.006827841163579968,4.06954383,7.78142749,6.751753077,0.0
2014-08-28,-0.0016913305449461642,0.002190963338363179,4.269601197,7.561214996,7.541302446,0.0
2014-08-29,0.0033149143290199016,0.0075004525862057015,4.219677262,7.118887755,7.762889598,0.0
2014-09-02,-0.0005442142177026967,0.002179884504899157,4.590897067,6.823904344,7.876644312,0.0
2014-09-03,-0.0007794447528015455,0.0003499108568540332,5.108964012,6.563156371,7.999329475,0.0
2014-09-04,-0.001535599204712169,-0.001235674391142692,6.751753077,6.621747064,7.085566742,0.0
2014-09-05,0.005023247704958486,0.0054789038587619585,7.541302446,6.319030783,6.795142624,0.0
2014-09-08,-0.003077845854315851,-0.0009138563245737943,7.762889598,6.188959537,6.624385334,0.0
2014-09-09,-0.006566521532685439,-0.006936163639556537,7.876644312,6.216873292,7.379724612,0.0
2014-09-10,0.0036394436003678032,-0.0025172752863871876,7.999329475,6.233333467,8.025894502,0.0
2014-09-11,0.0008815167647232053,-0.00010015931695181359,7.085566742,6.300110501,7.648111791,0.0
2014-09-12,-0.0059804054920065425,-0.011103812513916842,6.795142624,6.505820877,7.554388016,0.0
2014-09-15,-0.0007104037481093734,-0.008736370407710364,6.624385334,5.918116761,7.89743087,0.0
2014-09-16,0.007456507324556423,0.005286658449531497,7.379724612,6.275359453,6.872157333,0.0
2014-09-17,0.0012948050790884346,0.002942019928252128,8.025894502,6.609323659,6.757356538,0.0
2014-09-18,0.004879257127339826,0.006939760290868749,7.648111791,6.535407918,7.599396316,0.0
2014-09-19,-0.00047738351040339826,0.012442782272471893,7.554388016,6.677265131,7.767499816,0.0
2014-09-22,-0.0080456025302185,0.005107583490362767,7.89743087,6.788225588,8.378010032,0.0
2014-09-23,-0.0057932500796262516,-0.008142173913819908,6.872157333,6.797145417,8.974484534,0.0
2014-09-24,0.0078019767586544365,-0.0016350022342539062,6.757356538,7.074030592,9.420510366,0.0
2014-09-25,-0.016300913265170507,-0.02281517262676424,7.599396316,7.28072565,11.07934018,0.0
2014-09-26,0.00853926112400154,-0.013798527992359302,7.767499816,7.423746318,11.19961398,0.0
2014-09-29,-0.0025500508569158233,-0.008302976319056625,8.378010032,7.692616629,11.37378707,1.0
2014-09-30,-0.0027898165443120183,-0.005299542783742392,8.974484534,7.814566207,11.20766009,0.0
2014-10-01,-0.013337106112637435,-0.026438625655034263,9.420510366,8.105740829,13.41148112,1.0
2014-10-02,5.143328250229687e-06,-0.010132569061613526,11.07934018,8.502962324,12.59204943,1.0
2014-10-03,0.011103635523902509,-0.007568194661712557,11.19961398,8.500119825,13.77783134,1.0
2014-10-06,-0.0015663860013981836,-0.006584529806194917,11.37378707,8.743654555,14.70201862,1.0
2014-10-07,-0.015241618619128634,-0.01903633188101153,11.20766009,8.772683443,16.05242341,1.0
2014-10-08,0.01731094749805919,0.011611721729685096,13.41148112,9.729988327,19.76553201,1.0
2014-10-09,-0.02087784845431496,-0.009271270052880096,12.59204943,9.969402262,22.10056647,1.0
2014-10-10,-0.011517080026210946,-0.031891985602993556,13.77783134,10.40027429,22.26586424,1.0
2014-10-13,-0.016605033202522507,-0.04693063280411787,14.70201862,10.93243855,21.53732834,1.0
2014-10-14,0.001577619680866768,-0.03011139450412247,16.05242341,11.30331656,20.76599708,1.0
2014-10-15,-0.008133300726077349,-0.05555564272825901,19.76553201,13.27546576,15.55531044,1.0
2014-10-16,0.0001449672004417697,-0.034532827073502276,22.10056647,14.38312683,12.73230648,1.0
2014-10-17,0.012801813377146141,-0.010213933670145194,22.26586424,14.7594271,11.12831934,0.0
2014-10-20,0.009101116121281314,0.015492215653658627,21.53732834,14.82868797,10.83803132,0.0
2014-10-21,0.01938537082775091,0.03329996680054277,20.76599708,14.95877627,10.14669417,0.0
2014-10-22,-0.007326100661612184,0.034107166865007935,15.55531044,15.01047784,10.5827526,0.0
2014-10-23,0.012228305721599457,0.04619050538616562,12.73230648,15.2631759,9.771287754,0.0
2014-10-24,0.007028690175716194,0.04041738218473567,11.12831934,15.28780716,9.171139708,0.0
2014-10-27,-0.001502696878837878,0.02981356918461648,10.83803132,15.22195634,8.919785139,0.0
2014-10-28,0.011868364566910393,0.022296562923775964,10.14669417,15.14491647,9.335269609,0.0
2014-10-29,-0.0013863159906425204,0.028236347594745626,10.5827526,15.20284856,7.488315334,0.0
2014-10-30,0.006210797247873184,0.02221883912101935,9.771287754,15.03815514,6.371443026,0.0
2014-10-31,0.011663114233148569,0.026853263178451728,9.171139708,14.94612527,6.455394187,0.0
2014-11-03,-0.00011892891639947338,0.028237031140890136,8.919785139,14.80735757,6.074767662,0.0
2014-11-04,-0.0028338532526650333,0.013534813321314709,9.335269609,14.82404797,5.011612844,0.0
2014-11-05,0.005684311060804489,0.02060544037276172,7.488315334,14.14844035,5.232223849,0.0
2014-11-06,0.003768403644328259,0.018163046769216793,6.371443026,14.0233735,5.491653447,0.0
2014-11-07,0.00034952512678080786,0.006849457662849032,6.455394187,13.65091682,5.281017653,0.0
2014-11-10,0.003115327019558855,0.01008371359880736,6.074767662,13.20780833,5.425231719,0.0
2014-11-11,0.0006964516302874351,0.01361401848175983,5.011612844,12.71264685,5.945931431,0.0
2014-11-12,-0.0007013625789179808,0.00722834484203736,5.232223849,10.45721484,6.271818727,0.0
2014-11-13,0.0005297044284002311,0.003989645626109332,5.491653447,9.060121916,5.70900784,0.0
2014-11-14,0.0002402413485468054,0.0038803618478753295,5.281017653,8.329324049,6.406803553,0.0
2014-11-17,0.0007350887776586797,0.001500123605975154,5.425231719,8.114207156,6.126091526,0.0
2014-11-18,0.005120849353688389,0.005924521329376107,5.945931431,7.914749286,5.868759806,0.0
2014-11-19,-0.0015022868756188182,0.00512359703267527,6.271818727,7.661288986,5.227044908,0.0
2014-11-20,0.001965164013202754,0.0065590566174777935,5.70900784,7.050254937,4.795639203,0.0
2014-11-21,0.0052232126037382535,0.011542027872669242,6.406803553,6.977073112,4.507966906,0.0
2014-11-24,0.00285992981373923,0.013666868908749791,6.126091526,6.771770553,5.05918956,0.0
2014-11-25,-0.0011506914684172845,0.007395328086644119,5.868759806,6.746479901,4.898129464,0.0
2014-11-26,0.0028020524716035632,0.0116996674338665,5.227044908,6.125943633,6.025309395,0.0
2014-11-28,-0.0025456646370122207,0.007188838783651525,4.795639203,5.620152794,6.003772556,0.0
2014-12-01,-0.006852789344834434,-0.0048871631649211635,4.507966906,5.721235857,6.739132942,0.0
2014-12-02,0.006364166758848178,-0.001382926219812215,5.05918956,5.689031942,9.107677944,0.0
2014-12-03,0.0037576738340269794,0.0035254390826320488,4.898129464,5.452164198,10.10428164,0.0
2014-12-04,-0.0011625717317858438,-0.0004391851207573587,6.025309395,5.708288455,11.57400422,1.0
2014-12-05,0.0016638315989210529,0.003770311115175915,6.003772556,5.518026558,12.15149674,1.0
2014-12-08,-0.007283022149715385,0.003340078310294964,6.739132942,5.802455464,14.27631853,1.0
2014-12-09,-0.00023785182583414743,-0.0032619402743873623,9.107677944,6.623959034,16.73532799,1.0
2014-12-10,-0.016486121183048656,-0.023505735291463,10.10428164,6.997939375,17.31928516,1.0
2014-12-11,0.004525433971620777,-0.017817729588056375,11.57400422,7.69609699,16.69767973,1.0
2014-12-12,-0.01634646579165845,-0.03582802697863588,12.15149674,7.73458279,16.54548062,1.0
2014-12-15,-0.006362786271721939,-0.03490779110064243,14.27631853,8.811896517,14.16799977,1.0
2014-12-16,-0.008525259865380821,-0.04319519914018911,16.73532799,10.32164469,9.158419315,0.0
2014-12-17,0.02014807324329562,-0.006561004713844833,17.31928516,10.72949393,6.583373191,0.0
2014-12-18,0.02373137488570905,0.012644936200243442,16.69767973,10.9132538,4.725330713,0.0
2014-12-19,0.004559637967419008,0.033551039959320905,16.54548062,10.95964464,3.562164928,0.0
2014-12-22,0.003803222479927145,0.043717048710969986,14.16799977,10.84300658,3.608082181,0.0
2014-12-23,0.0017448386297044874,0.0539871472060553,9.158419315,10.86845255,5.558576276,0.0
2014-12-24,-0.0001393062410745646,0.033699767721685106,6.583373191,10.83266612,8.461606999,0.0
2014-12-26,0.0033041099821209488,0.013272502818097007,4.725330713,10.85591067,9.927109344,0.0
2014-12-29,0.000861403428089447,0.009574268278767447,3.562164928,10.8414264,12.97070006,1.0
2014-12-30,-0.004900593034504285,0.0008704527643360162,3.608082181,10.75848105,13.52149166,1.0
2014-12-31,-0.01036438356125046,-0.011238769426618932,5.558576276,10.92926593,13.53888986,1.0
2015-01-02,-0.0003400214731352804,-0.011439484658679647,8.461606999,11.36874819,12.89043689,1.0
2015-01-05,-0.01844721353258727,-0.03319080817338787,9.927109344,11.5503932,12.85057599,1.0
2015-01-06,-0.00893325469070017,-0.04298546629217749,12.97070006,12.27130679,15.43719202,1.0
2015-01-07,0.011562735844876304,-0.026522137412796895,13.52149166,12.25147422,16.68580635,1.0
2015-01-08,0.017730168127155693,0.0015724142756092553,13.53888986,12.0223454,17.10128515,1.0
2015-01-09,-0.008439322147078786,-0.00652688639833425,12.89043689,12.05259928,17.24728417,1.0
2015-01-12,-0.008126616843470486,0.003793710290782534,12.85057599,11.88303477,17.50823238,1.0
2015-01-13,-0.0025818854358163217,0.010145079545666383,15.43719202,13.16233172,14.04246344,1.0
2015-01-14,-0.00583002896797565,-0.007247685267185571,16.68580635,12.99035551,13.83844802,1.0
2015-01-15,-0.009290903004567546,-0.034268756398908806,17.10128515,12.15041056,12.63936612,1.0
2015-01-16,0.013334893186267299,-0.012494541065562723,17.24728417,12.02675943,12.01871983,1.0
2015-01-20,0.001548752433400387,-0.00281917178869185,17.50823238,12.17119298,11.79220605,1.0
2015-01-21,0.004720465022189361,0.004483178669313833,14.04246344,12.41396146,12.80478001,1.0
2015-01-22,0.015154313070630327,0.02546752070791981,13.83844802,12.90123803,13.3025581,1.0
2015-01-23,-0.005506656279301935,0.029251767433185423,12.63936612,12.90742847,14.18882379,1.0
2015-01-26,0.0025651679986232745,0.018482042245541397,12.01871983,13.03534228,16.28052029,1.0
2015-01-27,-0.013478287815857576,0.0034550019962834334,11.79220605,13.31614741,15.59762059,1.0
2015-01-28,-0.01358750281102202,-0.01485296583692795,12.80478001,13.853692,14.11506244,1.0
2015-01-29,0.00948951705826357,-0.020517761849294706,13.3025581,14.40232243,11.95380987,1.0
2015-01-30,-0.013077099006318498,-0.028088204576311268,14.18882379,14.46402251,11.98606296,1.0
2015-02-02,0.012879170000215516,-0.017774202574719025,16.28052029,14.77444704,8.674642448,0.0
2015-02-03,0.014336238577453099,0.01004032381859165,15.59762059,14.61178801,8.761346904,0.0
2015-02-04,-0.0041647065724529616,0.01946312005716071,14.11506244,14.13059673,8.594269243,0.0
2015-02-05,0.010238810710909235,0.020212413709806372,11.95380987,14.05142697,8.431145015,0.0
2015-02-06,-0.00342402761187852,0.02986548510424635,11.98606296,14.11732938,6.755292357,0.0
2015-02-09,-0.004256239310481708,0.012730075793549128,8.674642448,13.98412672,6.508309708,0.0
2015-02-10,0.010618979554062366,0.009012816770158395,8.761346904,13.83511196,5.798894033,0.0
2015-02-11,-2.9034010158247172e-05,0.01314848933245311,8.594269243,12.59215651,5.14034925,0.0
2015-02-12,0.009598295065916026,0.0125079736874599,8.431145015,12.06688104,7.220876388,0.0
2015-02-13,0.004066459227779422,0.01999846052711784,6.755292357,11.73004664,7.203028212,0.0
2015-02-17,0.0015962996977983961,0.025850999535397948,6.508309708,11.47946519,7.165476816,0.0
2015-02-18,-0.00031435862322874816,0.014917661358106831,5.798894033,11.09876416,7.268219494,0.0
2015-02-19,-0.0010626217157189283,0.01388407365254615,5.14034925,10.76431643,7.139094944,0.0
2015-02-20,0.006107842721055837,0.010393621307685962,7.220876388,10.52469577,4.850103987,0.0
2015-02-23,-0.000303385211985694,0.006023776867920845,7.203028212,10.51791348,4.869083397,0.0
2015-02-24,0.002754972468831103,0.007182449638953552,7.165476816,10.41641632,5.676936068,0.0
2015-02-25,-0.0007660169636026022,0.006730791298579698,7.268219494,10.08093689,6.856873684,0.0
2015-02-26,-0.00147711863025381,0.006316294384044817,7.139094944,9.360639916,6.776041582,0.0
2015-02-27,-0.0029606830486323707,-0.0027522313856433913,4.850103987,8.509440949,8.353110187,0.0
2015-03-02,0.0061062381811330165,0.003657392007475319,4.869083397,8.137740299,8.478576067,0.0
2015-03-03,-0.004548872603817568,-0.0036464530651733515,5.676936068,7.091882296,8.388590652,0.0
2015-03-04,-0.004398161230154572,-0.007278597331725321,6.856873684,7.249691423,7.481870824,0.0
2015-03-05,0.001195365251036089,-0.004606113450435423,6.776041582,7.020791807,7.820694077,0.0
2015-03-06,-0.014275356362467066,-0.01592078676427012,8.353110187,7.357364007,7.903520499,0.0
2015-03-09,0.003936662357975969,-0.018090362587427168,8.478576067,6.948233867,8.169618076,0.0
2015-03-10,-0.017106820937141425,-0.030648310920751022,8.388590652,7.005323146,8.117840306,0.0
2015-03-11,-0.001919520676484767,-0.02816967036708122,7.481870824,6.882029032,12.31940824,1.0
2015-03-12,0.012522702206037068,-0.016842333412080242,7.820694077,6.790947327,12.17397871,1.0
2015-03-13,-0.006093237090196838,-0.008660214139810014,7.903520499,7.209449538,11.76586353,1.0
2015-03-16,0.013442909023855906,0.0008460325260699238,8.169618076,7.31813672,11.60813741,1.0
2015-03-17,-0.0033256977077820026,0.014627155755429347,8.117840306,7.413491847,11.40888754,1.0
2015-03-18,0.012085101501628708,0.028631777933542824,12.31940824,8.769121131,8.352571636,0.0
2015-03-19,-0.004884489126950175,0.01122458660055558,12.17397871,8.750006138,9.583254001,0.0
2015-03-20,0.008972382193259682,0.026290205884012097,11.76586353,8.57611712,8.845964788,0.0
2015-03-23,-0.0017472566067133015,0.01110004025344289,11.60813741,8.61808765,9.304447556,0.0
2015-03-24,-0.006158345701590925,0.008267392259633967,11.40888754,8.640863706,9.137412207,0.0
2015-03-25,-0.014665926527239062,-0.018483635769233803,8.352571636,9.007335621,8.495576772,0.0
2015-03-26,-0.0023803307374738966,-0.015979477379757526,9.583254001,9.315612034,7.425608919,0.0
2015-03-27,0.0023657607295033602,-0.022586098843513848,8.845964788,9.339790198,9.751554763,0.0
2015-03-30,0.012162382647149434,-0.00867645958965111,9.304447556,9.486180873,9.558483659,0.0
2015-03-31,-0.008834686217530795,-0.01135280010559098,9.137412207,9.353111796,9.790982955,0.0
2015-04-01,-0.0039732542018475255,-0.0006601277801994432,8.495576772,9.349953047,9.648079239,0.0
2015-04-02,0.0035234523037141535,0.005243655260988607,7.425608919,9.438583561,9.166808358,0.0
2015-04-06,0.006587072647165644,0.00946496717865089,9.751554763,9.672707665,7.002597951,0.0
2015-04-07,-0.002064032708587167,-0.00476144817708571,9.558483659,9.739466976,7.221826214,0.0
2015-04-08,0.0026789415573472003,0.006752179597792285,9.790982955,9.687849286,7.116130692,0.0
2015-04-09,0.004447575873625805,0.015173009673265615,9.648079239,9.83353357,6.396319132,0.0
2015-04-10,0.005189376899456221,0.01683893426900768,9.166808358,9.736716056,8.492441471,0.0
2015-04-13,-0.004591806820961145,0.005660054800880893,7.002597951,9.497576481,8.573962816,0.0
2015-04-14,0.00162843225851382,0.009352519767981881,7.221826214,9.550405518,8.502612087,0.0
2015-04-15,0.005134989044995592,0.011808567255630273,7.116130692,9.488910369,9.002247029,0.0
2015-04-16,-0.0007787467579851993,0.006582244624019267,6.396319132,8.305699986,9.466476245,0.0
2015-04-17,-0.01137570418905323,-0.009982836464490184,8.492441471,8.705319677,7.682685032,0.0
2015-04-20,0.009192748586536723,0.003801718943007683,8.573962816,8.6007722,7.991339337,0.0
2015-04-21,-0.001481702504767951,0.0006915841797259124,8.502612087,8.694632545,8.73148213,0.0
2015-04-22,0.005074582853386292,0.000631177988116613,9.002247029,8.818098104,8.572802033,0.0
2015-04-23,0.0023549408425523675,0.0037648655886541797,9.466476245,8.599234394,9.243566349,0.0
2015-04-24,0.0022502668247534868,0.017390836602460897,7.682685032,8.220633411,9.413484997,0.0
2015-04-27,-0.004149913240734652,0.004048174775189523,7.991339337,8.389033632,8.869032912,0.0
2015-04-28,0.0027654044373465075,0.008295281717303982,8.73148213,8.544772908,8.452994298,0.0
2015-04-29,-0.003747348127573222,-0.0005266492636555333,8.572802033,8.675195236,10.36468541,0.0
2015-04-30,-0.010180553033248205,-0.013062143139456105,9.243566349,8.789994636,9.781914648,0.0
2015-05-01,0.010863776563455257,-0.004448633400754335,9.413484997,8.714776054,10.08150313,0.0
2015-05-04,0.0029364331477630206,0.0026377129877433376,8.869032912,8.140492394,10.04928069,0.0
2015-05-05,-0.0119080033585301,-0.01203569480813327,8.452994298,8.248349516,10.27281739,0.0
2015-05-06,-0.004465681140931977,-0.012754027821492025,10.36468541,8.840240466,8.200201377,0.0
2015-05-07,0.003766710469475405,0.001193235681231585,9.781914648,8.826897019,7.569988394,0.0
2015-05-08,0.013368147987361164,0.003697607105137493,10.08150313,8.963755025,6.953335642,0.0
2015-05-11,-0.005102556456082039,-0.004341382498707566,10.04928069,8.902557637,6.947023042,0.0
2015-05-12,-0.002953996439367266,0.004612624420455267,10.27281739,9.021045978,5.501014135,0.0
2015-05-13,-0.0003050012906516677,0.008773304270735575,8.200201377,9.071981489,5.172595399,0.0
2015-05-14,0.010721604261760033,0.015728198063020202,7.569988394,9.056051427,5.158276151,0.0
2015-05-15,0.0007681188278664758,0.0031281689035255146,6.953335642,8.625875767,4.998873093,0.0
2015-05-18,0.003043312472570502,0.011274037832178056,6.947023042,8.540644306,6.280663327,0.0
2015-05-19,-0.0006435815978420154,0.013584452673703305,5.501014135,8.418488973,6.777605666,0.0
2015-05-20,-0.0009309494507940488,0.012958504513560926,5.172595399,8.290336003,6.537794446,0.0
2015-05-21,0.0023351459087448084,0.004572046160545701,5.158276151,8.140053903,6.564993488,0.0
2015-05-22,-0.0022363851494835974,0.0015675421831956274,4.998873093,8.117696931,7.58333358,0.0
2015-05-26,-0.010335204907502334,-0.011810975196877209,6.280663327,8.175506836,7.604339419,0.0
2015-05-27,0.009120918929110081,-0.0020464746699251114,6.777605666,7.955830955,7.457781513,0.0
2015-05-28,-0.0012675639174870542,-0.0023830891366181176,6.537794446,7.812946078,7.792769404,0.0
2015-05-29,-0.006338515184097658,-0.011056750229460585,6.564993488,7.461526834,8.244091419,0.0
2015-06-01,0.002057343499147661,-0.006763021580829327,7.58333358,7.623668118,7.471977466,0.0
2015-06-02,-0.0010091051653478204,0.0025630781613251875,7.604339419,7.850507648,6.840347233,0.0
2015-06-03,0.0021166294697559994,-0.004441211298028894,7.457781513,7.70302501,7.48338089,0.0
2015-06-04,-0.008660562215101069,-0.011834209595642908,7.792769404,7.026184188,7.071908637,0.0
2015-06-05,-0.0014372152327325357,-0.006932909644277786,8.244091419,6.98170323,6.589450698,0.0
2015-06-08,-0.006495560338305542,-0.01548581348173099,7.471977466,6.83145307,7.690884494,0.0
2015-06-09,0.00041826551900276467,-0.014058442797380404,6.840347233,6.934049849,7.446965524,0.0
2015-06-10,0.011970491752514406,-0.0042045805146219955,7.48338089,6.852309642,7.518871517,0.0
2015-06-11,0.0017371167565281324,0.006193098457007206,7.071908637,6.712630746,8.444075136,0.0
2015-06-12,-0.007018874653102703,0.000611439036637039,6.589450698,6.728537289,8.199487555,0.0
2015-06-15,-0.004633289621771348,0.002473709753171233,7.690884494,7.026304717,7.784046859,0.0
2015-06-16,0.005673730515753803,0.007729174749922271,7.446965524,7.062583727,7.559978078,0.0
2015-06-17,0.0019776843950728407,-0.0022636326075192947,7.518871517,7.315887883,6.637711339,0.0
2015-06-18,0.009854000054008836,0.005853250689961408,8.444075136,7.496404269,5.857952576,0.0
2015-06-19,-0.00531761523794962,0.00755451010511449,8.199487555,7.445076217,6.481190703,0.0
2015-06-22,0.006076367981542122,0.01826416770842796,7.784046859,7.633454088,7.51377657,0.0
2015-06-23,0.0006356664251933869,0.013226103617867545,7.559978078,7.369309539,8.500857567,0.0
2015-06-24,-0.007380465718305258,0.0038679535044894454,6.637711339,7.283751357,8.757082268,0.0
2015-06-25,-0.0029780041565964136,-0.008964050706115804,5.857952576,7.354542135,8.902469108,0.0
2015-06-26,-0.00039015574492238484,-0.004036591213088569,6.481190703,7.42669733,9.599216694,0.0
2015-06-29,-0.02108696950861153,-0.03119992870324222,7.51377657,7.616238825,12.47505492,1.0
2015-06-30,0.0026549623524674106,-0.029180632775968194,8.500857567,7.610280771,12.52304014,1.0
2015-07-01,0.006912096434637041,-0.014888070623025898,8.757082268,7.636755203,13.5767755,1.0
2015-07-02,-0.00030807018954653404,-0.012218136655976018,8.902469108,7.66296061,13.96567159,1.0
2015-07-06,-0.003869232698897424,-0.015697213609951056,9.599216694,7.823094828,13.37598086,1.0
2015-07-07,0.006062560593868743,0.011452316492529216,12.47505492,9.10803112,9.777583559,0.0
2015-07-08,-0.016792964912141516,-0.00799561077207971,12.52304014,9.24258727,9.091525885,0.0
2015-07-09,0.0022596476448199895,-0.012648059561896761,13.5767755,9.507996157,6.913230865,0.0
2015-07-10,0.012262986385007718,-7.700298734250946e-05,13.96567159,9.745665095,5.475741203,0.0
2015-07-13,0.011005268507355188,0.014797498218910101,13.37598086,9.750631444,5.216030717,0.0
2015-07-14,0.00444327323650017,0.013178210861541528,9.777583559,9.595263929,5.168020485,0.0
2015-07-15,-0.0007352563007372865,0.029235919472945758,9.091525885,9.603387751,4.728094077,0.0
2015-07-16,0.007982733444475738,0.034959005272601505,6.913230865,9.392381165,5.715442227,0.0
2015-07-17,0.00110557162445071,0.023801590512044498,5.475741203,9.20045229,7.346422335,0.0
2015-07-20,0.0007709366240016023,0.01356725862869091,5.216030717,9.223267242,7.552392633,0.0
2015-07-21,-0.004270796242723094,0.0048531891494676465,5.168020485,9.143213463,8.287599731,0.0
2015-07-22,-0.00239056502019028,0.0031978804300146543,4.728094077,9.139226311,8.509362251,0.0
2015-07-23,-0.0056922102113794535,-0.010477063225840537,5.715442227,9.239512484,8.581697794,0.0
2015-07-24,-0.010761020696661188,-0.022343655546952435,7.346422335,9.463714943,7.316590161,0.0
2015-07-27,-0.005791755065064178,-0.028906347236018218,7.552392633,9.424800211,7.997341122,0.0
2015-07-28,0.012310073801889353,-0.012325477191405768,8.287599731,9.308878566,7.492267694,0.0
2015-07-29,0.007292142927383681,-0.0026427692438318077,8.509362251,9.141204746,8.120890464,0.0
2015-07-30,2.836690402236809e-05,0.0030778078715700138,8.581697794,9.198279879,9.175775445,0.0
2015-07-31,-0.002274103801051709,0.011564724767179494,7.316590161,9.117649608,9.500727605,0.0
2015-08-03,-0.0027606939449045503,0.01459578588733912,7.997341122,9.043228681,9.070971687,0.0
2015-08-04,-0.0022522391669328678,3.347291851690153e-05,7.492267694,7.860152042,9.826006441,0.0
2015-08-05,0.003109838185490679,-0.0041488318233761,8.120890464,7.800141415,12.73943568,1.0
2015-08-06,-0.007783195922562142,-0.01196039464996061,9.175775445,7.718475123,11.9349101,1.0
2015-08-07,-0.0028790228563377145,-0.012565313705246616,9.500727605,7.545693796,11.64263323,1.0
2015-08-10,0.012726835632025084,0.002922215871683018,9.070971687,7.590876157,12.28793301,1.0
2015-08-11,-0.00960306468018227,-0.004428609641566383,9.826006441,7.875233692,11.40542327,1.0
2015-08-12,0.0009496036382146948,-0.006588844188842367,12.73943568,8.986186662,8.647952434,0.0
2015-08-13,-0.0012760258683812036,-8.16741346614299e-05,11.9349101,9.123441662,9.200850372,0.0
2015-08-14,0.0039043322743591373,0.006701680996035422,11.64263323,9.128487638,11.6620082,1.0
2015-08-17,0.005197891709402951,-0.0008272629265867106,12.28793301,9.411056325,22.62306541,1.0
2015-08-18,-0.0026289829356331003,0.006146818817962458,11.40542327,9.373532779,30.4553594,1.0
2015-08-19,-0.008289136409597112,-0.003091921229849349,8.647952434,9.688116569,31.5714439,1.0
2015-08-20,-0.021325960454146156,-0.0231418558156143,9.200850372,9.809919964,31.87165432,1.0
2015-08-21,-0.03236924252187817,-0.05941543061185161,11.6620082,10.19006453,31.32331238,1.0
2015-08-24,-0.04021144434651928,-0.10482476666777385,22.62306541,14.2217824,24.44200054,1.0
2015-08-25,-0.013614249742655897,-0.11581003347479664,30.4553594,17.39466207,17.86245355,1.0
2015-08-26,0.03829129943453164,-0.06922959763066788,31.5714439,18.02626719,15.44212397,1.0
2015-08-27,0.02400725448969004,-0.023896382686831686,31.87165432,18.21465708,16.11515033,1.0
2015-08-28,0.0006085511568762156,0.009081410991922702,31.32331238,18.32325754,17.12310197,1.0
2015-08-31,-0.008427078663984055,0.040865776674457926,24.44200054,18.3200048,17.54311679,1.0
2015-09-01,-0.030022649842427997,0.024457376574685823,17.86245355,19.19134079,17.16956625,1.0
2015-09-02,0.01812767142321464,0.00429374856336882,15.44212397,19.18525192,18.07523012,1.0
2015-09-03,0.0011641156994188924,-0.01854939022690233,16.11515033,19.38168043,17.09013687,1.0
2015-09-04,-0.015448308754276238,-0.03460625013805478,17.12310197,19.65899199,15.69592831,1.0
2015-09-08,0.024773637197038505,-0.0014055342770322235,17.54311679,19.79879241,15.5666572,1.0
2015-09-09,-0.013995035769084717,0.01462207979631106,17.16956625,20.44183118,11.09736345,0.0
2015-09-10,0.005264075444935658,0.0017584838180320795,18.07523012,20.2281752,12.24896995,1.0
2015-09-11,0.004477006444986281,0.0050713745635994675,17.09013687,20.32380897,12.55279957,1.0
2015-09-14,-0.00409804122304381,0.016421642094831896,15.69592831,20.35138276,13.57749284,1.0
2015-09-15,0.01274968763143236,0.004397692529225752,15.5666572,20.36723006,14.45660627,1.0
2015-09-16,0.0086677407153759,0.027060469013686368,11.09736345,20.39939732,14.78451014,1.0
2015-09-17,-0.002564344442560099,0.019232049126190615,12.24896995,20.68795828,14.14881334,1.0
2015-09-18,-0.01629623095438354,-0.0015411882731792073,12.55279957,20.7674383,15.23130226,1.0
2015-09-21,0.004555392033672697,0.0071122449835372996,13.57749284,20.64619213,15.77591436,1.0
2015-09-22,-0.012394930019378313,-0.018032372667273373,14.45660627,18.41525603,15.85739907,1.0
2015-09-23,-0.002050744229593947,-0.02875085761224322,14.78451014,15.45634552,15.87274955,1.0
2015-09-24,-0.00336865187130644,-0.02955516504098956,14.14881334,15.12778338,15.64722451,1.0
2015-09-25,-0.00046590180122054944,-0.013724835887826572,15.23130226,15.3406013,19.11730647,1.0
2015-09-28,-0.026001211162809106,-0.04428143908430837,15.77591436,15.59479538,18.36796531,1.0
2015-09-29,0.001232093912981713,-0.030654415151948344,15.85739907,15.89443561,17.46805865,1.0
2015-09-30,0.01889589860356512,-0.00970777231878928,15.87274955,14.90361868,17.6347512,1.0
2015-10-01,0.001971938678337173,-0.0043671817691456685,15.64722451,15.18038012,17.23470024,1.0
2015-10-02,0.014213793016405511,0.010312513048480392,19.11730647,16.17953592,10.90974348,0.0
2015-10-05,0.018124593518502156,0.05443831772979166,18.36796531,15.94500001,9.896491677,0.0
2015-10-06,-0.0035946893441432997,0.04961153447266664,17.46805865,15.87375554,9.771327256,0.0
2015-10-07,0.008003519857552759,0.038719155726654284,17.6347512,15.03879852,9.430221456,0.0
2015-10-08,0.008779780144558488,0.0455269971928756,17.23470024,14.93399403,8.063896996,0.0
2015-10-09,0.0007248485605153577,0.03203805273698544,10.90974348,14.78224657,7.88032389,0.0
2015-10-12,0.0012746644773328382,0.015188123695816123,9.896491677,14.73559027,8.201607739,0.0
2015-10-13,-0.006848823690127077,0.011933989349832346,9.771327256,14.67193307,7.488107485,0.0
2015-10-14,-0.0047274309119391435,-0.0007969614196595559,9.430221456,14.75160538,7.369523987,0.0
2015-10-15,0.014743551351355088,0.005166809787137044,8.063896996,14.20462848,8.142667329,0.0
2015-10-16,0.004560061373697022,0.00900202260031871,7.88032389,13.95157681,8.590034635,0.0
2015-10-19,0.0002705089438730595,0.00799786706685893,8.201607739,13.70646326,8.267508787,0.0
2015-10-20,-0.0014221010558937615,0.013424589701092246,7.488107485,13.30545723,8.156232843,0.0
2015-10-21,-0.005842448911134253,0.012309571701897134,7.369523987,13.28690698,8.225513163,0.0
2015-10-22,0.016490847012594123,0.014056867363136171,8.142667329,12.97304892,7.065898624,0.0
2015-10-23,0.010969953969042788,0.020466759958481937,8.590034635,12.45373547,6.59527282,0.0
2015-10-26,-0.0019149330011001104,0.01828131801350877,8.267508787,11.94718344,7.274357498,0.0
2015-10-27,-0.00255738586508774,0.01714603320431479,8.156232843,11.43686799,7.995155089,0.0
2015-10-28,0.011770488488143476,0.03475897060359252,8.225513163,11.42237363,7.812850041,0.0
2015-10-29,-0.00044987538066072313,0.017818248210337673,7.065898624,10.93493578,8.663747809,0.0
2015-10-30,-0.004821481688425431,0.0020268125528694544,6.59527282,8.637249649,9.312700089,0.0
2015-11-02,0.011803876338814608,0.015745621892784174,7.274357498,8.462784642,10.33019775,0.0
2015-11-03,0.0027243529250675206,0.021027360682939433,7.995155089,8.396386561,9.921794818,0.0
2015-11-04,-0.003551666939647187,0.00570520525514877,7.812850041,8.245281273,9.425505423,0.0
2015-11-05,-0.0011327897564983025,0.00502229087931119,8.663747809,8.004950272,8.904436618,0.0
2015-11-06,-0.00034768178002366065,0.009496090787712961,9.312700089,8.156472984,8.290686232,0.0
2015-11-09,-0.009871290656502512,-0.01217907620760416,10.33019775,8.591381343,7.741493491,0.0
2015-11-10,0.0015094551534496445,-0.013393973979222035,9.921794818,8.44038514,8.697908024,0.0
2015-11-11,-0.003233307321568946,-0.013075614361143795,9.425505423,8.243933055,9.497492223,0.0
2015-11-12,-0.014089163336632673,-0.026031987941278166,8.904436618,8.224650026,9.136145679,0.0
2015-11-13,-0.011270640432155438,-0.03695494659340994,8.290686232,8.257544728,9.192423464,0.0
2015-11-16,0.014793302794234362,-0.01229035314267307,7.741493491,8.483980279,8.473980262,0.0
2015-11-17,-0.0013402770182465746,-0.01514008531436929,8.697908024,8.725569545,8.875984503,0.0
2015-11-18,0.016033229877172244,0.0041264518843719,9.497492223,8.77129129,7.837809974,0.0
2015-11-19,-0.0011237403289792015,0.01709187489202537,9.136145679,8.481532863,7.926392235,0.0
2015-11-20,0.0038029552801494165,0.032165470604330226,9.192423464,8.418137173,7.621588501,0.0
2015-11-23,-0.0012356238416840882,0.016136543968411778,8.473980262,8.534757253,7.290634397,0.0
2015-11-24,0.0012212499449607925,0.018698070931619144,8.875984503,8.899455352,6.39844819,0.0
2015-11-25,-0.00012914061496715576,0.0025357004394797426,7.837809974,8.682085031,10.16920476,0.0
2015-11-27,0.0005934415594808398,0.004252882327939783,7.926392235,8.669578555,11.438121,1.0
2015-11-30,-0.004651800139618441,-0.004201873091828074,7.621588501,8.632078567,12.27842978,1.0
2015-12-01,0.01062393894673922,0.007657689696595233,7.290634397,8.538228715,12.95889861,1.0
2015-12-02,-0.011056592639448921,-0.0046201528878144806,6.39844819,8.570572568,16.0066117,1.0
2015-12-03,-0.014477826444150087,-0.01896883871699741,10.16920476,9.272088513,14.83761003,1.0
2015-12-04,0.02031785636385123,0.0007555760873729778,11.438121,9.43949754,14.87662762,1.0
2015-12-07,-0.007014043960397749,-0.0016066677334063304,12.27842978,9.514260039,15.79559499,1.0
2015-12-08,-0.006511052625594547,-0.018741659305740097,12.95889861,9.391824452,16.1312616,1.0
2015-12-09,-0.007769086365692726,-0.015454153031983903,16.0066117,10.62530544,13.75754167,1.0
2015-12-10,0.0022488565785946774,0.0012725299907608623,14.83761003,10.89955298,13.61404947,1.0
2015-12-11,-0.01961386775581532,-0.038659194128905686,14.87662762,11.16290187,13.0400072,1.0
2015-12-14,0.0047442880640680245,-0.02690086210443991,15.79559499,11.64956994,11.35555224,1.0
2015-12-15,0.010562580105914385,-0.00982722937293098,16.1312616,11.75917031,10.63831713,0.0
2015-12-16,0.014410635650771483,0.01235249264353323,13.75754167,11.88701825,9.089276731,0.0
2015-12-17,-0.015154776635876313,-0.0050511405709377614,13.61404947,11.94090663,7.855714373,0.0
2015-12-18,-0.017957495007106937,-0.0033947678222293783,13.0400072,12.09353281,7.416954075,0.0
2015-12-21,0.0077483067271562,-0.00039074915914120295,11.35555224,12.11711431,7.360925136,0.0
2015-12-22,0.008778095591568889,-0.002175233673486699,10.63831713,12.19095767,6.353217101,0.0
2015-12-23,0.012341596527553888,-0.004244272796704295,9.089276731,11.92724467,6.427322065,0.0
2015-12-24,-0.0015999154038633197,0.009310588435308699,7.855714373,11.94384766,12.51511512,1.0
2015-12-28,-0.002180936456306017,0.025087146986109622,7.416954075,12.01246911,12.8462219,1.0
2015-12-29,0.010573664173022947,0.02791250443197637,7.360925136,12.07675913,14.13700778,1.0
2015-12-30,-0.007243398783778549,0.011891010056628928,6.353217101,12.0591025,15.71211432,1.0
2015-12-31,-0.009456485041467845,-0.009907071512392803,6.427322065,11.93112517,18.13811387,1.0
2016-01-04,-0.015422041797805928,-0.02372919790633541,12.51511512,12.48836828,17.14375532,1.0
2016-01-05,0.0020102041393599396,-0.019538057310669456,12.8462219,12.36317578,18.54489151,1.0
2016-01-06,-0.01320216300262602,-0.04331388448631842,14.13700778,12.57465303,21.1547368,1.0
2016-01-07,-0.023985816519344776,-0.06005630222188465,15.71211432,12.85131604,23.78368892,1.0
2016-01-08,-0.010897537445847908,-0.06149735462626471,18.13811387,12.67069994,25.57993023,1.0
2016-01-11,0.0008529082958226729,-0.04522240453263611,17.14375532,13.20597445,25.81859036,1.0
2016-01-12,0.00777251411777486,-0.03946009455422119,18.54489151,13.54613795,29.93910638,1.0
2016-01-13,-0.025282375077909022,-0.05154030662950419,21.1547368,14.40928228,29.45490507,1.0
2016-01-14,0.016558060934383972,-0.010996429175775445,23.78368892,15.54084581,26.82765623,1.0
2016-01-15,-0.021835772698162375,-0.02193466442808991,25.57993023,16.63767882,23.63427092,1.0
2016-01-19,0.0005316801874288286,-0.022255892536483756,25.81859036,17.16718024,21.98742387,1.0
2016-01-20,-0.011762766025898373,-0.04179117268015699,29.93910638,19.10693406,17.4490266,1.0
2016-01-21,0.005181988635948063,-0.011326808966299905,29.45490507,19.80626498,15.5594113,1.0
2016-01-22,0.02008072688221347,-0.007804143018470409,26.82765623,19.82814226,15.89671379,1.0
2016-01-25,-0.015761545172821467,-0.001729915493129501,23.63427092,19.89480608,16.86982445,1.0
2016-01-26,0.014045237830367907,0.011783642149809577,21.98742387,20.0036426,17.54518827,1.0
2016-01-27,-0.010922922300528425,0.012623485875179525,17.4490266,20.67460422,18.40833749,1.0
2016-01-28,0.005513350717591524,0.012954847956822986,15.5594113,20.95867715,18.17333024,1.0
2016-01-29,0.024458650994556432,0.017332772069165947,15.89671379,21.12441149,18.82608032,1.0
2016-02-01,-0.00044333484554180534,0.032650982396445614,16.86982445,21.36874905,20.85062509,1.0
2016-02-02,-0.01892096871823143,-0.0003152241521537265,17.54518827,20.92718564,21.75889529,1.0
2016-02-03,0.0049796200215740235,0.015587318169948725,18.40833749,21.70022183,19.8526397,1.0
2016-02-04,0.0015255682925234377,0.011599535744880637,18.17333024,21.72256623,20.76094047,1.0
2016-02-05,-0.018654158276351848,-0.031513273526027646,18.82608032,21.75151608,19.75380887,1.0
2016-02-08,-0.014255057923057347,-0.04532499660354318,20.85062509,21.97868931,16.42018774,1.0
2016-02-09,-0.0006638406467602255,-0.02706786853207198,21.75889529,21.97344746,14.64813796,1.0
2016-02-10,-0.00018896813076091644,-0.032236456684406924,19.8526397,21.98756928,12.35370876,1.0
2016-02-11,-0.012377447329256216,-0.04613947230618657,20.76094047,21.6273744,9.229011373,0.0
2016-02-12,0.01933001520704595,-0.008155298822788776,19.75380887,20.71872892,8.89752105,0.0
2016-02-16,0.016381737741684915,0.022481496841953486,16.42018774,19.669398,9.034566798,0.0
2016-02-17,0.016346110625641338,0.03949144811435505,14.64813796,19.23082103,12.88784271,1.0
2016-02-18,-0.004676632123934705,0.03500378412118126,12.35370876,17.24874518,13.52229243,1.0
2016-02-19,-2.60332818018429e-05,0.047355198168635634,9.229011373,16.4966399,13.4384864,1.0
2016-02-22,0.014350731099076084,0.042375914060665765,8.89752105,16.40507281,14.37514467,1.0
2016-02-23,-0.01253257757078849,0.013461598748192362,9.034566798,16.35990149,14.811544,1.0
2016-02-24,0.0044299600346319485,0.0015454481571829728,12.88784271,17.04367618,11.06059827,0.0
2016-02-25,0.011284366730450844,0.017506447011568522,13.52229243,16.34365859,10.4734973,0.0
2016-02-26,-0.0018718653295646535,0.015660614963805716,13.4384864,16.02384277,11.08552716,0.0
2016-02-29,-0.008154131091571704,-0.006844247226842076,14.37514467,16.05027204,10.15916678,0.0
2016-03-01,0.023588385401618943,0.029276715745565358,14.811544,15.85383522,9.326648422,0.0
2016-03-02,0.0040859498611017005,0.02893270557203511,11.06059827,15.62410633,8.876536674,0.0
2016-03-03,0.003492634320316937,0.0211409731619012,10.4734973,14.48523353,12.20524353,1.0
2016-03-04,0.0033004398659416986,0.026313278357407554,11.08552716,14.31496707,11.37449159,1.0
2016-03-07,0.0008846228008639487,0.03535203224984321,10.15916678,13.95736633,11.07818235,0.0
2016-03-08,-0.011303756056006186,0.0004598907922180786,9.326648422,12.82199448,11.01232347,0.0
2016-03-09,0.00503967278281425,0.0014136137139306284,8.876536674,12.06020494,11.65948874,1.0
2016-03-10,0.00015579279712262694,-0.001923227809263682,12.20524353,12.18737695,8.860259228,0.0
2016-03-11,0.016262545588851488,0.011038877913646107,11.37449159,11.38019704,8.46256017,0.0
2016-03-14,-0.0012617686166117468,0.008892486496170412,11.07818235,11.31089584,8.253691441,0.0
2016-03-15,-0.0018386309343179589,0.018357611617858642,11.01232347,11.2834267,8.747960511,0.0
2016-03-16,0.005584727881779697,0.018902666716824085,11.65948874,11.21572451,7.6794073,0.0
2016-03-17,0.006573583068596323,0.025320456988297782,8.860259228,11.40195928,6.544581439,0.0
2016-03-18,0.004395967251026178,0.013453878650472472,8.46256017,11.2302695,6.756089039,0.0
2016-03-21,0.0009850919042923014,0.01570073917137652,8.253691441,11.18819691,8.288133215,0.0
2016-03-22,-0.0008777728967722512,0.016661597208922227,8.747960511,11.22682377,7.949783651,0.0
2016-03-23,-0.00640650953066712,0.00467035979647541,7.6794073,9.950461189,8.016125675,0.0
2016-03-24,-0.0003781417793768198,-0.0022813650514977323,6.544581439,9.746766839,10.00781289,0.0
2016-03-28,0.000545106888072358,-0.006132225414451552,6.756089039,9.611550798,9.930255945,0.0
2016-03-29,0.00877801205423741,0.0016606947354935566,8.288133215,9.523016439,8.894232522,0.0
2016-03-30,0.0043408799935662195,0.006879347625832027,7.949783651,9.327158091,9.13698035,0.0
2016-03-31,-0.0020418423596207116,0.011244014796878435,8.016125675,9.19195502,10.44468126,0.0
2016-04-01,0.006310959066599757,0.017933115642855012,10.00781289,9.623669107,9.174182129,0.0
2016-04-04,-0.003213480045854618,0.014174528708928035,9.930255945,9.290434674,10.14134869,0.0
2016-04-05,-0.01019629841179453,-0.004799781757103905,8.894232522,9.201223709,10.80390162,0.0
2016-04-06,0.01045279793201316,0.0013121361813430345,9.13698035,9.280107102,10.34762808,0.0
2016-04-07,-0.012048073970004866,-0.00869409542904112,10.44468126,9.59513694,9.011242177,0.0
2016-04-08,0.002782702604616504,-0.012222351891024372,9.174182129,8.741534138,7.855648357,0.0
2016-04-11,-0.0027435458896039448,-0.011752417734773698,10.14134869,8.926317831,7.256425324,0.0
2016-04-12,0.009615753881389974,0.008059634558410807,10.80390162,9.119323398,6.059062356,0.0
2016-04-13,0.009990069768557895,0.007596906394955543,10.34762808,9.086854378,6.658753715,0.0
2016-04-14,0.00017291243013242585,0.019817892795092835,9.011242177,8.853324509,6.875288357,0.0
2016-04-15,-0.000984769576145959,0.01605042061433037,7.855648357,8.49800997,7.41602242,0.0
2016-04-18,0.006519725613797989,0.025313692117732305,7.256425324,8.656751468,6.941562207,0.0
2016-04-19,0.0030797379028665328,0.018777676139208863,6.059062356,8.678090966,6.878176057,0.0
2016-04-20,0.0007612550492345003,0.009548861419885469,6.658753715,8.632726653,7.255327866,0.0
2016-04-21,-0.005207562857292034,0.004168386132461009,6.875288357,8.686508403,8.902496116,0.0
2016-04-22,4.785857954074228e-05,0.005201014288147709,7.41602242,8.675115794,9.773024469,0.0
2016-04-25,-0.0018136896207629953,-0.0031324009464132746,6.941562207,8.693358538,9.776501532,0.0
2016-04-26,0.0018710001742369307,-0.004341138675042876,6.878176057,8.364406806,10.47807374,0.0
2016-04-27,0.0016479941117468401,-0.003454399612530537,7.255327866,8.478452102,10.0561035,0.0
2016-04-28,-0.00927363606156167,-0.007520472816800174,8.902496116,8.899689309,8.865464655,0.0
2016-04-29,-0.005075949230557177,-0.012644280626898093,9.773024469,8.60793565,8.278572987,0.0
2016-05-02,0.007779606697244105,-0.003050984308890993,9.776501532,8.64968106,8.119417766,0.0
2016-05-03,-0.008714499388395887,-0.013636483871523811,10.47807374,8.811013877,7.216989542,0.0
2016-05-04,-0.00595458270547255,-0.0212390606887432,10.0561035,8.734663815,6.879611908,0.0
2016-05-05,-0.00023903669279415213,-0.012204461319975681,8.865464655,8.460540411,7.801766162,0.0
2016-05-06,0.0031696105535526063,-0.003958901535865898,8.278572987,8.377878276,8.165251765,0.0
2016-05-09,0.0007532133076099479,-0.010985294925500055,8.119417766,8.09854804,8.987387963,0.0
2016-05-10,0.012406365236037333,0.010135569698933164,7.216989542,7.840543826,9.80856853,0.0
2016-05-11,-0.009607522877868724,0.0064826295265369895,6.879611908,7.833151681,11.5529126,1.0
2016-05-12,-0.00016947926796424465,0.006552186951366897,7.801766162,8.154569975,11.3014894,1.0
2016-05-13,-0.008514434161752484,-0.005131857763938194,8.165251765,8.451560549,10.81322678,0.0
2016-05-16,0.009748976389612767,0.003863905318064625,8.987387963,8.521492758,10.01853825,0.0
2016-05-17,-0.009455863552162807,-0.017998323470135514,9.80856853,8.737738408,9.787058687,0.0
2016-05-18,0.00020515768640127935,-0.008185642905865513,11.5529126,9.145543307,7.905122917,0.0
2016-05-19,-0.0037135945227206248,-0.011729758160621892,11.3014894,9.306477831,6.711333302,0.0
2016-05-20,0.006001459222804671,0.002786135223935263,10.81322678,9.322606769,5.875662712,0.0
2016-05-23,-0.0020876365681016884,-0.009050477733779191,10.01853825,9.255392727,6.608879036,0.0
2016-05-24,0.013588637533990108,0.013994023352373722,9.787058687,9.405709726,6.246032056,0.0
2016-05-25,0.006950529651583447,0.020739395317555892,7.905122917,9.279211112,6.65690191,0.0
2016-05-26,-0.0002104660499285901,0.024242523790347924,6.711333302,8.835010981,7.82175363,0.0
2016-05-27,0.004277694939439437,0.02251875950698269,5.875662712,8.465450267,8.12291973,0.0
2016-05-31,-0.0010057686205899895,0.02360062745449439,6.608879036,8.525644815,7.617750079,0.0
2016-06-01,0.001134398653926189,0.011146388574430472,6.246032056,8.412674795,6.784871499,0.0
2016-06-02,0.002820696166986195,0.007016555089833219,6.65690191,8.479448109,6.153657791,0.0
2016-06-03,-0.002916062236694851,0.004310958903066958,7.82175363,8.585060314,5.687802716,0.0
2016-06-06,0.004885328519363624,0.004918592482991145,8.12291973,8.427669416,6.488134339,0.0
2016-06-07,0.001288615629197613,0.007212976732778748,7.617750079,8.409097,7.441337768,0.0
2016-06-08,0.0033041019719547236,0.009382680050807283,6.784871499,8.322288328,8.192916743,0.0
2016-06-09,-0.0017192355978938075,0.004842748285927279,6.153657791,8.338803948,10.3675703,0.0
2016-06-10,-0.009217532410166119,-0.0014587218875439885,5.687802716,8.159298176,10.25835577,0.0
2016-06-13,-0.008148298789709478,-0.01449234919661709,6.488134339,8.054920824,11.17259067,0.0
2016-06-14,-0.0018005050719719037,-0.017581469897786608,7.441337768,8.022655652,10.63176043,0.0
2016-06-15,-0.0018424090638101951,-0.022727980933551526,8.192916743,7.873337923,10.62258049,0.0
2016-06-16,0.0031280931110455722,-0.01788065222461215,10.3675703,7.939762742,8.49113528,0.0
2016-06-17,-0.003263284144608922,-0.011926403959054949,10.25835577,7.807156772,12.63167454,1.0
2016-06-20,0.0057913827784231015,0.0020132776090776303,11.17259067,8.176611565,13.3577128,1.0
2016-06-21,0.002708390604209703,0.006522173285259237,10.63176043,8.217591435,13.57583904,1.0
2016-06-22,-0.00165292899657585,0.006711653352493582,10.62258049,8.139571528,13.78629962,1.0
2016-06-23,0.013275567071955107,0.016859127313403117,8.49113528,8.089618959,14.28247011,1.0
2016-06-24,-0.03658079280558263,-0.01645838134757059,12.63167454,9.464723905,10.52203243,0.0
2016-06-27,-0.018262246511702756,-0.04051201063769645,13.3577128,10.14067288,8.173064699,0.0
2016-06-28,0.01761412160408792,-0.02560627963781823,13.57583904,10.13337751,9.308388081,0.0
2016-06-29,0.016889242971253916,-0.007064107669988464,13.78629962,10.19877002,9.501267488,0.0
2016-06-30,0.013473863149466128,-0.006865811592477443,14.28247011,10.26453054,9.087295371,0.0
2016-07-01,0.0019467062930320223,0.03166168750613721,10.52203243,10.09773899,9.080505975,0.0
2016-07-05,-0.006871028985598719,0.043052905032241254,8.173064699,10.1507407,8.918522958,0.0
2016-07-06,0.0053386870582759595,0.030777470486429287,9.308388081,10.48042618,7.316020401,0.0
2016-07-07,-0.0008719578867330009,0.013016269628442372,9.501267488,10.72729279,6.022895302,0.0
2016-07-08,0.0151381865659924,0.014680593044968644,9.087295371,10.79529738,5.82721524,0.0
2016-07-11,0.0034028193119982385,0.01613670606393486,9.080505975,10.70002126,5.566301076,0.0
2016-07-12,0.006984842307345719,0.029992577356879296,8.918522958,10.60181956,5.053385646,0.0
2016-07-13,0.00013475867498170382,0.024788648973585042,7.316020401,10.45834569,4.900061097,0.0
2016-07-14,0.005245422801696999,0.03090602966201504,6.022895302,10.36159526,5.310903371,0.0
2016-07-15,-0.0009293790598711438,0.014838464036151498,5.82721524,9.907367275,4.852027546,0.0
2016-07-18,0.0023794618218687365,0.013815106546021996,5.566301076,9.794279765,5.183281392,0.0
2016-07-19,-0.0014362045004153862,0.0053940597382608904,5.053385646,9.35820811,5.917777237,0.0
2016-07-20,0.004261208315763991,0.009520509379043179,4.900061097,9.333866394,6.657166787,0.0
2016-07-21,-0.003619069856524976,0.0006560167208212028,5.310903371,9.284625781,6.602174619,0.0
2016-07-22,0.004543626789510244,0.0061290225702025905,4.852027546,9.274514788,6.942776585,0.0
2016-07-25,-0.0030160187399297005,0.0007335420084041535,5.183281392,7.921787501,7.035723124,0.0
2016-07-26,0.0003227321607194127,0.0024924786695389523,5.917777237,7.191937017,7.811561842,0.0
2016-07-27,-0.001199260946808637,-0.002967990593033676,6.657166787,7.219742232,7.236024779,0.0
2016-07-28,0.001604920448092453,0.0022559997115837527,6.602174619,7.04172841,6.935700688,0.0
2016-07-29,0.0016299801176578648,-0.0006576469602686261,6.942776585,6.860752376,6.420156233,0.0
2016-08-01,-0.0012705941474910585,0.0010877776321700156,7.035723124,6.88852492,6.015778691,0.0
2016-08-02,-0.006381940812667669,-0.005616895341217066,7.811561842,7.090792341,4.383390789,0.0
2016-08-03,0.0031290427160710972,-0.0012885916783373316,7.236024779,6.599482508,4.373715647,0.0
2016-08-04,0.00021254929948908707,-0.002680962826940698,6.935700688,6.248472137,4.232516169,0.0
2016-08-05,0.00856669728938006,0.004255754344781497,6.420156233,6.060510736,4.25637383,0.0
2016-08-08,-0.0009075772915415996,0.004618771200730956,6.015778691,5.990432096,4.227073991,0.0
2016-08-09,0.00038971798655598234,0.011390429999954607,4.383390789,5.932777746,3.765632631,0.0
2016-08-10,-0.0028687970634882847,0.0053925902203952256,4.373715647,5.91223121,4.502968548,0.0
2016-08-11,0.004723415102443644,0.009903456023349782,4.232516169,5.869679324,4.25717075,0.0
2016-08-12,-0.0007963633869140575,0.0005403953470556647,4.25637383,5.724496534,4.577463129,0.0
2016-08-15,0.002789016294521772,0.004236988933119037,4.227073991,5.710200383,4.79482915,0.0
2016-08-16,-0.0054941422164782264,-0.001646871269915172,3.765632631,5.688468374,4.957929761,0.0
2016-08-17,0.0018668460061555662,0.003088771799728679,4.502968548,5.832753178,4.761488876,0.0
2016-08-18,0.002197201696382422,0.000562558393667457,4.25717075,5.650892621,5.112750866,0.0
2016-08-19,-0.0014413095687681864,-8.238778818667192e-05,4.577463129,5.667681176,7.812646809,0.0
2016-08-22,-0.0005634818833231075,-0.0034348859660315516,4.79482915,5.624711864,7.854607866,0.0
2016-08-23,0.001949867178361733,0.004009123428808408,4.957929761,5.45425682,8.160414818,0.0
2016-08-24,-0.005254055259671874,-0.0031117778370190322,4.761488876,5.348783629,8.119580055,0.0
2016-08-25,-0.001366160396645455,-0.006675139930046909,5.112750866,5.250758549,8.742795066,0.0
2016-08-26,-0.001580064238713279,-0.006813894599992001,7.812646809,5.944025217,6.5463669,0.0
2016-08-29,0.005214428428674345,-0.0010359842879945494,7.854607866,5.889460906,6.621580608,0.0
2016-08-30,-0.001955591407122778,-0.004941442873479061,8.160414818,5.580491498,6.386181633,0.0
2016-08-31,-0.0023786911055626065,-0.002066078719369793,8.119580055,5.656975139,5.945550692,0.0
2016-09-01,-4.138538941144249e-05,-0.0007413037121357807,8.742795066,5.886730478,6.406776406,0.0
2016-09-02,0.004192241599034617,0.005031002125612116,6.5463669,5.978341255,8.965974259,0.0
2016-09-06,0.002977242370005349,0.0027938160669431188,6.621580608,6.049767259,10.09069709,0.0
2016-09-07,-0.00014639593829345095,0.004603011535772445,6.386181633,6.044351546,11.12904315,0.0
2016-09-08,-0.0022254881924702883,0.004756214448864765,5.945550692,6.004699313,12.13761241,1.0
2016-09-09,-0.024827742410836417,-0.02003014257256021,6.406776406,6.358989182,11.72187371,1.0
2016-09-12,0.014570387233434434,-0.009651996938160391,8.965974259,7.162999247,10.39655457,0.0
2016-09-13,-0.014941748278210834,-0.027570987586376574,10.09069709,7.58868811,9.295228752,0.0
2016-09-14,-0.0005878493998128358,-0.02801244104789596,11.12904315,7.997067504,9.042174815,0.0
2016-09-15,0.01005851644943989,-0.01572843640598578,12.13761241,8.235146697,7.627655211,0.0
2016-09-16,-0.0037794277955721,0.005319878209278536,11.72187371,8.381911985,7.019866718,0.0
2016-09-19,-1.8603233824686035e-05,-0.009269112257980584,10.39655457,8.549406575,5.998071034,0.0
2016-09-20,0.0002990934842341777,0.005971729504464427,9.295228752,8.569767206,6.565586405,0.0
2016-09-21,0.010858000333635954,0.017417579237913216,9.042174815,8.845792963,6.429823507,0.0
2016-09-22,0.006478751917642122,0.01383781470611545,7.627655211,8.757566903,8.18015013,0.0
2016-09-23,-0.005753292959718776,0.011863949541968774,7.019866718,8.720150535,8.857936386,0.0
2016-09-26,-0.008624850117916047,0.0032577026578774135,5.998071034,8.174790779,8.934591333,0.0
2016-09-27,0.006423495165298114,0.00938210433894135,6.565586405,8.29421033,9.235522782,0.0
2016-09-28,0.005282576603642458,0.0038066806089478546,6.429823507,8.481486793,8.299476669,0.0
2016-09-29,-0.009365127730081198,-0.012037199038775464,8.18015013,8.771647338,7.013762329,0.0
2016-09-30,0.0079363925880277,0.001652486508971012,8.857936386,8.749152428,7.456844855,0.0
2016-10-03,-0.003266023181527122,0.0070113134453599355,8.934591333,8.721823488,7.421764962,0.0
2016-10-04,-0.004967881786362002,-0.004380063506300179,9.235522782,8.896983355,8.393070737,0.0
2016-10-05,0.004287486231196994,-0.005375153878745643,8.299476669,8.885950568,8.714832912,0.0
2016-10-06,0.0004814438526045025,0.004471417703940057,7.013762329,8.966750764,9.943128611,0.0
2016-10-07,-0.0032587874416142044,-0.006723762325701847,7.456844855,8.954725347,9.583807462,0.0
2016-10-10,0.004595330317324387,0.0011375911731496624,7.421764962,8.351268176,9.63704032,0.0
2016-10-11,-0.012524577697755964,-0.0064191047382443,8.393070737,8.444624323,7.959636511,0.0
2016-10-12,0.0011459322063988205,-0.009560658763042473,8.714832912,8.184332309,7.739296695,0.0
2016-10-13,-0.0031040764122339942,-0.013146179027880971,9.943128611,8.263695432,6.241260718,0.0
2016-10-14,0.0002015841591211507,-0.009685807427145615,9.583807462,8.294508219,5.902108414,0.0
2016-10-17,-0.0030426181118402627,-0.017323755856310265,9.63704032,8.120328191,5.71598689,0.0
2016-10-18,0.00614150560569863,0.001342327447144331,7.959636511,8.096314836,5.608369436,0.0
2016-10-19,0.0021895721553504997,0.0023859673960960103,7.739296695,7.843292825,6.091744189,0.0
2016-10-20,-0.0013766711313809553,0.0041133726769490495,6.241260718,7.967541341,5.758107275,0.0
2016-10-21,-8.414514015477906e-05,0.0038276433776731197,5.902108414,8.07390583,6.995622004,0.0
2016-10-24,0.004738594647427366,0.011608856136940748,5.71598689,8.069302474,6.973587601,0.0
2016-10-25,-0.0038049574647063588,0.0016623930665357585,5.608369436,7.914356237,9.916544604,0.0
2016-10-26,-0.001741927921187231,-0.002269107010001972,6.091744189,7.775533523,9.986127869,0.0
2016-10-27,-0.0029911959060088668,-0.003883631784629884,5.758107275,7.419026273,10.29829997,0.0
2016-10-28,-0.00311314013962507,-0.006912626784100174,6.995622004,7.603083447,9.767294375,0.0
2016-10-31,-0.0001222838841985538,-0.011773505315726093,6.973587601,7.57064349,10.3149275,0.0
2016-11-01,-0.006810019108735079,-0.014778566959754814,9.916544604,8.117744674,8.966492466,0.0
2016-11-02,-0.006546884453454001,-0.01958352349202158,9.986127869,8.256469026,11.68878561,1.0
2016-11-03,-0.004433213022609399,-0.021025540608622113,10.29829997,8.32210796,13.31861214,1.0
2016-11-04,-0.0016675202716929607,-0.019579920740690007,9.767294375,8.231388337,13.1672566,1.0
2016-11-07,0.0219801997294649,0.0025225628729734495,10.3149275,8.375167247,13.13231341,1.0
2016-11-08,0.0037648783971575305,0.013097460378866057,8.966492466,8.269604965,12.27849424,1.0
2016-11-09,0.011016119879656035,0.030660464711976095,11.68878561,9.129026774,9.204673731,0.0
2016-11-10,0.001948845716095396,0.03704252345068089,13.31861214,9.428010745,5.909262339,0.0
2016-11-11,-0.0013989283477976058,0.03731111537457624,13.1672566,9.388161385,5.364228419,0.0
2016-11-14,-0.00011550945718323702,0.015215406187928106,13.13231341,9.488925322,4.261212019,0.0
2016-11-15,0.007452955022089459,0.018903482812860035,12.27849424,9.499356196,4.311546815,0.0
2016-11-16,-0.0015835165223759536,0.006303846410828047,9.204673731,9.462898928,4.462314788,0.0
2016-11-17,0.004665469361197901,0.009020470055930551,5.909262339,9.374374546,4.057900476,0.0
2016-11-18,-0.00238965136554844,0.008029747038179717,5.364228419,9.307125759,3.972227141,0.0
2016-11-21,0.007433702070873876,0.01557895856623683,4.261212019,9.295754903,4.580146063,0.0
2016-11-22,0.002163091103593048,0.010289094647740419,4.311546815,9.328540892,5.131588737,0.0
2016-11-23,0.000807698156908801,0.012680309327025173,4.462314788,9.232940086,5.58958173,0.0
2016-11-25,0.003906745613423708,0.011921585579250979,4.057900476,9.149130415,5.968161629,0.0
2016-11-28,-0.0052683892547352165,0.009042847690064205,3.972227141,8.850568072,6.043789728,0.0
2016-11-29,0.001334402353261901,0.0029435479724522293,4.580146063,8.916151787,5.830188761,0.0
2016-11-30,-0.0026569305551563936,-0.0018764736862972118,5.131588737,8.30785843,6.375985341,0.0
2016-12-01,-0.003521722966763813,-0.006205894809969826,5.58958173,8.253929437,6.402776232,0.0
2016-12-02,0.0003969277200846238,-0.00971571270330891,5.968161629,8.130041825,6.157462616,0.0
2016-12-05,0.005804426926743671,0.0013571034781699777,6.043789728,7.975863208,6.372840501,0.0
2016-12-06,0.0034050844688746093,0.0034277855937826862,5.830188761,7.835566705,6.564494844,0.0
2016-12-07,0.013077358744723351,0.01916207489366243,6.375985341,7.686632044,7.458312347,0.0
2016-12-08,0.0021570150168711013,0.024840812877297346,6.402776232,6.64976013,7.800987835,0.0
2016-12-09,0.005921418532969715,0.030365303690182435,6.157462616,5.588363731,8.103552487,0.0
2016-12-12,-0.001138082290599516,0.02342279447283925,6.372840501,5.51575075,7.924908134,0.0
2016-12-13,0.00651848320123699,0.026536193205201633,6.564494844,5.390254154,7.531730485,0.0
2016-12-14,-0.008150295461858616,0.0053085389986196625,7.458312347,5.94142767,5.220669441,0.0
2016-12-15,0.0038757076875535726,0.007027231669302134,7.800987835,6.184792476,3.896407891,0.0
2016-12-16,-0.0017521567509802415,-0.0006463436146478224,8.103552487,6.238337484,3.040612359,0.0
2016-12-19,0.0019731727152112587,0.002464911391162952,7.924908134,6.239456061,2.831412107,0.0
2016-12-20,0.0036309124011527547,-0.00042265940892128326,7.531730485,6.220699229,3.914568085,0.0
2016-12-21,-0.0024603857246776667,0.005267250328259666,5.220669441,6.121033502,4.43727798,0.0
2016-12-22,-0.0018647112223965044,-0.00047316858169041084,3.896407891,6.088439313,5.593431,0.0
2016-12-23,0.0012509325350792359,0.0025299207043690663,3.040612359,6.091924686,6.855605851,0.0
2016-12-27,0.0022458489045486347,0.0028025968937064423,2.831412107,6.081972414,6.880527418,0.0
2016-12-28,-0.008391640709771516,-0.009219956217217828,3.914568085,6.106031873,6.698243659,0.0
2016-12-29,-0.00029334773186837293,-0.007052918224408534,4.43727798,5.983820632,7.406087246,0.0
2016-12-30,-0.004647834696854234,-0.009836041698866264,5.593431,6.089323022,6.491475046,0.0
2017-01-03,0.008450766753157112,-0.002636207480788388,6.855605851,6.321126559,5.964975988,0.0
2017-01-04,0.005705963770549438,0.0008239073852124154,6.880527418,6.300313823,6.436916387,0.0
2017-01-05,-0.0007709676024811847,0.008444580492502747,6.698243659,6.324750352,7.148084563,0.0
2017-01-06,0.0035107891805790594,0.01224871740495018,7.406087246,6.273383789,6.202161886,0.0
2017-01-09,-0.003554905471559629,0.013341646630244786,6.491475046,6.112755604,6.437489833,0.0
2017-01-10,0.0,0.004890879877087673,5.964975988,6.274813873,5.921976028,0.0
2017-01-11,0.0028256423891019514,0.0020105584956401864,6.436916387,6.316577665,6.029431604,0.0
2017-01-12,-0.002147112393729617,0.000634413704391754,7.148084563,6.480979641,5.257445703,0.0
2017-01-13,0.0018481313951466559,-0.0010282440810406494,6.202161886,5.921608009,6.00152481,0.0
2017-01-17,-0.0029719144562184454,-0.0004452530656994659,6.437489833,5.701951166,6.487522329,0.0
2017-01-18,0.0017622004698093201,0.0013169474041098547,5.921976028,5.63239278,6.379750271,0.0
2017-01-19,-0.003615837624319374,-0.00512453260931147,6.029431604,5.769455999,5.719482232,0.0
2017-01-20,0.0033605840612999428,0.00038316384571808904,5.257445703,5.893347089,5.249515863,0.0
2017-01-23,-0.002693749646069815,-0.0041587171954983815,6.00152481,6.103783177,5.665913868,0.0
2017-01-24,0.006543140528962317,0.0053563377896823795,6.487522329,6.264082932,5.288643529,0.0
2017-01-25,0.007994052795968681,0.01158819011584174,6.379750271,6.291885324,6.195638274,0.0
2017-01-26,-0.0007356549352631034,0.014468372804898011,5.719482232,6.281760752,6.567061113,0.0
2017-01-27,-0.0008668394897415927,0.010240949253856477,5.249515863,6.14735173,6.592904793,0.0
2017-01-30,-0.006027673496096654,0.006907025403829637,5.665913868,6.352909183,5.554442417,0.0
2017-01-31,-0.0008903016080325452,-0.0005264167331652251,5.288643529,6.197544271,5.342320521,0.0
2017-02-01,0.00029831898811628964,-0.008222150541017617,6.195638274,6.118371633,4.525130161,0.0
2017-02-02,0.0005701468386910137,-0.006916348767063499,6.567061113,6.197312052,4.36080768,0.0
2017-02-03,0.007238496854553608,0.0011889875772317007,6.592904793,6.118816443,4.398048809,0.0
2017-02-06,-0.002117597513709103,0.005099063559619251,5.554442417,5.861730176,4.466695576,0.0
2017-02-07,0.00022680346384577153,0.006216168631497568,5.342320521,5.916911361,4.745276556,0.0
2017-02-08,0.0006930821486096318,0.006610931791990911,4.525130161,5.801589226,4.897365555,0.0
2017-02-09,0.00573606373596025,0.011776848689260147,4.36080768,5.727334846,5.064966814,0.0
2017-02-10,0.0035597068220090916,0.00809805865671563,4.398048809,5.431560067,5.186570245,0.0
2017-02-13,0.005232133584011204,0.015447789754435937,4.466695576,5.452615885,5.101836261,0.0
2017-02-14,0.003999327195672579,0.019220313486262745,4.745276556,5.5026297,4.64592316,0.0
2017-02-15,0.00497988866573445,0.02350712000338756,4.897365555,5.557610536,4.825652903,0.0
2017-02-16,-0.0008644916015501692,0.016906564665877144,5.064966814,5.488836423,4.582805746,0.0
2017-02-17,0.001677149327237158,0.01502400717110521,5.186570245,5.414498007,4.550488181,0.0
2017-02-21,0.0060298500200691545,0.015821723607163163,5.101836261,5.218584893,4.651640238,0.0
2017-02-22,-0.001082786146804093,0.010739610264686488,4.64592316,5.015286396,5.520863934,0.0
2017-02-23,0.00041889897125923353,0.006178620570211272,4.825652903,5.151064257,5.162261893,0.0
2017-02-24,0.0014922502320316529,0.008535362403793094,4.582805746,5.215336341,4.994489895,0.0
2017-02-27,0.0010174652677336642,0.0078756783442896,4.550488181,5.253967085,5.173520768,0.0
2017-02-28,-0.0025817061151949088,-0.0007358777909744632,4.651640238,4.961594756,5.236629457,0.0
2017-03-01,0.013581211083725323,0.013928119439554952,5.520863934,5.077464395,4.650223706,0.0
2017-03-02,-0.0058771169721052695,0.007632103496190449,5.162261893,4.857902483,5.255499579,0.0
2017-03-03,0.0005037503685347897,0.0066436036326935856,4.994489895,4.759663073,5.773988617,0.0
2017-03-06,-0.0032826227635658124,0.00234351560139411,5.173520768,4.840341002,5.421486181,0.0
2017-03-07,-0.0029176259020898777,0.002007595814499141,5.236629457,4.874426827,5.47925523,0.0
2017-03-08,-0.002286827964063899,-0.013860443233290082,4.650223706,4.904252509,6.111516168,0.0
2017-03-09,0.0007995756127663866,-0.007183750648418425,5.255499579,5.038361316,5.618600664,0.0
2017-03-10,0.0032633397058585423,-0.004424161311094672,5.773988617,5.12200818,4.959781365,0.0
2017-03-13,0.0003665656191696328,-0.0007749729283592272,5.421486181,5.093262293,5.178816141,0.0
2017-03-14,-0.003384748980891005,-0.0012420960071603546,5.47925523,5.126183183,7.170208719,0.0
2017-03-15,0.008339879124686365,0.00938461108158991,6.111516168,5.268770041,7.006759438,0.0
2017-03-16,-0.0016280347991836145,0.006957000669639908,5.618600664,5.223141369,7.643466394,0.0
2017-03-17,-0.0013151792642314352,0.002378481699549931,4.959781365,5.096209708,8.651214012,0.0
2017-03-20,-0.0020119160803802947,3.469446951953614e-18,5.178816141,5.091289347,9.480944534,0.0
2017-03-21,-0.012485594590102116,-0.009100845609211107,7.170208719,5.711702372,8.933960232,0.0
2017-03-22,0.0018881028474626675,-0.015552621886434805,7.006759438,5.885359522,8.604179332,0.0
2017-03-23,-0.001060832144830083,-0.014985419232081274,7.643466394,6.005424124,8.094920642,0.0
2017-03-24,-0.0008443522139384829,-0.014514592181788322,8.651214012,6.279466716,7.06016848,0.0
2017-03-27,-0.0010201075858456302,-0.013522783687253657,9.480944534,6.573931005,7.194096253,0.0
2017-03-28,0.007225308829623951,0.00618811973247241,8.933960232,6.867897503,5.998524823,0.0
2017-03-29,0.0010847362038301697,0.005384753088839912,8.604179332,6.747254816,7.814951468,0.0
2017-03-30,0.0029308109117050134,0.00937639614537501,8.094920642,6.766447886,8.162861093,0.0
2017-03-31,-0.0022575939382668176,0.007963154421046673,7.06016848,6.756993758,8.478853765,0.0
2017-04-03,-0.0016434753080133316,0.007339786698878972,7.194096253,7.033064396,7.84884088,0.0
2017-04-04,0.0005593660746613713,0.0006738439439163926,5.998524823,7.021966897,8.581725651,0.0
2017-04-05,-0.003059536811522123,-0.0034704290714359,7.814951468,7.442289233,6.972753358,0.0
2017-04-06,0.001927650293734993,-0.00447358968940592,8.162861093,7.452370317,7.046045817,0.0
2017-04-07,-0.0008274724629448716,-0.003043468214083974,8.478853765,7.436058688,6.699430714,0.0
2017-04-10,0.000687450135783276,-0.0007125427702873666,7.84884088,7.583992516,6.601469694,0.0
2017-04-11,-0.0014349082919582845,-0.0027068171369070224,8.581725651,7.759765681,6.323571696,0.0
2017-04-12,-0.0037670374189869064,-0.003414317744371806,6.972753358,7.629209259,6.997748931,0.0
2017-04-13,-0.006838020289804216,-0.012179988327911015,7.046045817,7.749667438,6.526209161,0.0
2017-04-17,0.008576465691107291,-0.002776050173858853,6.699430714,7.769536922,6.459017954,0.0
2017-04-18,-0.0029076028458332546,-0.006371103155475384,6.601469694,7.855364973,6.06023558,0.0
2017-04-19,-0.0017178253968685745,-0.006654020260385673,6.323571696,7.573498525,5.541847896,0.0
2017-04-20,0.0075288503629738525,0.004641867521575086,6.997748931,7.627141469,4.624611669,0.0
2017-04-21,-0.0030396881071153782,0.008440199704263924,6.526209161,7.489963436,4.353244124,0.0
2017-04-24,0.010781736588111827,0.01064547060126846,6.459017954,7.21696309,4.575271943,0.0
2017-04-25,0.006072214211751177,0.01962528765885289,6.06023558,6.958181901,4.378809555,0.0
2017-04-26,-0.0004858214756873499,0.020857291580034115,5.541847896,6.714312182,4.225112937,0.0
2017-04-27,0.0005527670002992063,0.01388120821735947,4.624611669,6.709103499,4.413776208,0.0
2017-04-28,-0.0019149794714900413,0.015005916852984807,4.353244124,6.667480845,4.427748666,0.0
2017-05-01,0.0017307918268938255,0.005954972091766805,4.575271943,6.697487576,4.225303674,0.0
2017-05-02,0.0011883435858115294,0.001071101465827158,4.378809555,6.345946219,4.548883325,0.0
2017-05-03,-0.0012721693958273864,0.0002847535456871216,4.225112937,6.367833846,4.246864867,0.0
2017-05-04,0.0005819332878695465,0.0003139198332574617,4.413776208,5.883371334,4.627375263,0.0
2017-05-05,0.00408035940747836,0.006309258712225862,4.427748666,5.718257172,4.452644327,0.0
2017-05-08,3.7445271907879016e-05,0.004615912157239915,4.225303674,5.598829996,4.41333654,0.0
2017-05-09,-0.0010257745567932176,0.002401794014635169,4.548883325,5.481153392,4.251026855,0.0
2017-05-10,0.0011299627174494742,0.00480392612791203,4.246864867,5.162050892,5.464196575,0.0
2017-05-11,-0.0021651513741066187,0.0020568414659358648,4.627375263,5.273745003,6.413480842,0.0
2017-05-12,-0.0014795353407942593,-0.003503053282336754,4.452644327,5.024269603,7.217077018,0.0
2017-05-15,0.0047651423030152336,0.0012246437487706003,4.41333654,4.999568902,7.182753959,0.0
2017-05-16,-0.0006871330369860457,0.0015632852685777722,4.251026855,4.864771249,7.069457937,0.0
2017-05-17,-0.018345468171115042,-0.017912145619986743,5.464196575,4.910625287,6.210087193,0.0
2017-05-18,0.003680038627215951,-0.012066955618664174,6.413480842,5.084628596,4.722261016,0.0
2017-05-19,0.0067447032082007,-0.0038427170696692147,7.217077018,5.255186363,3.316487827,0.0
2017-05-22,0.00514686329600843,-0.003460996076676018,7.182753959,5.240605842,3.285888267,0.0
2017-05-23,0.0018361851723804105,-0.000937677867309561,7.069457937,5.194101883,3.886322088,0.0
2017-05-24,0.0024860338045762944,0.019893824108381773,6.210087193,5.106615016,4.21039161,0.0
2017-05-25,0.004432112041978175,0.020645897523144,4.722261016,5.107017423,4.299574263,0.0
2017-05-26,0.00031050178530242343,0.014211696100245723,3.316487827,5.062516468,4.329663209,0.0
2017-05-30,-0.0012053507295338199,0.007859482074703472,3.285888267,4.992988752,4.465222041,0.0
2017-05-31,-0.0004600746199513276,0.005563222282371733,3.886322088,5.095201265,4.28615334,0.0
2017-06-01,0.0075425955848472245,0.010619784062642664,4.21039161,5.103574381,4.370087852,0.0
2017-06-02,0.00370087461804602,0.00988854663871051,4.299574263,5.082603326,7.391321555,0.0
2017-06-05,-0.0012184071404286387,0.008359637712979448,4.329663209,5.041262669,7.611311015,0.0
2017-06-06,-0.0027829086662040834,0.0067820797763091835,4.465222041,5.044917329,7.650624586,0.0
2017-06-07,0.0015670287963475379,0.00880918319260805,4.28615334,5.037932976,7.937455357,0.0
2017-06-08,0.00026716903566476714,0.0015337566434255917,4.370087852,5.129514901,8.093829576,0.0
2017-06-09,-0.0008303338661872762,-0.0029974518408077046,7.391321555,5.842740341,5.455105026,0.0
2017-06-12,-0.0009792424797181137,-0.0027582871800971797,7.611311015,5.911077124,5.253996725,0.0
2017-06-13,0.00450135884323014,0.0045259803293370435,7.650624586,5.934207625,5.160206856,0.0
2017-06-14,-0.0009963269653176028,0.0019626245676719026,7.937455357,6.050930567,4.755256968,0.0
2017-06-15,-0.002242109796840374,-0.0005466542648332384,8.093829576,5.935072145,4.151988747,0.0
2017-06-16,0.00028359915005969524,0.0005672787514137332,5.455105026,5.594101651,4.10304189,0.0
2017-06-19,0.008312583206893995,0.009859104438025842,5.253996725,5.368463746,4.671389587,0.0
2017-06-20,-0.0067191604469316645,-0.0013614148521359625,5.160206856,5.382728419,5.352113725,0.0
2017-06-21,-0.0005828141932715965,-0.0009479020800899562,4.755256968,5.456424567,5.309535396,0.0
2017-06-22,-0.0004558859724380852,0.0008383217443123326,4.151988747,5.467498356,8.285880964,0.0
2017-06-23,0.0015596985554090976,0.0021144211496617353,4.10304189,5.470628318,8.289543475,0.0
2017-06-26,0.00031575193973236123,-0.005882410117499899,4.671389587,5.614810796,8.134495999,0.0
2017-06-27,-0.008105586575672907,-0.007268836246241141,5.352113725,5.782368039,8.018158466,0.0
2017-06-28,0.008769501646551084,0.00208347959358154,5.309535396,5.748433329,8.071263524,0.0
2017-06-29,-0.008637216844141348,-0.006097851278121723,8.285880964,6.528831805,5.015789498,0.0
2017-06-30,0.0015320576108735333,-0.006125492222657287,8.289543475,6.518076575,4.980248037,0.0
2017-07-03,0.0023081679791475806,-0.0041330761832420685,8.134495999,6.58650975,5.677004199,0.0
2017-07-05,0.0014522240362887008,0.005424734428719539,8.018158466,6.672626504,5.240415532,0.0
2017-07-06,-0.009412987306866183,-0.01275775452469773,8.071263524,6.688649478,4.898502197,0.0
2017-07-07,0.006382712569615801,0.0022621748890594203,5.015789498,6.643851583,5.437109673,0.0
2017-07-10,0.0009273361035125654,0.0016574533816984525,4.980248037,5.918456833,5.199997566,0.0
2017-07-11,-0.0007829870660821734,-0.0014337016635313014,5.677004199,6.079160388,4.363107258,0.0
2017-07-12,0.007279050947821435,0.004393125248001432,5.240415532,6.062707239,4.183368769,0.0
2017-07-13,0.001872829473473065,0.015678942028340682,4.898502197,5.914901808,4.323688488,0.0
2017-07-14,0.004662616170009233,0.013958845628734113,5.437109673,5.929062738,3.374297236,0.0
2017-07-17,-5.291423670686425e-05,0.012978595288514683,5.199997566,5.860766353,3.439067236,0.0
2017-07-18,0.0005976786981109875,0.014359261052707843,4.363107258,5.900359892,3.066502122,0.0
2017-07-19,0.00535825821605345,0.01243846832093986,4.183368769,5.871509936,3.203238251,0.0
2017-07-20,-0.00015367108860704477,0.010411967758859747,4.323688488,5.831510673,5.475690653,0.0
2017-07-21,-0.0003679393292088825,0.005381412259641633,3.374297236,5.804352054,5.616468104,0.0
2017-07-24,-0.0010643009954088047,0.004370025500939693,3.439067236,5.752967923,5.696970705,0.0
2017-07-25,0.002918907519898033,0.006691254322726738,3.066502122,5.631130926,5.751279959,0.0
2017-07-26,0.00028262400611947947,0.001615620112792768,3.203238251,5.466125906,6.274289972,0.0
2017-07-27,-0.0009731616373937137,0.0007961295640060992,5.475690653,5.869797461,4.230018538,0.0
2017-07-28,-0.0013420156781160386,-0.00017794678490105692,5.616468104,4.940923539,4.181778344,0.0
2017-07-31,-0.0007284108345598019,0.00015794337594794586,5.696970705,4.902180736,3.92148928,0.0
2017-08-01,0.0024461207749384662,-0.00031484336901162115,5.751279959,4.841119138,5.534284054,0.0
2017-08-02,0.0004925274073474498,-0.00010493996778365082,6.274289972,4.862868987,5.153094338,0.0
2017-08-03,-0.0021860418349456704,-0.0013178201653356075,4.230018538,4.758304605,5.73640181,0.0
2017-08-04,0.0018873214175395684,0.0019115169303199995,4.181778344,4.74289014,5.901337416,0.0
2017-08-07,0.0016458446442804673,0.004285772409160268,3.92148928,4.655660843,6.147029439,0.0
2017-08-08,-0.002417352230385335,-0.000577700596163533,5.534284054,4.799626583,4.686836507,0.0
2017-08-09,-0.0003636747927123762,-0.001433902796223359,5.153094338,4.839483585,4.816884075,0.0
2017-08-10,-0.01458021840074153,-0.013828079362019218,5.73640181,4.986903669,5.612885734,0.0
2017-08-11,0.0012747571279871366,-0.01444064365157165,5.901337416,4.879642641,6.613479802,0.0
2017-08-14,0.009993651246049404,-0.0060928370498027126,6.147029439,4.935754952,6.904378728,0.0
2017-08-15,-0.00049893232688349,-0.004174417146300869,4.686836507,4.875330575,7.303273325,0.0
2017-08-16,0.0014190955233323716,-0.0023916468302561215,4.816884075,4.984581311,7.108252287,0.0
2017-08-17,-0.015557342487191416,-0.003368770916706008,5.612885734,5.298278894,6.343569759,0.0
2017-08-18,-0.0018370536613519935,-0.006480581706045138,6.613479802,5.64791737,5.420126776,0.0
2017-08-21,0.0011619757145661966,-0.015312257237528343,6.904378728,5.77256377,5.09795754,0.0
2017-08-22,0.009891695260625078,-0.004921629650019778,7.303273325,5.895119991,5.552561759,0.0
2017-08-23,-0.0034595701326390073,-0.009800295305991157,7.108252287,5.908695259,5.979858845,0.0
2017-08-24,-0.0020766167471384417,0.003680430434061818,6.343569759,5.534996073,5.788926362,0.0
2017-08-25,0.0016714716689374216,0.007188955764351234,5.420126776,5.599753181,5.405653438,0.0
2017-08-28,0.0004869534732960745,0.006513933523081111,5.09795754,5.630800693,6.912623248,0.0
2017-08-29,0.0008424667620097917,-0.002535294975534175,5.552561759,5.847295952,6.334105183,0.0
2017-08-30,0.004604531788061044,0.005528806945165876,5.979858845,5.831867536,5.95557006,0.0
2017-08-31,0.0057046735847135445,0.013310097277017863,5.788926362,5.877145091,5.846209793,0.0
2017-09-01,0.001980578042335197,0.013619203650415638,5.405653438,5.855825342,5.933232941,0.0
2017-09-05,-0.007579458552144929,0.005552791624974635,6.912623248,6.309317471,3.682194389,0.0
2017-09-06,0.003123842493144133,0.007834167356108975,6.334105183,6.046818756,3.153911467,0.0
2017-09-07,-0.00017845204485370908,0.003051183523194223,5.95557006,6.019907585,3.051292372,0.0
2017-09-08,-0.001489960143457705,-0.004143450204977027,5.846209793,5.904134164,2.861411094,0.0
2017-09-11,0.010780975197147024,0.004656946949834801,5.933232941,5.863877377,2.893065832,0.0
2017-09-12,0.003358302594883113,0.015594708096862843,3.682194389,5.809529507,2.867710611,0.0
2017-09-13,0.0007568342480825294,0.013227699851801238,3.153911467,5.793030066,3.665794543,0.0
2017-09-14,-0.0011013238508279736,0.012304828045826973,3.051292372,5.724184707,3.57031857,0.0
2017-09-15,0.001845477546159349,0.01564026573544403,2.861411094,5.387912121,3.54001022,0.0
2017-09-18,0.0014548619291293301,0.006314152467426334,2.893065832,5.054006984,4.272355118,0.0
2017-09-19,0.0011095796167313857,0.004065429489274607,2.867710611,4.887633653,4.440578186,0.0
2017-09-20,0.000634146702309437,0.003942741943501514,3.665794543,4.856362778,4.849923119,0.0
2017-09-21,-0.0030505659469148337,0.001993499847414654,3.57031857,4.829210245,4.825931717,0.0
2017-09-22,0.0006475839951670207,0.000795606296422326,3.54001022,4.701307881,4.96494761,0.0
2017-09-25,-0.0022245226998538568,-0.002883778332560861,4.272355118,4.770932571,4.151466054,0.0
2017-09-26,7.216412589487934e-05,-0.0039211938233973676,4.440578186,4.72454798,3.98809022,0.0
2017-09-27,0.004076822401987925,-0.0004785181237188796,4.849923119,4.664435923,2.903741968,0.0
2017-09-28,0.0012038906289380277,0.0037759384521339817,4.825931717,4.494885747,3.100140378,0.0
2017-09-29,0.0036982630684988258,0.006826617525465787,4.96494761,4.459490428,2.866498571,0.0
2017-10-02,0.0038665188297123134,0.012917659055031956,4.151466054,4.445806217,3.137759754,0.0
2017-10-03,0.002156511184660919,0.015002006113797997,3.98809022,3.788334657,3.621089165,0.0
2017-10-04,0.0012459436611136387,0.012171127372923711,2.903741968,3.719498584,3.473208802,0.0
2017-10-05,0.00563090403129274,0.016598140775278422,3.100140378,3.706684743,3.405591673,0.0
2017-10-06,-0.001074211165239725,0.011825666541539874,2.866498571,3.660152478,3.387075404,0.0
2017-10-09,-0.0018060638680135568,0.006153083843814003,3.137759754,3.664118408,3.22342422,0.0
2017-10-10,0.0023197196304780643,0.0063162922896311475,3.621089165,3.77358083,2.636236506,0.0
2017-10-11,0.001801882929663564,0.006872231558181074,3.473208802,3.789943954,2.487340849,0.0
2017-10-12,-0.0016881771203513885,-0.000446849593463055,3.405591673,3.783044959,3.211704154,0.0
2017-10-13,0.0008777220048463043,0.0015050835766229741,3.387075404,3.770658795,3.148915549,0.0
2017-10-16,0.0017492225323057532,0.005060369976942284,3.22342422,3.732415057,3.252183277,0.0
2017-10-17,0.0006723529054339931,0.003413003251898213,2.636236506,3.731140171,3.381184015,0.0
2017-10-18,0.0007420595113295467,0.0023531798335641955,2.487340849,3.54272196,5.475016922,0.0
2017-10-19,0.00032794411501048555,0.00436930106892607,3.211704154,3.701809879,5.11059794,0.0
2017-10-20,0.005103796185030386,0.008595375249110151,3.148915549,3.682915549,5.771461586,0.0
2017-10-23,-0.003980395312997195,0.002865757403807203,3.252183277,3.465810383,5.969929073,0.0
2017-10-24,0.0016166008745580412,0.003810005372931251,3.381184015,3.442357427,5.949123297,0.0
2017-10-25,-0.004673955687259985,-0.0016060098256582803,5.475016922,3.763561199,4.775149384,0.0
2017-10-26,0.0012701392506023993,-0.0006638146900663667,5.11059794,3.79612236,5.437675955,0.0
2017-10-27,0.008040609979727099,0.0022729991046303464,5.771461586,3.965934059,5.098003114,0.0
2017-10-30,-0.0031975773767407194,0.0030558170408868223,5.969929073,4.075927783,4.814492605,0.0
2017-10-31,0.0009440129366793155,0.0023832291030080966,5.949123297,4.089208451,5.28070884,0.0
2017-11-01,0.0015908441079038695,0.00864802889817195,4.775149384,4.213902758,4.949972051,0.0
2017-11-02,0.00018994776966671517,0.007567837417236267,5.437675955,4.404532589,5.636324655,0.0
2017-11-03,0.003092289326314394,0.0026195167638235622,5.098003114,4.491306979,5.481157358,0.0
2017-11-06,0.00127044388477643,0.007087538025340711,4.814492605,4.466165916,5.728619236,0.0
2017-11-07,-0.00018912080508191734,0.005954404283579478,5.28070884,4.518298964,5.783213749,0.0
2017-11-08,0.0014426139320604147,0.005806174107736024,4.949972051,4.568012416,6.232848995,0.0
2017-11-09,-0.0037689813393701364,0.0018472449986991725,5.636324655,4.94392886,5.409382861,0.0
2017-11-10,-0.0008980469760537102,-0.0021430913036689318,5.481157358,4.981419469,5.271860452,0.0
2017-11-13,0.000983150911293032,-0.00243038427715233,5.728619236,5.055026375,4.949472618,0.0
2017-11-14,-0.0023122805602819227,-0.004553544032352336,5.783213749,5.199901933,4.510520551,0.0
2017-11-15,-0.005540998742123611,-0.01153715670653636,6.232848995,5.388146524,3.551738682,0.0
2017-11-16,0.008162652782972403,0.00039447741580617753,5.409382861,5.40176151,2.545483042,0.0
2017-11-17,-0.002629416978897395,-0.0013368925870375073,5.271860452,5.411446276,2.749841396,0.0
2017-11-20,0.0012748698887901106,-0.0010451736095404285,4.949472618,5.3882685,3.428814557,0.0
2017-11-21,0.006519838879752696,0.007786945830494191,4.510520551,5.409905516,4.127526214,0.0
2017-11-22,-0.0007505427033295442,0.012577401869288258,3.551738682,4.969092704,5.64174687,0.0
2017-11-24,0.002053984278231966,0.00646873336454782,2.545483042,4.926392754,10.42374699,0.0
2017-11-27,-0.00038433158680325395,0.00871381875664196,2.749841396,4.779823795,11.07951902,0.0
2017-11-28,0.009800332196793644,0.017239281064645492,3.428814557,4.802355304,11.43020575,1.0
2017-11-29,-0.0003692938827907781,0.01035014830210202,4.127526214,4.967713644,11.22400176,0.0
2017-11-30,0.008157586662811174,0.019258277668242736,5.64174687,5.191213377,10.7668945,0.0
2017-12-01,-0.0020265829358053324,0.015177710454205438,10.42374699,6.636331136,6.322567559,0.0
2017-12-04,-0.0010527105492864532,0.01450933149172224,11.07951902,6.858443118,4.987215735,0.0
2017-12-05,-0.003746390525955308,0.0009626087689732885,11.43020575,7.06612925,3.856066895,0.0
2017-12-06,-0.00011411217053034995,0.0012177904812337166,11.22400176,7.014361075,3.737346216,0.0
2017-12-07,0.002928067010109385,-0.004011729171468072,10.7668945,7.057240592,3.502705915,0.0
2017-12-08,0.005491202035518141,0.0035060557998554016,6.322567559,6.789150696,4.441051829,0.0
2017-12-11,0.0031968421216958323,0.007755608470837687,4.987215735,6.76354572,4.586881262,0.0
2017-12-12,0.001547723722089516,0.01304972271888251,3.856066895,6.741159097,4.557459366,0.0
2017-12-13,-0.000473068970150185,0.012690765919262676,3.737346216,6.658213736,4.918761582,0.0
2017-12-14,-0.004079167730762682,0.005683531178390608,3.502705915,6.569610362,4.895175585,0.0
2017-12-15,0.008934313410142761,0.009126642553015228,4.441051829,6.611198588,4.132750014,0.0
2017-12-18,0.005348478579597589,0.011278279010916985,4.586881262,6.637566759,3.923606273,0.0
2017-12-19,-0.0032354980431185012,0.006495057245708967,4.557459366,6.671695072,3.717927447,0.0
2017-12-20,-0.0008282360735725663,0.0061398901422865864,4.918761582,6.73009399,2.980850326,0.0
2017-12-21,0.0019836870126583982,0.012202744885707667,4.895175585,6.782090709,3.270140783,0.0
2017-12-22,-0.00045827163811375547,0.00281015983745115,4.132750014,6.808669581,3.361567869,0.0
2017-12-26,-0.0010589757000585695,-0.0035972944422050083,3.923606273,6.783476771,3.726902722,0.0
2017-12-27,0.0007906283102422613,0.0004288319111557542,3.717927447,6.710295742,3.916578556,0.0
2017-12-28,0.0018323190029195554,0.003089386987647876,2.980850326,6.576960858,4.37058098,0.0
2017-12-29,-0.005196632292748298,-0.00409093231775882,3.270140783,6.380664749,4.121555849,0.0
2018-01-02,0.008269078218398127,0.004636417538753062,3.361567869,4.692482368,4.34633054,0.0
2018-01-03,0.006378433243936035,0.012073826482747666,3.726902722,4.335789737,4.784617845,0.0
2018-01-04,0.004020542855326989,0.015303741027832395,3.916578556,4.024992542,4.64584102,0.0
2018-01-05,0.007009145888585348,0.020480567913498185,4.37058098,4.066614655,4.621598414,0.0
2018-01-08,0.001660963767296979,0.027338163973543463,4.121555849,3.997272073,7.438605624,0.0
2018-01-09,0.0013020835172984225,0.020371169272443757,4.34633054,4.092471495,8.386843304,0.0
2018-01-10,-0.0011128458115206878,0.012879890216987036,4.784617845,4.278333137,8.266806922,0.0
2018-01-11,0.007009025768882019,0.01586837313054207,4.64584102,4.228381686,8.367664138,0.0
2018-01-12,0.006726926399094035,0.015586153641050753,4.621598414,4.287797633,8.45217953,0.0
2018-01-16,-0.0035307132616026696,0.010394476612151106,7.438605624,5.171475635,6.16398215,0.0
2018-01-17,0.009371006206502086,0.018463399301354766,8.386843304,5.422395481,6.534961473,0.0
2018-01-18,-0.0016176974974736241,0.017958547615401832,8.266806922,5.489015274,6.794659833,0.0
2018-01-19,0.004375647986990156,0.015325169833509969,8.367664138,5.494638614,7.025014835,0.0
2018-01-22,0.00803436438221324,0.016632607816629175,8.45217953,5.495133244,7.10910939,0.0
2018-01-23,0.002172004968222319,0.022335326046454163,6.16398215,5.500194836,7.498100633,0.0
2018-01-24,-0.0005601325472320471,0.01240418729272003,6.534961473,5.984053596,7.258377057,0.0
2018-01-25,0.0006024393988328895,0.014624324189026542,6.794659833,6.149997373,7.798887997,0.0
2018-01-26,0.011771638106084168,0.022020314308120556,7.025014835,6.250841202,8.786148514,0.0
2018-01-29,-0.006754736284863033,0.00723121364104428,7.10910939,6.372596118,19.81310136,1.0
2018-01-30,-0.010958642805337085,-0.005899434132515123,7.498100633,6.452446538,25.100938,1.0
2018-01-31,0.0004888658586947881,-0.004850435726588289,7.258377057,6.793737718,26.16301712,1.0
2018-02-01,-0.0006482983520233253,-0.006101173477444503,7.798887997,7.039579548,27.59587832,1.0
2018-02-02,-0.021436680516698812,-0.03930949210022748,8.786148514,7.384931974,34.19347917,1.0
2018-02-05,-0.041842540938381426,-0.07439729675374587,19.81310136,11.57472389,30.49028383,1.0
2018-02-06,0.017290573348937088,-0.04614808059947169,25.100938,13.96071391,26.68020772,1.0
2018-02-07,-0.005014138223752627,-0.05165108468191911,26.16301712,14.57937211,25.99815624,1.0
2018-02-08,-0.0382590522458017,-0.08926183857569749,27.59587832,15.30410609,25.20512491,1.0
2018-02-09,0.014825645199524345,-0.05299951285947433,34.19347917,18.47808878,15.29812797,1.0
2018-02-12,0.013818665678186272,0.002661693757093365,30.49028383,19.00128396,13.54457401,1.0
2018-02-13,0.0026095219802775584,-0.012019357611566164,26.68020772,18.94799964,14.83936646,1.0
2018-02-14,0.013313439808897013,0.006308220421083477,25.99815624,19.07745628,14.82549202,1.0
2018-02-15,0.01199686177677526,0.05656413444366044,25.20512491,19.38956471,13.40669882,1.0
2018-02-16,0.0003733996499216942,0.042111888894057786,15.29812797,19.55616256,12.71803961,1.0
2018-02-20,-0.005858517106837343,0.02243470610903417,13.54457401,19.72442214,12.78049746,1.0
2018-02-21,-0.005511664483310908,0.014313519645445704,14.83936646,20.11416716,11.56790762,1.0
2018-02-22,0.0009730774855778604,0.001973157322126551,14.82549202,20.2044973,15.41990038,1.0
2018-02-23,0.015901278245121022,0.005877573790472313,13.40669882,20.23235682,16.79493607,1.0
2018-02-26,0.011688438620627399,0.01719261276117802,12.71803961,20.26185872,18.00070412,1.0
2018-02-27,-0.012788311441467541,0.010262818426547821,12.78049746,20.42677773,17.47821028,1.0
2018-02-28,-0.011157806083656078,0.0046166768262026515,11.56790762,20.59073733,17.05151309,1.0
2018-03-01,-0.013413965854876449,-0.00977036651425166,15.41990038,21.31886567,12.57739414,1.0
2018-03-02,0.005058785485198549,-0.020612859274174132,16.79493607,21.55597523,10.59020104,0.0
2018-03-05,0.01097161761052657,-0.02132968028427496,18.00070412,21.73131737,8.236141118,0.0
2018-03-06,0.0026353829319968104,-0.005905985910810608,17.47821028,19.88681625,9.813091204,0.0
2018-03-07,-0.000483991825716375,0.004767828347129095,17.05151309,18.41609938,9.744687114,0.0
2018-03-08,0.004453148208884627,0.022634942410890174,12.57739414,17.96986027,9.979971162,0.0
2018-03-09,0.017229546741207587,0.03480570366689921,10.59020104,17.38720888,9.636029891,0.0
2018-03-12,-0.001274797337998416,0.022559288718374225,8.236141118,14.03246789,11.79352419,1.0
2018-03-13,-0.006383910414314703,0.01353999537206271,9.813091204,13.68010594,10.11571131,0.0
2018-03-14,-0.005740969825188786,0.0082830173725903,9.744687114,13.59904693,10.59077114,0.0
2018-03-15,-0.0007822363990965508,0.003047632764609122,9.979971162,13.37309995,11.8074836,1.0
2018-03-16,0.0017019979472317418,-0.012479916029366721,9.636029891,12.91137949,15.11080748,1.0
2018-03-19,-0.014306040541373417,-0.025511159232741724,11.79352419,13.15955085,16.177782,1.0
2018-03-20,0.0014807086617189258,-0.017646540156708093,10.11571131,12.91755902,19.96777073,1.0
2018-03-21,-0.0018456921256294063,-0.013751262457148715,10.59077114,12.56676117,20.66711624,1.0
2018-03-22,-0.025484886972854417,-0.03845391303090658,11.8074836,12.59941134,21.3569191,1.0
2018-03-23,-0.02118980731175066,-0.06134571828988898,15.11080748,13.37359161,23.64886051,1.0
2018-03-26,0.02679504070603539,-0.020244637042480175,16.177782,14.07717312,23.00898142,1.0
2018-03-27,-0.0174272856453219,-0.039152631349521,19.96777073,15.02351554,22.31374051,1.0
2018-03-28,-0.0029209188994626773,-0.040227858123354276,20.66711624,15.20696512,21.37617588,1.0
2018-03-29,0.013675777493843445,-0.0010671936566564125,21.3569191,14.60586638,22.90405096,1.0
2018-04-02,-0.022590682343495868,-0.0024680686884016208,23.64886051,15.75286114,19.92091192,1.0
2018-04-03,0.012535961315741067,-0.01672714807869594,23.00898142,15.79600495,18.99489935,1.0
2018-04-04,0.01150010234644679,0.012200239913072751,22.31374051,16.5471996,16.32964357,1.0
2018-04-05,0.006839421401651201,0.02196058021418663,21.37617588,16.51661247,16.18663386,1.0
2018-04-06,-0.022164067057064987,-0.013879264336721802,22.90405096,17.46231684,12.52473193,1.0
2018-04-09,0.0033309949675928295,0.012042412974366895,19.92091192,17.8696734,10.12797574,0.0
2018-04-10,0.01658859899631407,0.016095050654939897,18.99489935,17.96543397,9.528261038,0.0
2018-04-11,-0.005540685772461173,-0.0009457374639680657,16.32964357,17.78763446,8.900604054,0.0
2018-04-12,0.008216898697657044,0.0004317398320377768,16.18663386,17.73585449,8.950796447,0.0
2018-04-13,-0.0028907998267066345,0.01970500706239613,12.52473193,17.86756225,8.534920499,0.0
2018-04-16,0.008076336801563068,0.024450348896366367,10.12797574,17.93755649,8.936679209,0.0
2018-04-17,0.01060507161386675,0.018466821513919048,9.528261038,17.62617241,13.04191214,1.0
2018-04-18,0.0008310204075532664,0.02483852769393349,8.900604054,17.62450634,14.25156219,1.0
2018-04-19,-0.00574258179583257,0.010879047200443873,8.950796447,17.50852979,14.62840627,1.0
2018-04-20,-0.008573177188352708,0.0051966698387977996,8.534920499,17.39559802,14.11702583,1.0
2018-04-23,5.623011118453955e-05,-0.0028234368515807286,8.936679209,16.87121412,14.18083403,1.0
2018-04-24,-0.013470888006475166,-0.026899396471922646,13.04191214,16.96392244,11.39451252,1.0
2018-04-25,0.0018353742328236348,-0.025895042646652277,14.25156219,16.17782473,10.5682728,0.0
2018-04-26,0.010380144187376953,-0.009772316663442754,14.62840627,15.91426277,12.49378058,1.0
2018-04-27,0.001113005271363815,-8.613420372622889e-05,14.11702583,15.4402052,14.44145856,1.0
2018-04-30,-0.008221192548921247,-0.008363556863832016,14.18083403,13.96763145,14.04511466,1.0
2018-05-01,0.0025458021710273926,0.007653133313670543,11.39451252,13.70693572,13.55393733,1.0
2018-05-02,-0.007231951201402355,-0.0014141921205554474,10.5682728,12.85178418,13.33117195,1.0
2018-05-03,-0.002256217585064076,-0.014050553892996477,12.49378058,13.34361922,10.76270873,0.0
2018-05-04,0.012729810028334959,-0.002433749136025334,14.44145856,12.62497447,7.715339316,0.0
2018-05-07,0.003451980554989958,0.009239423967885872,14.04511466,12.04991107,7.516359347,0.0
2018-05-08,-0.0002656766117338216,0.006427945185124657,13.55393733,11.98356545,6.973001277,0.0
2018-05-09,0.009635647934868785,0.0232955443213958,13.33117195,11.9555041,6.235995565,0.0
2018-05-10,0.009327011603848374,0.03487877351030825,10.76270873,11.89577109,6.811548497,0.0
2018-05-11,0.001706139270961256,0.023855102752934544,7.715339316,11.62128943,6.480076847,0.0
2018-05-14,0.0008830995101265589,0.021286221708071144,7.516359347,11.56201964,6.134447514,0.0
2018-05-15,-0.006865655043990812,0.014686243275814154,6.973001277,11.5353625,6.188882669,0.0
2018-05-16,0.004052339847514407,0.009102935188459777,6.235995565,11.52609215,6.486722636,0.0
2018-05-17,-0.0008562387886101002,-0.0010803152039986972,6.811548497,11.53600792,6.958956521,0.0
2018-05-18,-0.0026356652545503154,-0.005422119729510269,6.480076847,11.28454696,7.101986023,0.0
2018-05-21,0.007359604547933372,0.0010543853082965442,6.134447514,11.09603988,8.952367248,0.0
2018-05-22,-0.0031406885928751895,0.004779351759412166,6.188882669,10.00586263,9.146400034,0.0
2018-05-23,0.0032431452068987514,0.003970157118796511,6.486722636,9.622548347,9.166469906,0.0
2018-05-24,-0.0020252629577225518,0.0028011329496840597,6.958956521,9.575420633,8.21125836,0.0
2018-05-25,-0.002360003054185922,0.0030767951500484535,7.101986023,9.49357398,8.000824666,0.0
2018-05-29,-0.011631572511792225,-0.015914381909677144,8.952367248,9.637650507,5.936464009,0.0
2018-05-30,0.012615875351923801,-0.00015781796487815414,9.146400034,9.41130791,5.69119609,0.0
2018-05-31,-0.006903333243434208,-0.010304296415211113,9.166469906,9.256207744,5.922014188,0.0
2018-06-01,0.01079079970923988,0.00251176625175132,8.21125836,8.337939372,5.851104304,0.0
2018-06-04,0.004469594898352221,0.009341364204289462,8.000824666,7.34794627,5.978256944,0.0
2018-06-05,0.0007023462695756739,0.02167528298565736,5.936464009,7.237292111,5.817582183,0.0
2018-06-06,0.008530900637311972,0.017590308271045532,5.69119609,7.123400908,5.433128739,0.0
2018-06-07,-0.0007144436219845289,0.02377919789249521,5.922014188,7.07212192,4.697922064,0.0
2018-06-08,0.0031210289077513477,0.016109427091006677,5.851104304,7.008645629,5.771002928,0.0
2018-06-11,0.0010681370069403208,0.012707969199594778,5.978256944,6.931492495,6.2605839,0.0
2018-06-12,0.0017418672787038484,0.013747490208722953,5.817582183,6.83487734,6.970788434,0.0
2018-06-13,-0.004034254541411457,0.0011823350299995242,5.433128739,6.779887593,6.854441272,0.0
2018-06-14,0.002468500522503687,0.00436527917448774,4.697922064,6.768354025,7.263952503,0.0
2018-06-15,-0.00101762031549408,0.00022662995124231224,5.771002928,6.77111025,6.423488755,0.0
2018-06-18,-0.002128391180886516,-0.002969898236584525,6.2605839,6.8808769,9.10875664,0.0
2018-06-19,-0.004031517951391294,-0.008743283466679668,6.970788434,7.032471794,8.945974068,0.0
2018-06-20,0.001710690224112545,-0.0029983387011556653,6.854441272,6.938094111,11.40374624,1.0
2018-06-21,-0.006365728843220268,-0.011832568066879622,7.263952503,6.962935808,12.1470509,1.0
2018-06-22,0.0018602032551338834,-0.008954744496251657,6.423488755,6.637504576,12.81707696,1.0
2018-06-25,-0.013819722967770653,-0.020646076283135792,9.10875664,7.448441275,11.342235,1.0
2018-06-26,0.0022021505056967236,-0.014412407826047776,8.945974068,7.030437589,11.39228139,1.0
2018-06-27,-0.008641586313141117,-0.024764684363301436,11.40374624,7.728799944,9.398719679,0.0
2018-06-28,0.006159680019031288,-0.012239275501049883,12.1470509,8.022726708,8.913747991,0.0
2018-06-29,0.0007581158875170001,-0.013341362868666766,12.81707696,8.262544492,7.839535649,0.0
2018-07-02,0.003063260834293461,0.003541620933397349,11.342235,8.463896991,6.952498366,0.0
2018-07-03,-0.004959629280533677,-0.0036201588528330516,11.39228139,8.54767046,6.598967843,0.0
2018-07-05,0.008583856745537827,0.013605284205845891,9.398719679,8.586087773,5.960010412,0.0
2018-07-06,0.00844551760058016,0.01589112178739476,8.913747991,8.686789202,4.563768732,0.0
2018-07-09,0.008784290785341506,0.023917296685219268,7.839535649,8.664604197,4.671873166,0.0
2018-07-10,0.003467249318821859,0.024321285169747665,6.952498366,8.647946094,5.449077592,0.0
2018-07-11,-0.007119486371916502,0.022161428078364843,6.598967843,8.688394491,5.125824568,0.0
2018-07-12,0.0087109915801719,0.022288562912998917,5.960010412,8.673039392,5.117452552,0.0
2018-07-13,0.0010786555366086475,0.014921700849027403,4.563768732,8.668891796,4.911350127,0.0
2018-07-16,-0.0010286646208985384,0.005108745442787359,4.671873166,8.497402362,5.025035418,0.0
2018-07-17,0.003965824343443431,0.005607320467408932,5.449077592,8.509486212,5.183107424,0.0
2018-07-18,0.0021581820767374625,0.014884988916062897,5.125824568,8.361144979,5.728883322,0.0
2018-07-19,-0.003960826849049506,0.002213170486841491,5.117452552,8.367965772,5.640657697,0.0
2018-07-20,-0.0009488977712743676,0.00018561717895847608,4.911350127,8.245530516,7.380042525,0.0
2018-07-23,0.0018363623432315187,0.003050644143088533,5.025035418,8.258528331,7.843136852,0.0
2018-07-24,0.004769518886053562,0.0038543386856986633,5.183107424,7.641017233,7.589745413,0.0
2018-07-25,0.009060435070372713,0.010756591679333915,5.728883322,7.622739559,7.731416866,0.0
2018-07-26,-0.00303690274886736,0.01168051577951606,5.640657697,6.742829443,8.666253494,0.0
2018-07-27,-0.006583834644845457,0.006045578905944971,7.380042525,6.687100942,7.21833012,0.0
2018-07-30,-0.0057707893155871425,-0.0015615727528736894,7.843136852,6.520170525,6.905728267,0.0
2018-07-31,0.004872837219303094,-0.0014582544196241574,7.589745413,6.37374533,6.448484324,0.0
2018-08-01,-0.0010408930675711336,-0.011559582557568004,7.731416866,6.372114346,5.726094009,0.0
2018-08-02,0.0049143495822087,-0.003608330226491945,8.666253494,6.49290023,4.157553037,0.0
2018-08-03,0.004633432065347987,0.007608936483701499,7.21833012,6.154645857,4.735064246,0.0
2018-08-06,0.003531982650801626,0.016911708450090268,6.905728267,6.250625137,5.35569827,0.0
2018-08-07,0.0028202017464857678,0.014859072977272942,6.448484324,6.239876495,5.673649481,0.0
2018-08-08,-0.00026241439329510795,0.015637551651548967,5.726094009,6.157457693,6.968172041,0.0
2018-08-09,-0.0014427146770399496,0.009280487392300318,4.157553037,6.131772516,7.413817652,0.0
2018-08-10,-0.007139312263244473,-0.002492256936292142,4.735064246,6.186911808,7.693577951,0.0
2018-08-13,-0.004014037665980266,-0.010038277253074036,5.35569827,6.386281459,6.948126166,0.0
2018-08-14,0.006368930016417421,-0.00648954898314238,5.673649481,6.289715544,6.90103429,0.0
2018-08-15,-0.007631208581378815,-0.013858343171226088,6.968172041,6.594287017,5.716170834,0.0
2018-08-16,0.00788821455263811,-0.004527413941548028,7.413817652,6.69273689,5.453058203,0.0
2018-08-17,0.003317606375263089,0.005929504696959534,7.693577951,6.858959332,4.47924733,0.0
2018-08-20,0.002425074902128281,0.01236861726506808,6.948126166,6.822093516,4.452507511,0.0
2018-08-21,0.002066399954627058,0.008066087203277719,6.90103429,6.689576934,4.268150563,0.0
2018-08-22,-0.0003982310542435054,0.015299064730413028,5.716170834,6.591528464,4.448391172,0.0
2018-08-23,-0.0016926939235351061,0.005718156254239812,5.453058203,6.653753317,4.5644342,0.0
2018-08-24,0.006179705928285333,0.008580255807262056,4.47924733,6.20040163,4.993496786,0.0
2018-08-27,0.007641141407110444,0.01379632231224422,4.452507511,6.009864125,5.462985503,0.0
2018-08-28,0.00026924207759835515,0.011999164435215516,4.268150563,5.907931787,6.011410616,0.0
2018-08-29,0.005685242468911669,0.01808263795837069,4.448391172,5.783735109,6.851117621,0.0
2018-08-30,-0.004440172044458075,0.01533515983744772,4.5644342,5.541205707,7.155868951,0.0
2018-08-31,0.00013446846730492032,0.00928992237646731,4.993496786,5.626069718,6.942488363,0.0
2018-09-04,-0.0016556920488793076,-6.911079522442737e-06,5.462985503,5.626477471,7.441766388,0.0
2018-09-05,-0.002807062801265972,-0.00308321595838677,6.011410616,5.791561523,7.324801762,0.0
2018-09-06,-0.0036589910366181576,-0.012427449463916596,6.851117621,6.081858829,6.254920086,0.0
2018-09-07,-0.002215797895014484,-0.010203075314473006,7.155868951,6.259813415,5.655141448,0.0
2018-09-10,0.0018960282146933797,-0.008441515567084544,6.942488363,6.172275779,5.810603622,0.0
2018-09-11,0.003732865689715426,-0.0030529578284898117,7.441766388,6.191231257,5.325544183,0.0
2018-09-12,0.0003566083498935524,0.00011071332266971259,7.324801762,6.23761096,4.806435115,0.0
2018-09-13,0.005268352159391334,0.009038056518679205,6.254920086,5.884824359,5.009609285,0.0
2018-09-14,0.00027544390076635555,0.011529298314460043,5.655141448,5.782667822,4.982859477,0.0
2018-09-17,-0.005585290991549207,0.004047979108217458,5.810603622,5.633824765,4.83433167,0.0
2018-09-18,0.0053546528676252396,0.005669766286127271,5.325544183,5.775169728,4.097483943,0.0
2018-09-19,0.0012524880331719868,0.006565645969405705,4.806435115,5.725135505,5.961740456,0.0
2018-09-20,0.00781001418532906,0.009107307995343431,5.009609285,5.721586475,6.428023406,0.0
2018-09-21,-0.00036860093700704873,0.008463263157570027,4.982859477,5.67560643,6.448978092,0.0
2018-09-24,-0.003521882314013849,0.010526671835105385,4.83433167,5.706729185,7.000463983,0.0
2018-09-25,-0.001305948493117946,0.003866070474362199,4.097483943,5.709091282,7.151028009,0.0
2018-09-26,-0.003294699681159941,-0.0006811172399697287,5.961740456,6.091673543,6.29842959,0.0
2018-09-27,0.0027594762285113967,-0.0057316551967873915,6.428023406,6.174089164,7.892204972,0.0
2018-09-28,-6.870144138179519e-06,-0.005369924403918523,6.448978092,6.115662111,10.06618704,0.0
2018-10-01,0.0036344923421985013,0.001786450252293828,7.000463983,6.211652715,10.61818233,0.0
2018-10-02,-0.0003967689102790794,0.002695629835132694,7.151028009,6.15767578,11.0214727,0.0
2018-10-03,0.0007112667367183715,0.006701596253011006,6.29842959,6.163746911,13.1367158,1.0
2018-10-04,-0.008203035421009815,-0.004260915396510205,7.892204972,6.477395207,17.98051177,1.0
2018-10-05,-0.0055433145846221455,-0.00979735983699417,10.06618704,7.066239333,18.80617005,1.0
2018-10-08,-0.000395194708349698,-0.01382704688754237,10.61818233,7.397401047,18.74825785,1.0
2018-10-09,-0.0014189098341542976,-0.01484918781141759,11.0214727,7.378361228,19.04454197,1.0
2018-10-10,-0.03341638904260208,-0.04897684359073804,13.1367158,8.229332978,18.52904272,1.0
2018-10-11,-0.02078757997254153,-0.06156138814226976,17.98051177,10.63016196,14.78040858,1.0
2018-10-12,0.014106235408376288,-0.041911838149271324,18.80617005,11.41729347,13.79017765,1.0
2018-10-15,-0.005922482291300048,-0.04743912573222167,18.74825785,11.5825324,13.83003577,1.0
2018-10-16,0.02126782803490127,-0.02475238786316611,19.04454197,11.74834047,17.10221953,1.0
2018-10-17,-0.0002526942626648821,0.008411306916771088,18.52904272,12.1563902,18.93553034,1.0
2018-10-18,-0.014496490575341185,0.014702396313971432,14.78040858,12.70202411,19.5403785,1.0
2018-10-19,-0.00036123513527937907,0.0002349257703157685,13.79017765,13.1030385,22.03295347,1.0
2018-10-22,-0.004308797096477868,0.0018486109651379484,13.83003577,13.27139173,28.45472954,1.0
2018-10-23,-0.005527076180694164,-0.024946293250457482,17.10221953,14.38567477,26.94173265,1.0
2018-10-24,-0.03135077386114084,-0.05604437284893344,18.93553034,15.11723561,25.53376178,1.0
2018-10-25,0.018453717978714167,-0.023094164294878088,19.5403785,15.69930391,24.37308039,1.0
2018-10-26,-0.017479138010003174,-0.04021206716960188,22.03295347,16.81234808,23.26258433,1.0
2018-10-29,-0.00658120829519397,-0.04248447836831798,28.45472954,19.1388642,14.69112592,1.0
2018-10-30,0.015545322971877482,-0.021412079215746338,26.94173265,19.38111394,13.40441957,1.0
2018-10-31,0.010792878754571094,0.02073157339996559,25.53376178,19.53475125,12.69349031,1.0
2018-11-01,0.010502498868529206,0.01278035428978063,24.37308039,19.47840292,12.26559964,1.0
2018-11-02,-0.006336721055879746,0.02392277124390406,23.26258433,19.81438808,8.918138893,0.0
2018-11-05,0.0055846936971941175,0.03608867323629215,14.69112592,19.80068102,9.917421511,0.0
2018-11-06,0.0062397877444086355,0.0267831380088233,13.40441957,19.7529486,12.08232011,1.0
2018-11-07,0.020987078560774024,0.036977337815026226,12.69349031,19.46135543,15.0501881,1.0
2018-11-08,-0.002512068988491457,0.023962769958005566,12.26559964,18.33561324,18.04258727,1.0
2018-11-09,-0.00924158591537243,0.02105790509851288,8.918138893,18.00209064,18.24880059,1.0
2018-11-12,-0.019898150985467496,-0.004424939584148732,9.917421511,18.13233267,18.59857891,1.0
2018-11-13,-0.0014830188221738934,-0.012147746150731262,12.08232011,18.33032865,18.47614479,1.0
2018-11-14,-0.007596188818450545,-0.04073101352995583,15.0501881,18.69598993,16.13837156,1.0
2018-11-15,0.01053803274264194,-0.027680911798822434,18.04258727,19.05159658,12.59815193,1.0
2018-11-16,0.002220837537483983,-0.016218488345966016,18.24880059,18.96807049,11.46448899,1.0
2018-11-19,-0.016783161235721437,-0.013103498596219957,18.59857891,19.1687454,9.782751804,0.0
2018-11-20,-0.018317995556585972,-0.029938475330632035,18.47614479,18.6606927,9.85747332,0.0
2018-11-21,0.0030386693107672014,-0.01930361720141429,16.13837156,18.02812307,10.75682609,0.0
2018-11-23,-0.006576419711855615,-0.03641806965591184,12.59815193,17.52669656,10.92015213,0.0
2018-11-26,0.015412975845366429,-0.023225931348029402,11.46448899,16.47068807,11.72231222,1.0
2018-11-27,0.003256384364612641,-0.0031863857476953227,9.782751804,13.74585211,14.49524409,1.0
2018-11-28,0.022714051303113776,0.03784566111200442,9.85747332,13.82207139,18.34948862,1.0
2018-11-29,-0.002185494545393453,0.03262149725584377,10.75682609,13.81836823,21.76966149,1.0
2018-11-30,0.008137547716617559,0.047335464684316944,10.92015213,13.72901166,24.84648655,1.0
2018-12-03,0.010882001794362436,0.04280449063331296,11.72231222,13.05181057,25.99385534,1.0
2018-12-04,-0.03290022883855611,0.0066478774301442015,14.49524409,13.69376428,25.1197662,1.0
2018-12-06,-0.0015233879141442856,-0.017589561787113864,18.34948862,15.17583522,22.19138909,1.0
2018-12-07,-0.02359633545632224,-0.039000402698042655,21.76966149,16.4056596,18.99254643,1.0
2018-12-10,0.0017606032229163218,-0.04537734719174389,24.84648655,17.4703034,18.40661202,1.0
2018-12-11,-0.00035640967530566644,-0.05661575866141199,25.99385534,17.8713902,18.23620521,1.0
2018-12-12,0.005404871010351243,-0.01831065881250464,25.1197662,17.90756911,24.76209749,1.0
2018-12-13,-0.00019995031241503897,-0.016987221210775394,22.19138909,17.80238179,27.31293194,1.0
2018-12-14,-0.019271212268699812,-0.012662098023152966,18.99254643,17.39821345,32.00087119,1.0
2018-12-17,-0.020992284828576645,-0.03541498607464593,18.40661202,17.56498231,31.01397208,1.0
2018-12-18,8.639685378910398e-05,-0.03497217954555116,18.23620521,17.86817568,34.12177475,1.0
2018-12-19,-0.015515459175936802,-0.05589250973183921,24.76209749,19.68488291,33.64484928,1.0
2018-12-20,-0.015897809484103957,-0.07159036890352813,27.31293194,20.4470506,32.39354411,1.0
2018-12-21,-0.02080312049854063,-0.07312227713336894,32.00087119,22.21711078,27.57063243,1.0
2018-12-24,-0.02748657287831441,-0.0796165651831067,31.01397208,22.56804957,27.65218098,1.0
2018-12-26,0.04840317767080503,-0.03129978436609079,34.12177475,24.03095822,22.90477925,1.0
2018-12-27,0.008526228968816992,-0.007258096221336989,33.64484928,25.42760365,17.10581591,1.0
2018-12-28,-0.0012423539102312722,0.007397359352535696,32.39354411,25.61493428,16.35923689,1.0
2018-12-31,0.008456625862206874,0.036657105713283206,27.57063243,25.58725518,16.74924536,1.0
2019-01-02,0.0012676930626261643,0.06541137165422377,27.65218098,25.89720466,15.14921411,1.0
2019-01-03,-0.02506833181891511,-0.008060137835496362,22.90477925,25.9671144,14.99329279,1.0
2019-01-04,0.03375939906034647,0.01717303225603312,17.10581591,25.82996781,13.27158426,1.0
2019-01-07,0.006985975995229761,0.02540136216149415,16.35923689,25.27558275,11.25029985,1.0
2019-01-08,0.009648587336497393,0.02659332363578467,16.74924536,24.62442674,9.86649414,0.0
2019-01-09,0.004089671332822161,0.02941530190598067,15.14921411,23.9520961,8.790199119,0.0
2019-01-10,0.004508241374462229,0.05899187509935801,14.99329279,23.69748106,8.880777717,0.0
2019-01-11,-0.0001463085444824661,0.025086167494529066,13.27158426,23.52594973,9.201539717,0.0
2019-01-14,-0.00527139458724949,0.012828796912049816,11.25029985,23.39621673,10.70561519,0.0
2019-01-15,0.010664618879761001,0.013844828455313424,9.86649414,23.24908845,12.8176873,1.0
2019-01-16,0.0022195205290883643,0.011974677651579628,8.790199119,22.54593015,13.14408262,1.0
2019-01-17,0.007562730706235749,0.015029166983353147,8.880777717,22.31922639,12.00095881,1.0
2019-01-18,0.01309691283985578,0.028272388367691394,9.201539717,20.52673929,11.95614131,1.0
2019-01-22,-0.014258476827972471,0.01928530612696841,10.70561519,19.73667763,10.64118,0.0
2019-01-23,0.002200489919450871,0.010821177166658282,12.8176873,18.04382032,9.789057853,0.0
2019-01-24,0.001374780110977555,0.009976436748547472,13.14408262,17.63644174,10.2041418,0.0
2019-01-25,0.008452867700518018,0.010866573742829741,12.00095881,15.59101477,10.52416847,0.0
2019-01-28,-0.007877775848708898,-0.010108114945734936,11.95614131,13.1943315,10.44957359,0.0
2019-01-29,-0.0014573079351148383,0.002693053947122696,10.64118,12.47035271,10.02665286,0.0
2019-01-30,0.015429609891560045,0.01592217391923187,9.789057853,12.62936744,7.982046091,0.0
2019-01-31,0.008560648809767757,0.023108042618022073,10.2041418,12.0795044,8.583037744,0.0
2019-02-01,0.0008982065848071141,0.01555338150231117,10.52416847,11.81575406,8.847363265,0.0
2019-02-04,0.006753381117479676,0.030184538468499743,10.44957359,11.32415764,8.378437557,0.0
2019-02-05,0.0046973704373502,0.036339216840964784,10.02665286,10.66475413,8.615325576,0.0
2019-02-06,-0.0022269157175087858,0.01868269123189595,7.982046091,10.26132944,8.578217521,0.0
2019-02-07,-0.009401193202230233,0.0007208492198979618,8.583037744,10.34199637,8.053426988,0.0
2019-02-08,0.0006759725660127,0.0004986152011035477,8.847363265,10.14797004,6.972263,0.0
2019-02-11,0.0007088518038183947,-0.005545914112557734,8.378437557,10.08723763,7.229781782,0.0
2019-02-12,0.012807852902838604,0.0025645683529306705,8.615325576,10.03247864,7.100085592,0.0
2019-02-13,0.0030194315937109753,0.0078109156641504324,8.578217521,9.967668197,7.328202345,0.0
2019-02-14,-0.0026551633836986214,0.014556945482682044,8.053426988,10.1908984,5.751023213,0.0
2019-02-15,0.010820004664957538,0.02470097758162688,6.972263,9.768180772,6.394443322,0.0
2019-02-19,0.0014976213265920058,0.025489747104400492,7.229781782,9.677433333,6.031641501,0.0
2019-02-20,0.00177553356074094,0.014457427762302829,7.100085592,9.197873798,6.520879815,0.0
2019-02-21,-0.0035326693258413886,0.007905326842750464,7.328202345,8.467984986,6.10586506,0.0
2019-02-22,0.006390638694710404,0.016951128921159492,5.751023213,8.302484584,6.845557972,0.0
2019-02-25,0.0012311044497517107,0.007362228705953664,6.394443322,8.344688662,10.32137371,0.0
2019-02-26,-0.0007907696728402984,0.005073837706521359,6.031641501,8.185997922,10.28853633,0.0
2019-02-27,-0.0005441974362980739,0.0027541067094823454,6.520879815,8.1806279,9.924637632,0.0
2019-02-28,-0.002829507598950442,0.0034572684363732924,6.10586506,7.554518737,10.65997911,0.0
2019-03-01,0.006871656588713028,0.003938286330375917,6.845557972,7.390232661,10.62086011,0.0
2019-03-04,-0.003888107395255168,-0.0011809255146309622,10.32137371,8.281122338,7.393302904,0.0
2019-03-05,-0.001132173489706859,-0.0015223293314975226,10.28853633,8.13484234,7.295098837,0.0
2019-03-06,-0.00654547360412503,-0.0075236054993244785,9.924637632,8.149468631,7.674240276,0.0
2019-03-07,-0.008158911138331157,-0.012853009038705194,10.65997911,8.339740825,6.646620982,0.0
2019-03-08,-0.0021339641314536495,-0.021858629758871873,10.62086011,8.024903235,6.412931333,0.0
2019-03-11,0.014559535563489445,-0.0034109868001272574,7.393302904,7.916644488,5.755307975,0.0
2019-03-12,0.002948965727805163,0.0006701524173847637,7.295098837,7.869607531,7.408320752,0.0
2019-03-13,0.0069255467570192835,0.014141172778529077,7.674240276,7.910838845,8.549860046,0.0
2019-03-14,-0.0008683993315961826,0.02143168458526405,6.646620982,7.886647938,9.853638545,0.0
2019-03-15,0.0049725194084307206,0.028538168125148422,6.412931333,7.646311035,10.3279458,0.0
2019-03-18,0.0036990967989080333,0.01767772936056701,5.755307975,7.668183592,11.12749302,0.0
2019-03-19,-0.00013057007992675946,0.014598193552835089,7.408320752,7.911010721,10.91575517,0.0
2019-03-20,-0.002948696740769673,0.004723950055046132,8.549860046,8.261573342,11.44833898,1.0
2019-03-21,0.010794015494689354,0.016386364881331668,9.853638545,8.546761166,10.78595154,0.0
2019-03-22,-0.019156827134273257,-0.007742981661372307,10.3279458,8.767218576,10.27080712,0.0
2019-03-25,-0.000839372833310059,-0.012281451293590399,11.12749302,8.918188632,9.504992201,0.0
2019-03-26,0.007157052947934055,-0.004993828265729584,10.91575517,9.125642092,8.691159723,0.0
2019-03-27,-0.00465514327659887,-0.006700274801558781,11.44833898,9.507325704,6.774768072,0.0
2019-03-28,0.0035830547152617266,-0.01391123558098641,10.78595154,9.63384228,6.15880839,0.0
2019-03-29,0.006711706043324668,0.01195729759661152,10.27080712,9.566664795,5.579610556,0.0
2019-04-01,0.011502195518044496,0.024298865947966077,9.504992201,8.688361114,5.647747701,0.0
2019-04-02,1.7455554858152623e-05,0.017159268554890174,8.691159723,8.700454755,5.441958701,0.0
2019-04-03,0.002146072420089187,0.023960484251578228,6.774768072,8.788572388,4.408539883,0.0
2019-04-04,0.0020824652429942735,0.022459894779310777,6.15880839,8.595630206,4.196534547,0.0
2019-04-05,0.004625717623099122,0.02037390635908523,5.579610556,8.432284471,4.434793467,0.0
2019-04-08,0.0010469117505236662,0.0099186225915644,5.647747701,8.354438965,4.350332448,0.0
2019-04-09,-0.0060859764356695385,0.0038151906010367087,5.441958701,8.354461372,4.634878914,0.0
2019-04-10,0.003471837754499924,0.005140955935447445,4.408539883,8.208186136,5.381088536,0.0
2019-04-11,3.8122340342693696e-05,0.003096613032795865,4.196534547,8.200194605,5.802319446,0.0
2019-04-12,0.0065875783895457275,0.00505847379924247,4.434793467,8.107949654,5.782847772,0.0
2019-04-15,-0.0006295672443571088,0.003381994804361695,4.350332448,8.139232522,6.19744383,0.0
2019-04-16,0.0005092283251399622,0.009977199565171195,4.634878914,7.838797507,5.851275874,0.0
2019-04-17,-0.0022764008207388597,0.004228960989932411,5.381088536,7.505885784,6.065540107,0.0
2019-04-18,0.0015778468242496745,0.005768685473839392,5.802319446,7.168428779,6.227809398,0.0
2019-04-22,0.0010115058169329091,0.00019261290122657426,5.782847772,6.887130285,6.201282404,0.0
2019-04-23,0.008802351174995391,0.009624531320579074,6.19744383,6.700291659,6.646473047,0.0
2019-04-24,-0.0021941686030362366,0.006921134392402875,5.851275874,6.341740765,7.140084772,0.0
2019-04-25,-0.0003690417402728576,0.008828493472868877,6.065540107,5.724499912,8.241649651,0.0
2019-04-26,0.004674350323304823,0.011924996971924026,6.227809398,5.656729263,7.845184856,0.0
2019-04-29,0.0010709485042338864,0.011984439659225002,6.201282404,5.538426646,9.59864975,0.0
2019-04-30,0.0009509646987914453,0.004133053183021057,6.646473047,5.77508356,11.6477363,1.0
2019-05-01,-0.00753044585029134,-0.001203224064234047,7.140084772,5.837706248,12.06575351,1.0
2019-05-02,-0.0021262446486827887,-0.002960426972643978,8.241649651,6.18681872,12.78922603,1.0
2019-05-03,0.00959212747891747,0.00195735018296867,7.845184856,6.156507705,17.03989711,1.0
2019-05-06,-0.004481013189072523,-0.0035946115103377397,9.59864975,6.776774711,16.89959191,1.0
2019-05-07,-0.016649488088905522,-0.021195064298034708,11.6477363,7.700309528,15.97659088,1.0
2019-05-08,-0.0016067153894199682,-0.015271333837163335,12.06575351,7.941705583,16.55160019,1.0
2019-05-09,-0.0030259986619282898,-0.016171087850408838,12.78922603,8.620266557,16.06380083,1.0
2019-05-10,0.003713394069918638,-0.02204982125940767,17.03989711,10.29997014,12.58250955,1.0
2019-05-13,-0.024426469138497504,-0.04199527720883265,16.89959191,10.60221104,12.07811948,1.0
2019-05-14,0.007983987523216093,-0.017361801596711034,15.97659088,10.88008653,11.00900993,0.0
2019-05-15,0.005821994327723055,-0.009933091879568014,16.55160019,11.23338903,9.482777605,0.0
2019-05-16,0.008855957116499086,0.0019488638988593631,16.06380083,11.47089322,9.234750807,0.0
2019-05-17,-0.005854437174043804,-0.007618967345103079,12.58250955,11.71548308,8.225876051,0.0
2019-05-20,-0.006772257975405369,0.010035243817989058,12.07811948,11.85397779,9.019607387,0.0
2019-05-21,0.008459949093190606,0.01051120538796357,11.00900993,11.79295468,9.925985218,0.0
2019-05-22,-0.0028283923638994365,0.0018608186963410787,9.482777605,11.83682557,10.41452322,0.0
2019-05-23,-0.01198569224128196,-0.01898083066143997,9.234750807,11.98765418,9.383300663,0.0
2019-05-24,0.0013526437720373175,-0.011773749715358845,8.225876051,12.01966724,10.66470502,0.0
2019-05-28,-0.008410950000260244,-0.01341244174021372,9.019607387,12.29801378,9.955948429,0.0
2019-05-29,-0.00693591016723137,-0.028808301000635698,9.925985218,12.35561309,9.947428253,0.0
2019-05-30,0.002096272674997037,-0.023883635961739223,10.41452322,12.42903095,10.25723306,0.0
2019-05-31,-0.013283205250452958,-0.02518114897091022,9.383300663,12.19566474,11.00726812,0.0
2019-06-03,-0.002769070654307939,-0.029302863397255477,10.66470502,12.55068335,9.675432406,0.0
2019-06-04,0.021205927081077776,0.0003140136840825425,9.955948429,12.36882577,10.13397434,0.0
2019-06-05,0.008128726978813691,0.015378650830127603,9.947428253,11.97837914,9.336656463,0.0
2019-06-06,0.006116840676004416,0.019399218831134983,10.25723306,12.01615229,8.316168386,0.0
2019-06-07,0.010442979247260026,0.04312540332884797,11.00726812,11.75300602,7.330994389,0.0
2019-06-10,0.004649220074765499,0.050543694057921404,9.675432406,10.40834412,6.719476072,0.0
2019-06-11,-0.0003499414579512858,0.028987825518892344,10.13397434,10.35679285,6.119621262,0.0
2019-06-12,-0.002039657827237423,0.01881944071284123,9.336656463,10.07283432,6.585816131,0.0
2019-06-13,0.004089010502850191,0.016791610539687005,8.316168386,9.653430113,7.709592911,0.0
2019-06-14,-0.0016128117861529605,0.004735819506274018,7.330994389,9.330466011,7.83504874,0.0
2019-06-17,0.0009313154323528439,0.0010179148638613622,6.719476072,8.946596015,7.807265887,0.0
2019-06-18,0.009670489592970687,0.011038345914783336,6.119621262,8.952952402,7.295478857,0.0
2019-06-19,0.0029807167930238428,0.0160587205350446,6.585816131,9.055697646,7.041099824,0.0
2019-06-20,0.00942760533587314,0.02139731536806755,7.709592911,9.250264909,5.62094485,0.0
2019-06-21,-0.0012600162797279978,0.021750110874492513,7.83504874,9.004689753,5.259934468,0.0
2019-06-24,-0.0017333884605870258,0.019085406981552644,7.807265887,8.852325751,6.591716746,0.0
2019-06-25,-0.009541775640387554,-0.00012685825180559947,7.295478857,8.551200518,6.453688289,0.0
2019-06-26,-0.0012346956788039985,-0.004342270723633441,7.041099824,8.352762172,5.972036971,0.0
2019-06-27,0.0038158857925908473,-0.009953990266915732,5.62094485,8.145586697,7.208334285,0.0
2019-06-28,0.005740941840599626,-0.00295303214658811,5.259934468,8.123397218,7.077325627,0.0
2019-07-01,0.007643018610953927,0.006423374924952843,6.591716746,7.796946217,6.089577727,0.0
2019-07-02,0.002923847276988696,0.018888997842329093,6.453688289,7.66520229,6.267739555,0.0
2019-07-03,0.007643095660684157,0.02776678918181725,5.972036971,7.344869644,6.518911165,0.0
2019-07-05,-0.0018075342045486649,0.022143369184677734,7.208334285,7.282712126,5.008709845,0.0
2019-07-08,-0.004847173010123794,0.011555254333954318,7.077325627,6.944186708,4.913239331,0.0
2019-07-09,0.0012357930584538906,0.00514802878145428,6.089577727,6.830784104,4.769711529,0.0
2019-07-10,0.004500546936082614,0.006724728440548198,6.267739555,6.549969996,4.04405449,0.0
2019-07-11,0.002282619578948549,0.0013642523588125901,6.518911165,6.540479516,4.850870734,0.0
2019-07-12,0.004609534302066538,0.007781320865427793,5.008709845,6.482285502,5.554915292,0.0
2019-07-15,0.00017585372838413283,0.01280434760393572,4.913239331,6.389118838,5.860370845,0.0
2019-07-16,-0.003409584555010327,0.008158969990471502,4.769711529,6.407753804,6.03421558,0.0
2019-07-17,-0.006552665466093182,-0.0028942424117042948,4.04405449,6.134187805,6.205636448,0.0
2019-07-18,0.0035755977088190827,-0.0016012642818337614,4.850870734,6.149582546,5.737404415,0.0
2019-07-19,-0.006195889464844692,-0.01240668804874499,5.554915292,5.905492409,5.202087333,0.0
2019-07-22,0.002824701686250326,-0.009757840090878796,5.860370845,5.83607993,4.989161301,0.0
2019-07-23,0.00682414513927642,0.00047588960340794965,6.03421558,5.909644496,5.067449831,0.0
2019-07-24,0.004677192813475714,0.011705747882976847,6.205636448,5.826640372,9.714482791,0.0
2019-07-25,-0.005276296483599537,0.002853853690558226,5.737404415,5.801081465,14.43813863,1.0
2019-07-26,0.007360535770783042,0.01641027892618596,5.202087333,5.808744572,15.23210245,1.0
2019-07-29,-0.0016174219290574364,0.011968155310878198,4.989161301,5.776333952,18.50511682,1.0
2019-07-30,-0.0025819853720443708,0.002562024799557407,5.067449831,5.520958033,19.19682109,1.0
2019-07-31,-0.01094520695213996,-0.013060374966058268,9.714482791,6.865129923,20.49527043,1.0
2019-08-01,-0.009039527568806017,-0.016823606051264747,14.43813863,8.766481708,17.80415847,1.0
2019-08-02,-0.007309388539565105,-0.0314935303616129,15.23210245,8.874442459,18.04945076,1.0
2019-08-05,-0.030230182169694777,-0.060106290602250236,18.50511682,10.31764201,15.35599801,1.0
2019-08-06,0.012933023911166613,-0.04459128131903925,19.19682109,10.64611306,16.96354355,1.0
2019-08-07,0.0007665823338588767,-0.032879492033040414,20.49527043,11.92991604,13.61702155,1.0
2019-08-08,0.018588462466865085,-0.005251501997369314,17.80415847,12.06126716,14.10195011,1.0
2019-08-09,-0.006638593133657111,-0.004580706591461319,18.04945076,12.40683697,13.2452374,1.0
2019-08-12,-0.012393809115915354,0.013255666462318105,15.35599801,12.62419998,12.59031162,1.0
2019-08-13,0.015018346267301863,0.015340988818453355,16.96354355,13.40121781,9.11480454,0.0
2019-08-14,-0.02973035245453567,-0.015155945969941192,13.61702155,13.58639472,7.963855566,0.0
2019-08-15,0.0024612366981802422,-0.031283171738626034,14.10195011,13.75891268,8.189523633,0.0
2019-08-16,0.014323058172245003,-0.010321520432723923,13.2452374,13.78674766,14.84619263,1.0
2019-08-19,0.012033175564397505,0.014105464247588935,12.59031162,13.79903711,15.07775354,1.0
2019-08-20,-0.007946215312115467,-0.008859097331828394,9.11480454,13.82966431,15.79794083,1.0
2019-08-21,0.008212979557352937,0.029084234680060213,7.963855566,13.81370296,16.48807995,1.0
2019-08-22,-0.00050620295927854,0.026116795022601433,8.189523633,14.06574918,15.83818297,1.0
2019-08-23,-0.02628888112283785,-0.01449514427248142,14.84619263,15.44057453,10.25266914,0.0
2019-08-26,0.01092311273079789,-0.015605207106081036,15.07775354,15.52498488,10.33675768,0.0
2019-08-27,-0.0032083218005562386,-0.010867313594521807,15.79794083,15.72366327,8.931227589,0.0
2019-08-28,0.006524151530562512,-0.012556141621312232,16.48807995,15.33589875,8.211707755,0.0
2019-08-29,0.012607482441094399,0.0005575437790607055,15.83818297,14.43753262,7.611805874,0.0
2019-08-30,0.0006425807598767749,0.027489005661775333,10.25266914,14.37659249,6.909032806,0.0
2019-09-03,-0.0069230093326854165,0.009642883598292025,10.33675768,13.49546065,6.742712094,0.0
2019-09-04,0.010783725278421427,0.02363493067726969,8.931227589,13.23048782,7.161598243,0.0
2019-09-05,0.01292591292175976,0.030036692068466937,8.211707755,12.12574942,7.014663407,0.0
2019-09-06,0.0009101908043767861,0.018339400431749326,7.611805874,11.98666887,7.080070327,0.0
2019-09-09,-9.401467889992668e-05,0.017602804992972624,6.909032806,11.7121487,6.662386853,0.0
2019-09-10,0.0003222524259310153,0.02484806675158906,6.742712094,11.59921683,5.771014103,0.0
2019-09-11,0.0072036723263872,0.021268013799554827,7.161598243,10.76696234,6.882626746,0.0
2019-09-12,0.0028750162782333164,0.011217117156028385,7.014663407,10.62917474,6.782758355,0.0
2019-09-13,-0.0007246768769660504,0.009582249474685549,7.080070327,10.3196817,7.972710829,0.0
2019-09-16,-0.0031405129163559896,0.006535751237229485,6.662386853,10.21822872,8.158601598,0.0
2019-09-17,0.0025784253724619854,0.008791924183760456,5.771014103,10.1606592,10.43697658,0.0
2019-09-18,0.00034263328426719085,0.0019308851416404472,6.882626746,10.34409011,10.88538398,0.0
2019-09-19,1.9974521929475905e-05,-0.0009241566146633933,6.782758355,10.42233465,11.11284496,0.0
2019-09-20,-0.004907599104880387,-0.00510707884257773,7.972710829,10.27714871,11.80569323,1.0
2019-09-23,-9.694061782751375e-05,-0.002063506544049254,8.158601598,8.120993435,11.77860511,1.0
2019-09-24,-0.00845198896355148,-0.013093920880062719,10.43697658,8.581197609,11.66989849,1.0
2019-09-25,0.0061396852419639035,-0.007296868922366009,10.88538398,8.61564639,12.07623779,1.0
2019-09-26,-0.002431871009613191,-0.009748714453908675,11.11284496,8.457818586,14.54101416,1.0
2019-09-27,-0.005330534579128577,-0.010171649928156865,11.80569323,8.817673944,13.54504684,1.0
2019-09-30,0.005034910215248393,-0.005039799095080959,11.77860511,8.622941078,13.93142869,1.0
2019-10-01,-0.012334126945412846,-0.008921937076942325,11.66989849,8.998413486,12.92909391,1.0
2019-10-02,-0.01806540418764383,-0.033127026506550056,12.07623779,9.526097623,11.68129433,1.0
2019-10-03,0.007940304773866787,-0.022754850723070083,14.54101416,10.37000156,8.752569736,0.0
2019-10-04,0.014116785239259274,-0.0033075309046822314,13.54504684,10.44670044,9.570736022,0.0
2019-10-07,-0.00448835227368152,-0.012830793393612143,13.93142869,10.53292958,8.816388205,0.0
2019-10-08,-0.01568315955210993,-0.016179826000309226,12.92909391,10.5544195,8.785020321,0.0
2019-10-09,0.009063296514845923,0.010948874702180528,11.68129433,10.58478025,8.279725946,0.0
2019-10-10,0.0063952024117826045,0.009403772340096345,8.752569736,10.69520574,7.454068376,0.0
2019-10-11,0.010879579673789056,0.006166566774626127,9.570736022,10.93167179,6.593298352,0.0
2019-10-14,-0.0013880816732189801,0.009266837375088668,8.816388205,10.92144364,6.507230857,0.0
2019-10-15,0.009906445376489171,0.03485644230368777,8.785020321,11.06181565,5.81995874,0.0
2019-10-16,-0.002001544553193733,0.023791601235648115,8.279725946,10.83205431,5.680503095,0.0
2019-10-17,0.002759021969775287,0.020155420793640796,7.454068376,10.80632949,5.586053271,0.0
2019-10-18,-0.003927045709799847,0.005348795410051892,6.593298352,10.69945393,5.258085136,0.0
2019-10-21,0.006848114105333746,0.013584991188604617,6.507230857,10.64064141,5.361031381,0.0
2019-10-22,-0.003575049258376838,0.00010349655373860815,5.81995874,10.17836556,5.239491857,0.0
2019-10-23,0.002843103345830729,0.00494814445276307,5.680503095,9.786599684,6.328276167,0.0
2019-10-24,0.0019186046591713529,0.004107727142159136,5.586053271,9.680078721,6.892365918,0.0
2019-10-25,0.004064429510656049,0.012099202362615032,5.258085136,9.303041497,6.23304834,0.0
2019-10-28,0.0055658199161177,0.010816908173398986,5.361031381,9.258754199,6.237415065,0.0
2019-10-29,-0.0008327519564807664,0.013559205475295058,5.239491857,8.741599481,6.090858675,0.0
2019-10-30,0.0032480894008573105,0.013964191530321642,6.328276167,8.326489261,5.090803407,0.0
2019-10-31,-0.0030274386345390905,0.009018148236611196,6.892365918,7.26084209,4.490730381,0.0
2019-11-01,0.009615930559647514,0.014569649285602662,6.23304834,7.098748518,5.100733196,0.0
2019-11-04,0.0036972458053124275,0.01270107517479739,6.237415065,6.850524771,5.141414441,0.0
2019-11-05,-0.0011864027118206639,0.01234742441945749,6.090858675,6.625694984,5.658179203,0.0
2019-11-06,0.0007022505922896238,0.009801585610889804,5.090803407,6.457269851,5.985455117,0.0
2019-11-07,0.002726375244280665,0.015555399489709559,4.490730381,6.213664253,5.73123333,0.0
2019-11-08,0.002557403145115828,0.008496872075177873,5.100733196,5.830682061,5.370248278,0.0
2019-11-11,-0.0019643954133371925,0.002835230856528253,5.141414441,5.840038528,5.392610607,0.0
2019-11-12,0.0015634233012630327,0.00558505686961195,5.658179203,5.710467274,4.978238344,0.0
2019-11-13,0.0007112815701162954,0.005594087847438621,5.985455117,5.789152506,6.044482351,0.0
2019-11-14,0.0008366926144567594,0.003704405217614716,5.73123333,5.738518841,6.101751172,0.0
2019-11-15,0.007666028777973181,0.008813030850472069,5.370248278,5.508071273,6.228283575,0.0
2019-11-18,0.0005030263228096366,0.011280452586618899,5.392610607,5.548882675,6.074081251,0.0
2019-11-19,-0.0005927700996925261,0.00912425918566334,4.978238344,5.507918918,5.963039941,0.0
2019-11-20,-0.0037632564209410676,0.004649721194605976,6.044482351,5.88057817,4.180373669,0.0
2019-11-21,-0.0015840060861895076,0.0022290224939597093,6.101751172,5.868342401,3.712211963,0.0
2019-11-22,0.002172573942375937,-0.003264432341637535,6.228283575,5.75542035,4.471210657,0.0
2019-11-25,0.0074792518874672075,0.003711793223020036,6.074081251,5.729620436,5.862711797,0.0
2019-11-26,0.0021931636449402277,0.00649772696765279,5.963039941,5.68889826,6.104897605,0.0
2019-11-27,0.0041657356252997445,0.0144267190138936,4.180373669,5.379434059,6.495535365,0.0
2019-11-29,-0.004019286229989053,0.011991438870094056,3.712211963,5.099646553,6.628189568,0.0
2019-12-02,-0.008668483693963605,0.001150381233754513,4.471210657,5.330109913,6.06169242,0.0
2019-12-03,-0.006660225258045148,-0.012989095911757842,5.862711797,5.629836682,5.227943013,0.0
2019-12-04,0.006303657608769993,-0.008878601947928076,6.104897605,5.692659067,4.881670765,0.0
2019-12-05,0.0014991269266302707,-0.01154521064659755,6.495535365,5.745192415,6.265506038,0.0
2019-12-06,0.009094246030426013,0.001568321613817516,6.628189568,5.652252149,7.268516362,0.0
2019-12-09,-0.003167833684474369,0.007068971623306753,6.06169242,5.575995933,7.256053311,0.0
2019-12-10,-0.0010975361689841293,0.012631660712367772,5.227943013,5.649723223,6.866707764,0.0
2019-12-11,0.0029039375293507703,0.009231940632948549,4.881670765,5.510017844,6.77106844,0.0
2019-12-12,0.008538667375555057,0.016271481081873332,6.265506038,5.819360715,4.978150312,0.0
2019-12-13,7.25791502146863e-05,0.007249814201662007,7.268516362,6.07815992,3.055209907,0.0
2019-12-16,0.007122360942542787,0.017540008828679163,7.256053311,6.086412442,2.477246873,0.0
2019-12-17,0.0003352360284609262,0.018972781026124215,6.866707764,6.036325793,2.4037541,0.0
2019-12-18,-0.0004323936405227425,0.015636449856250706,6.77106844,5.96878751,2.389969058,0.0
2019-12-19,0.004449378821864254,0.011547161302559901,4.978150312,5.561161078,2.874532691,0.0
2019-12-20,0.004932595804334098,0.016407177956679314,3.055209907,5.474464638,3.734725572,0.0
2019-12-23,0.0008657687142985109,0.010150585728435036,2.477246873,5.374079025,4.270527023,0.0
2019-12-24,-0.00019546730246814044,0.00961988239750597,2.4037541,5.353328102,5.173896183,0.0
2019-12-26,0.005115062410053991,0.015167338448082704,2.389969058,5.307066142,6.207571893,0.0
2019-12-27,3.3984139657930306e-05,0.010751943765876381,2.874532691,5.350080941,6.689211688,0.0
2019-12-30,-0.005797596079349905,2.1751882192377718e-05,3.734725572,5.47829147,6.345487435,0.0
2019-12-31,0.002941690644190719,0.0020976738120845858,4.270527023,5.333117704,7.356139092,0.0
2020-01-02,0.008343895362316707,0.010637036476869432,5.173896183,5.172772447,6.841826897,0.0
2020-01-03,-0.007084909364954553,-0.0015629352981391103,6.207571893,5.336758805,6.390356244,0.0
2020-01-06,0.003527145194272564,0.0019302257564755233,6.689211688,5.409413962,5.915566111,0.0
2020-01-07,-0.0028071750845948405,0.004920646751230587,6.345487435,5.393955496,6.203933835,0.0
2020-01-08,0.004890473485641129,0.006869429592680998,7.356139092,5.725758577,5.153468228,0.0
2020-01-09,0.006633214116906491,0.005158748347270782,6.841826897,5.623822239,5.081691007,0.0
2020-01-10,-0.0028592624875049015,0.009384395224720433,6.390356244,5.721230673,4.611778778,0.0
2020-01-13,0.006951994045933256,0.012809244076381125,5.915566111,5.309999862,4.630575144,0.0
2020-01-14,-0.0015156808368957204,0.014100738324080245,6.203933835,5.050655613,4.544387642,0.0
2020-01-15,0.0018684502436879626,0.011078715082127079,5.153468228,5.124577305,5.189179846,0.0
2020-01-16,0.008331747422232019,0.012777248387452606,5.081691007,5.127899528,7.938138164,0.0
2020-01-17,0.003854723247485144,0.019491234122442653,4.611778778,5.15633245,8.673219671,0.0
2020-01-21,-0.002655500369585384,0.009883739706924013,4.630575144,5.23078961,9.415517024,0.0
2020-01-22,0.00028903429668107475,0.011688454840500809,4.544387642,5.323383322,9.427833959,0.0
2020-01-23,0.001140326193358241,0.010960330790171087,5.189179846,5.608832446,10.35097298,0.0
2020-01-24,-0.009083289426193788,-0.00645470605825472,7.938138164,6.37215462,10.98669351,0.0
2020-01-27,-0.015855752356844034,-0.0261651816625839,8.673219671,6.630683311,11.3814248,1.0
2020-01-28,0.010003383500352516,-0.013506297792646,9.415517024,6.889006866,11.10128452,0.0
2020-01-29,-0.0008672501435846315,-0.014662582232911706,9.427833959,6.860931388,11.33641513,1.0
2020-01-30,0.0031294569302110597,-0.012673451496058887,10.35097298,7.327026105,10.07080753,0.0
2020-01-31,-0.01786444357136295,-0.02145460564122805,10.98669351,8.00555511,7.622412047,0.0
2020-02-03,0.007228425761232584,0.0016295724768485668,11.3814248,8.168028011,6.462042765,0.0
2020-02-04,0.014869315917506062,0.006495504894002113,11.10128452,8.190339237,6.436751733,0.0
2020-02-05,0.011187778658972936,0.01855053369655968,11.33641513,8.314725118,5.612230222,0.0
2020-02-06,0.003320155057001924,0.018741231823350545,10.07080753,8.0939735,6.314236655,0.0
2020-02-07,-0.005415491009458352,0.031190184385255143,7.622412047,8.179948359,6.088515839,0.0
2020-02-10,0.007299690120573207,0.031261448744595764,6.462042765,8.182115712,6.230951842,0.0
2020-02-11,0.0016870486860021178,0.018079181513091822,6.436751733,8.288010584,5.67826453,0.0
2020-02-12,0.006441853105203067,0.013333255959321954,5.612230222,8.208942505,9.120176741,0.0
2020-02-13,-0.0016317763599886593,0.00838132454233137,6.314236655,8.297002137,9.243462329,0.0
2020-02-14,0.0018418360984854144,0.015638651650275136,6.088515839,8.350039854,10.57671988,0.0
2020-02-18,-0.0029242139861477136,0.005414747543554216,6.230951842,8.446069018,16.71970961,1.0
2020-02-19,0.004694748284284925,0.008422447141837023,5.67826453,8.449333401,20.16810887,1.0
2020-02-20,-0.0038228174279975285,-0.0018422233913635727,9.120176741,9.111436673,24.54899777,1.0
2020-02-21,-0.010573809232819777,-0.010784256264194691,9.243462329,9.136123168,29.82354993,1.0
2020-02-24,-0.03408807942044074,-0.046714171783120845,10.57671988,9.051873124,34.18657492,1.0
2020-02-25,-0.030747904375353224,-0.07453786217232636,16.71970961,11.06422475,38.96063068,1.0
2020-02-26,-0.00378569732353003,-0.08301830778014131,20.16810887,12.28480356,38.60232666,1.0
2020-02-27,-0.045168136352261155,-0.12436362670440493,24.54899777,14.54168449,37.12363299,1.0
2020-02-28,-0.008272463109653077,-0.12206228058123823,29.82354993,16.7046137,35.83270939,1.0
2020-03-02,0.0450108687694132,-0.0429633323913843,34.18657492,18.54562009,34.2697415,1.0
2020-03-03,-0.02851048492291458,-0.04072591293894566,38.96063068,21.66830744,35.55746092,1.0
2020-03-04,0.041336349360633136,0.004396133745217509,38.60232666,22.19553277,38.10721487,1.0
2020-03-05,-0.034510782439981125,0.01505348765749754,37.12363299,22.88827303,43.82837909,1.0
2020-03-06,-0.01720094365238617,0.00612500711476445,35.83270939,23.97258003,54.63090086,1.0
2020-03-09,-0.07901041294037148,-0.11789627459502022,34.2697415,24.96033912,60.74295106,1.0
2020-03-10,0.048215052425859106,-0.041170737246246536,35.55746092,27.84168287,64.99812868,1.0
2020-03-11,-0.05010289280860541,-0.13260997941548508,38.10721487,29.07445078,72.70484054,1.0
2020-03-12,-0.09994485240247351,-0.19804404937797745,43.82837909,31.56311873,75.22563208,1.0
2020-03-13,0.08880840694923595,-0.09203469877635534,54.63090086,36.20567675,70.3431787,1.0
2020-03-16,-0.12765219747281742,-0.14067648330880128,60.74295106,39.19410094,67.40157588,1.0
2020-03-17,0.05822631263569171,-0.13066522309896866,64.99812868,42.6807017,59.3214185,1.0
2020-03-18,-0.053222272332080246,-0.13378460262244352,72.70484054,46.46247384,57.34222344,1.0
2020-03-19,0.004696760970401053,-0.029142989249568957,75.22563208,48.88926251,50.29781637,1.0
2020-03-20,-0.04432762405336681,-0.16227902025217172,70.3431787,50.26461308,48.24612045,1.0
2020-03-23,-0.02973150100957679,-0.06435832378893108,67.40157588,51.41939231,44.48772839,1.0
2020-03-24,0.08968323251796326,-0.032901403906659535,59.3214185,51.29827286,44.88608993,1.0
2020-03-25,0.011468990420822226,0.03178985884624294,57.34222344,53.65730117,33.27020125,1.0
2020-03-26,0.06054383107424656,0.08763692895008846,50.29781637,53.59071047,31.3800304,1.0
2020-03-27,-0.0342678455416263,0.09769670746182897,48.24612045,53.72236341,29.31707152,1.0
2020-03-30,0.032966590569974794,0.16039479904138054,44.48772839,53.35319038,29.76933942,1.0
2020-03-31,-0.016142310788415843,0.054569255735001446,44.88608993,52.49495576,29.97672582,1.0
2020-04-01,-0.04514636273278691,-0.002046097418607687,33.27020125,52.75696765,30.07834951,1.0
2020-04-02,0.022572657056960366,-0.040017271435893884,31.3800304,52.66497692,30.14168517,1.0
2020-04-03,-0.015252860825944299,-0.02100228672021188,29.31707152,52.72541356,28.18518789,1.0
2020-04-06,0.06796824414483035,0.013999366854643674,29.76933942,52.67364161,25.3701991,1.0
2020-04-07,-0.001604339048362459,0.028537338594697058,29.97672582,51.61674289,22.80595536,1.0
2020-04-08,0.033489371191284686,0.10717307251876866,30.07834951,51.44350743,18.98132771,1.0
2020-04-09,0.014383470303699339,0.09898388576550762,30.14168517,50.2045654,17.5410297,1.0
2020-04-13,-0.01015605944467711,0.10408068714677482,28.18518789,47.24866778,15.87968372,1.0
2020-04-14,0.03011455957230757,0.06622700257425204,25.3701991,44.86644342,16.69520618,1.0
2020-04-15,-0.022276732672369248,0.045554608950245254,22.80595536,41.69084868,16.59604407,1.0
2020-04-16,0.0057998378395412884,0.017865075598501846,18.98132771,37.61660136,17.19514326,1.0
2020-04-17,0.026440932021320578,0.029922537316123085,17.5410297,34.39035311,17.81152458,1.0
2020-04-20,-0.018042845615347775,0.02203575114545242,15.87968372,32.53362873,16.67859697,1.0
2020-04-21,-0.031155115236330667,-0.039233923663185816,16.69520618,30.77234334,16.85669275,1.0
2020-04-22,0.02267130058213675,0.005714109591320182,16.59604407,30.45039178,16.76786533,1.0
2020-04-23,-0.0005395676601955963,-0.0006252959084167025,17.19514326,25.82429648,15.43059463,1.0
2020-04-24,0.013822090566839217,-0.013244137362898062,17.81152458,25.09066372,14.25386774,1.0
2020-04-27,0.014606868181735996,0.01940557643418571,16.67859697,23.3679024,15.16272031,1.0
2020-04-28,-0.005256170190483643,0.045304521480032736,16.85669275,22.87322983,14.39223751,1.0
2020-04-29,0.02623670404507307,0.04886992494296905,16.76786533,22.22220555,13.86635698,1.0
2020-04-30,-0.009255143319054839,0.04015434928410981,15.43059463,21.2059786,13.22778822,1.0
2020-05-01,-0.028460211014775954,-0.0021279522975053596,14.25386774,20.8364588,12.45251263,1.0
2020-05-04,0.0042408225788494016,-0.012493997900391959,15.16272031,19.71454321,12.22838442,1.0
2020-05-05,0.008999935197779802,0.0017621074878714895,14.39223751,18.79934509,13.19939607,1.0
2020-05-06,-0.007003880399042588,-0.03147847695624417,13.86635698,17.81135482,17.44979857,1.0
2020-05-07,0.011438955754890805,-0.010784377882298525,13.22778822,16.34809917,21.07162576,1.0
2020-05-08,0.016730795065226244,0.03440662819770367,12.45251263,15.6778183,21.79076458,1.0
2020-05-11,0.0001330693667907644,0.030298874985645038,12.22838442,15.08129159,21.91022761,1.0
2020-05-12,-0.020713365772047604,0.0005855740158176304,13.19939607,15.36423247,21.319564,1.0
2020-05-13,-0.017616996624280044,-0.010027542209419826,17.44979857,16.22776411,17.54807028,1.0
2020-05-14,0.01145891780407149,-0.010007580160239142,21.07162576,16.97618918,13.60106651,1.0
2020-05-15,0.003918675203723029,-0.022819700021742356,21.79076458,16.95822548,12.38462112,1.0
2020-05-18,0.031015208770073424,0.008062439381540304,21.91022761,16.86472015,11.48041712,1.0
2020-05-19,-0.010539747711599283,0.018236057441988626,21.319564,16.73344299,14.63559898,1.0
2020-05-20,0.0165139906134157,0.052367044679684366,17.54807028,16.47625113,15.87614516,1.0
2020-05-21,-0.007803968309953686,0.033104158565659195,13.60106651,16.14063238,16.74238476,1.0
2020-05-22,0.002350945686812366,0.03153642904874853,12.38462112,15.70393325,16.89406081,1.0
2020-05-26,0.01221428502146052,0.012735505300135624,11.48041712,15.74245473,16.57661352,1.0
2020-05-27,0.014718447490314346,0.037993700502049255,14.63559898,16.20250847,13.06111534,1.0
2020-05-28,-0.0021101393249195488,0.019369570563714005,15.87614516,16.25390785,12.61480878,1.0
2020-05-29,0.004800793552307952,0.031974332425975645,16.74238476,16.46423587,11.60967735,1.0
2020-06-01,0.003744216478364391,0.033367603217527665,16.89406081,16.34541696,11.34550384,1.0
2020-06-02,0.008177307282398658,0.029330625478465808,16.57661352,16.09484042,11.47341499,1.0
2020-06-03,0.01355667081256392,0.028168848800715383,13.06111534,15.91808215,12.23651002,1.0
2020-06-04,-0.003374389083608904,0.02690459904202603,12.61480878,15.9969968,14.73308788,1.0
2020-06-05,0.025874012821635813,0.04797781831135389,11.60967735,16.15622541,21.53141477,1.0
2020-06-08,0.011969656405806002,0.0562032582387955,11.34550384,16.14269192,26.52342058,1.0
2020-06-09,-0.007829743419721978,0.04019620753667487,11.47341499,15.95526103,29.02712553,1.0
2020-06-10,-0.005327255735182077,0.021312280988928865,12.23651002,15.72457851,28.767668,1.0
2020-06-11,-0.06075269299628893,-0.03606602292375116,14.73308788,15.29856231,27.11597271,1.0
2020-06-12,0.012976286605211731,-0.04896374914017524,21.53141477,16.30707582,23.46549837,1.0
2020-06-15,0.00827786081817526,-0.05265554472780598,26.52342058,17.82554647,18.22078649,1.0
2020-06-16,0.018784852866710527,-0.026040948441373474,29.02712553,18.57954091,13.81223406,1.0
2020-06-17,-0.0036067962326294138,-0.02432048893882081,28.767668,18.45334923,16.54672893,1.0
2020-06-18,0.0005940434038017573,0.03702624746126988,27.11597271,18.46297132,18.36440377,1.0
2020-06-19,-0.005665513565673728,0.018384447290384416,23.46549837,18.90319742,16.69328871,1.0
2020-06-22,0.006474093296658384,0.01658067976886754,18.22078649,19.0369289,17.33424924,1.0
2020-06-23,0.004298169191483789,0.0020939960936408007,13.81223406,18.97218486,18.39950604,1.0
2020-06-24,-0.0261952655956623,-0.020494473269392084,16.54672893,18.85270453,15.96424212,1.0
2020-06-25,0.01089982772821816,-0.010188688944975682,18.36440377,19.03105739,14.75222568,1.0
2020-06-26,-0.024525204274831163,-0.029048379654133115,16.69328871,18.89233926,13.44770129,1.0
2020-06-29,0.01457888811353358,-0.020943584837257924,17.33424924,19.13560526,12.61060206,1.0
2020-06-30,0.015292349435755562,-0.00994940459298615,18.39950604,19.38770809,11.33735544,1.0
2020-07-01,0.005009563975870565,0.021255424978546718,15.96424212,19.40336417,14.40005784,1.0
2020-07-02,0.0045309704768169146,0.01488656772714547,14.75222568,19.41146145,14.54227986,1.0
2020-07-06,0.01575693083216329,0.055168702834139924,13.44770129,19.19464765,18.52462832,1.0
2020-07-07,-0.010877477869643567,0.02971233685096278,12.61060206,19.33256567,19.57580157,1.0
2020-07-08,0.007796986263430269,0.022216973678637484,11.33735544,19.36768751,19.79412303,1.0
2020-07-09,-0.005659591476194623,0.011547818226572297,14.40005784,19.77113839,17.49457763,1.0
2020-07-10,0.010411809774443004,0.017428657524198386,14.54227986,19.37545721,16.74205313,1.0
2020-07-13,-0.009406645216058874,-0.007734918524023778,18.52462832,18.39359961,13.17626857,1.0
2020-07-14,0.01331730058290395,0.016459859928523737,19.57580157,17.13703992,10.82833241,0.0
2020-07-15,0.009041056936355048,0.017703930601448516,19.79412303,16.19924819,9.48627967,0.0
2020-07-16,-0.0034119152141152374,0.019951606863527906,17.49457763,16.14057912,11.62372205,1.0
2020-07-17,0.0028445625875835605,0.01238435967666846,16.74205313,16.17601415,11.57911795,1.0
2020-07-20,0.008371797255140334,0.030162802147867665,13.17626857,15.62275957,10.62355266,0.0
2020-07-21,0.0016776293345600682,0.018523130899523788,10.82833241,15.49167737,10.39260445,0.0
2020-07-22,0.005730630594473862,0.015212704557642601,9.48627967,15.40190134,10.75703062,0.0
2020-07-23,-0.012396378412246847,0.006228241359510993,11.62372205,15.02822223,10.51526994,0.0
2020-07-24,-0.006209640024276134,-0.0028259612523487032,11.57911795,14.52134964,12.64259364,1.0
2020-07-27,0.007367928821482373,-0.0038298296860066645,10.62355266,14.23443403,12.49177189,1.0
2020-07-28,-0.006494435418646306,-0.012001894439213038,10.39260445,13.85187985,12.11843622,1.0
2020-07-29,0.012351783351742583,-0.005380741681944317,10.75703062,13.47262173,11.53926719,1.0
2020-07-30,-0.0037573017634548516,0.003258334966847679,10.51526994,13.77591856,9.754434301,0.0
2020-07-31,0.0076412362421762695,0.01710921123330008,12.64259364,14.01504007,6.192097262,0.0
2020-08-03,0.007155362664358673,0.016896645076176383,12.49177189,14.01499326,6.996077751,0.0
2020-08-04,0.003605423026133557,0.026996503520956245,12.11843622,13.7416112,9.418148255,0.0
2020-08-05,0.006409160435517922,0.021053880604731585,11.53926719,13.51540976,9.973077817,0.0
2020-08-06,0.006407126020664802,0.03121830838885124,9.754434301,12.71702649,9.977081461,0.0
2020-08-07,0.0006328292699566697,0.024209901416631638,6.192097262,12.37486927,9.734368657,0.0
2020-08-10,0.0027384652733919213,0.01979300402566489,6.996077751,11.08448683,8.861314794,0.0
2020-08-11,-0.008001055401377298,0.008186525598154033,9.418148255,10.73332454,6.92374382,0.0
2020-08-12,0.013899502293613534,0.015676867456249643,9.973077817,10.46804875,7.0499534,0.0
2020-08-13,-0.002049272676156681,0.00722046875942816,9.977081461,10.49253257,7.435595149,0.0
2020-08-14,-0.00017189739627902921,0.006415742093192461,9.734368657,10.33212403,7.519784701,0.0
2020-08-17,0.002706177507423456,0.006383454327223995,8.861314794,9.954549712,7.742721659,0.0
2020-08-18,0.0023007404198168474,0.01668525014841814,6.92374382,9.893210661,7.236279287,0.0
2020-08-19,-0.004414123345182018,-0.001628375490377412,7.0499534,9.975376172,7.292745963,0.0
2020-08-20,0.0031536547683461333,0.0035745519541254024,7.435595149,9.494078682,7.612610831,0.0
2020-08-21,0.0034351999829724668,0.007181649333376899,7.519784701,9.347223351,7.796586014,0.0
2020-08-24,0.009993615364903508,0.01446908719085695,7.742721659,9.266365354,8.010493717,0.0
2020-08-25,0.003589899745540117,0.01575824651658022,7.236279287,9.163241503,8.676909179,0.0
2020-08-26,0.010144001344841499,0.030316371206603736,7.292745963,9.158369875,9.750636268,0.0
2020-08-27,0.0016716460318091384,0.02883436247006674,7.612610831,8.773982304,16.60600916,1.0
2020-08-28,0.006710002849570254,0.03210916533666453,7.796586014,7.912552007,25.09436923,1.0
2020-08-31,-0.002197375175508541,0.01991817479625248,8.010493717,7.930727458,25.53077324,1.0
2020-09-01,0.007496831420705943,0.023825106471418306,8.676909179,8.128533629,26.36670783,1.0
2020-09-02,0.01524905014386973,0.02893015527044654,9.750636268,8.622980566,27.84709303,1.0
2020-09-03,-0.0357575941421853,-0.0084990849035479,16.60600916,11.05148874,25.47359271,1.0
2020-09-04,-0.008166280754275102,-0.023375368507393256,25.09436923,14.50706049,17.69005809,1.0
2020-09-08,-0.02814882908646679,-0.049326822418351506,25.53077324,14.6155827,17.38658778,1.0
2020-09-09,0.019944760662180386,-0.036878893176877064,26.36670783,14.75460946,16.55760633,1.0
2020-09-10,-0.017741245925395586,-0.06986918924614238,27.84709303,15.59985164,14.37065483,1.0
2020-09-11,0.0005329301580873496,-0.03357866494586973,25.47359271,16.10825398,14.76041151,1.0
2020-09-14,0.012661335025022992,-0.012751049166571634,17.69005809,16.27881628,16.39534982,1.0
2020-09-15,0.005205785930499657,0.02060356585039481,17.38658778,16.41821828,17.33045162,1.0
2020-09-16,-0.0046296468921518345,-0.0039708417039374085,16.55760633,16.56057139,18.33324588,1.0
2020-09-17,-0.008447949528552457,0.005322454692905721,14.37065483,16.80948662,19.9728454,1.0
2020-09-18,-0.011245576947828505,-0.006456052413010133,14.76041151,17.32400832,19.67952687,1.0
2020-09-21,-0.011638564027297718,-0.03075595146533084,16.39534982,17.83437532,17.89883318,1.0
2020-09-22,0.010463016398376152,-0.02549872099745435,17.33045162,18.15644775,16.9174769,1.0
2020-09-23,-0.02400733891437413,-0.044876413019676646,18.33324588,18.57925097,16.55867504,1.0
2020-09-24,0.0029830055546290505,-0.03344545793649514,19.9728454,19.20914998,13.86412586,1.0
2020-09-25,0.015850439224188495,-0.006349441764478134,19.67952687,19.55643751,12.70147009,1.0
2020-09-28,0.0159821918538544,0.021271314116673982,17.89883318,19.56937178,12.61793422,1.0
2020-09-29,-0.004824282704443997,0.0059840150138538335,16.9174769,19.62561716,15.3569753,1.0
2020-09-30,0.00821984256837961,0.03821119649660758,16.55867504,19.8724384,14.03190539,1.0
2020-10-01,0.0052789495642950775,0.0405071405062736,13.86412586,19.83119291,13.16985155,1.0
2020-10-02,-0.009623812866370861,0.015032888415714245,12.70147009,18.81080005,11.60377672,1.0
2020-10-05,0.017813109002900934,0.01686380556476078,12.61793422,16.28900046,12.57774805,1.0
2020-10-06,-0.014072064387523205,0.007616023881681573,15.3569753,16.76809249,8.92123606,0.0
2020-10-07,0.017247163770241564,0.016643345083543523,14.03190539,16.44191534,9.883426591,0.0
2020-10-08,0.007978212894869286,0.019342608414117737,13.16985155,15.58115247,11.30878474,1.0
2020-10-09,0.008755095180752877,0.03772151646124147,11.60377672,15.00940124,12.05983729,1.0
2020-10-12,0.01628253015832422,0.03619093761666477,12.57774805,15.0547977,13.56001767,1.0
2020-10-13,-0.006326891629163268,0.0439361103750247,8.92123606,15.0164137,14.35307638,1.0
2020-10-14,-0.0066451720840594065,0.020043774520723732,9.883426591,15.04056277,13.86769137,1.0
2020-10-15,-0.001528923514213078,0.010536638111641367,11.30878474,14.93705243,14.07265279,1.0
2020-10-16,0.00013491045663045577,0.0019164533875189458,12.05983729,14.39356132,13.70820829,1.0
2020-10-19,-0.016464663514942676,-0.030830740285747952,13.56001767,14.33225661,14.82329613,1.0
2020-10-20,0.0047161953200011274,-0.019787653336583555,14.35307638,14.2094772,13.76303325,1.0
2020-10-21,-0.0021981140115702774,-0.015340595264094427,13.86769137,13.7938308,14.18884972,1.0
2020-10-22,0.0052053540034913415,-0.008606317746390008,14.07265279,13.14902225,17.25292361,1.0
2020-10-23,0.003439838320389479,-0.005301389882630984,13.70820829,12.54322154,19.88247336,1.0
2020-10-26,-0.018764472985322012,-0.00760119935301032,14.82329613,13.42587239,18.66157801,1.0
2020-10-27,-0.003030205350445511,-0.015347600023456958,13.76303325,13.3309511,19.67511314,1.0
2020-10-28,-0.03592554210857772,-0.0490750281204644,14.18884972,13.11690522,21.78247143,1.0
2020-10-29,0.01187652493999744,-0.0424038571839583,17.25292361,14.11591772,19.1454311,1.0
2020-10-30,-0.012203713445259962,-0.05804740894960775,19.88247336,14.69111152,16.83430144,1.0
2020-11-02,0.012242950890591667,-0.027039985073694067,18.66157801,15.08358733,20.16039406,1.0
2020-11-03,0.01764273768407783,-0.0063670420391707255,19.67511314,14.68102871,20.08704121,1.0
2020-11-04,0.021807525655091704,0.0513660257244987,21.78247143,15.53861724,17.10825414,1.0
2020-11-05,0.01927326577670128,0.05876276656120254,19.1454311,15.7332377,17.47000042,1.0
2020-11-06,-0.00028775658537381985,0.07067872342108868,16.83430144,15.90645389,17.12296087,1.0
2020-11-09,0.011631974746344153,0.07006774727684117,20.16039406,17.01690461,10.8647106,0.0
2020-11-10,-0.001400775220867666,0.051024234371895676,20.08704121,17.21940176,9.945195861,0.0
2020-11-11,0.007622728362991461,0.03683943707979543,17.10825414,17.03529235,10.55623137,0.0
2020-11-12,-0.01002865154706935,0.007537519756024801,17.47000042,17.0839938,9.815064884,0.0
2020-11-13,0.013518546706294007,0.021343823047692626,17.12296087,17.02804463,9.132497865,0.0
2020-11-16,0.011580734922832603,0.021292583224181077,10.8647106,16.52625205,10.23428803,0.0
2020-11-17,-0.004803443784647531,0.017889914660401213,9.945195861,16.42351444,10.01718357,0.0
2020-11-18,-0.011631210647481315,-0.0013640243500715639,10.55623137,16.43111301,9.113596376,0.0
2020-11-19,0.003938675690732779,0.012603302887730563,9.815064884,16.32289281,7.769008473,0.0
2020-11-20,-0.006815737372918576,-0.00773098119148202,9.132497865,16.24272728,9.232067739,0.0
2020-11-23,0.005620108181849693,-0.01369160793246493,10.23428803,15.63232685,8.692766844,0.0
2020-11-24,0.016032458814031775,0.007144294666214378,10.01718357,15.73094235,8.121195912,0.0
2020-11-25,-0.0015856747555094064,0.017189830558186285,9.113596376,15.50532232,8.53296409,0.0
2020-11-27,0.0023941110259011363,0.015645265893354642,7.769008473,14.39132931,8.472583964,0.0
2020-11-30,-0.004606140636972006,0.017854862629301214,9.232067739,13.64938722,6.988969668,0.0
2020-12-01,0.011208140661592923,0.023442895109044442,8.692766844,13.27392436,6.600570286,0.0
2020-12-02,0.0017895645286042845,0.00920000082361695,8.121195912,12.92955853,8.30052092,0.0
2020-12-03,-0.0006243520802942291,0.010161323498832128,8.53296409,11.83211198,8.754291803,0.0
2020-12-04,0.00879746371518688,0.016564676188117872,8.472583964,11.55074224,9.656678786,0.0
2020-12-07,-0.001937513438963252,0.019233303386126627,6.988969668,11.29906056,11.26918616,1.0
2020-12-08,0.002783271170170473,0.010808433894704178,6.600570286,9.245462556,11.3269369,1.0
2020-12-09,-0.00798096494847171,0.001037904417628183,8.30052092,9.139247205,10.13121664,0.0
2020-12-10,-0.0012859345277717227,0.00037632197015068894,8.754291803,9.272819971,9.217419394,0.0
2020-12-11,-0.0012657980842328352,-0.009686939829269025,9.656678786,8.968404478,9.710106695,0.0
2020-12-14,-0.0043687882451469585,-0.012118214635452733,11.26918616,9.280003309,11.76268003,1.0
2020-12-15,0.012838482022218645,-0.0020630037834045607,11.3269369,9.383121476,11.55255228,1.0
2020-12-16,0.0017712256203230642,0.007689186785390213,10.13121664,9.190184817,11.53778035,1.0
2020-12-17,0.0057411428089832834,0.014716264122145217,9.217419394,8.908809689,11.5430609,1.0
2020-12-18,-0.003517296952148704,0.012464765254229349,9.710106695,8.939795704,10.36349373,0.0
2020-12-21,-0.003913928486909485,0.012919625012466823,11.76268003,9.992897102,5.953755274,0.0
2020-12-22,-0.0020752446917703606,-0.001994101701522182,11.55255228,9.7582361,5.60651731,0.0
2020-12-23,0.0007455332718186887,-0.0030197940500265572,11.53778035,9.625673959,5.950816894,0.0
